/*
SQLyog Ultimate v12.09 (64 bit)
MySQL - 5.6.25-enterprise-commercial-advanced : Database - bill_manage
*********************************************************************
*/

/*!40101 SET NAMES utf8 */;

/*!40101 SET SQL_MODE=''*/;

/*!40014 SET @OLD_UNIQUE_CHECKS=@@UNIQUE_CHECKS, UNIQUE_CHECKS=0 */;
/*!40014 SET @OLD_FOREIGN_KEY_CHECKS=@@FOREIGN_KEY_CHECKS, FOREIGN_KEY_CHECKS=0 */;
/*!40101 SET @OLD_SQL_MODE=@@SQL_MODE, SQL_MODE='NO_AUTO_VALUE_ON_ZERO' */;
/*!40111 SET @OLD_SQL_NOTES=@@SQL_NOTES, SQL_NOTES=0 */;
CREATE DATABASE /*!32312 IF NOT EXISTS*/`bill_manage` /*!40100 DEFAULT CHARACTER SET utf8 */;

USE `bill_manage`;

/*Table structure for table `GL_BOOK` */

DROP TABLE IF EXISTS `GL_BOOK`;

CREATE TABLE `GL_BOOK` (
  `id` bigint(20) NOT NULL COMMENT '主键',
  `code` varchar(30) DEFAULT NULL COMMENT '书籍CODE',
  `name` varchar(255) NOT NULL COMMENT '书籍ID',
  `status` tinyint(4) NOT NULL COMMENT '状态,1:可用,2:不可用',
  PRIMARY KEY (`id`)
) ENGINE=InnoDB DEFAULT CHARSET=utf8mb4 COMMENT='书籍';

/*Data for the table `GL_BOOK` */

insert  into `GL_BOOK`(`id`,`code`,`name`,`status`) values (487940631977525248,'1','高一第一册',1),(488338629018517504,'1','海淀教材',1),(488338731086905344,'1','海淀1',1),(488900723078070272,'1','高一第二册',1),(488987185081483264,'1','fasdf',1),(501302691411001344,'1','人教',1),(501302808113315840,'1','沪教',1),(504525341847453696,'1','鲁',1),(505546584612667392,'1','必修1',1),(586422822474088448,'1','语文',1),(586433461468790784,'1','高二上册',1),(586433492313702400,'1','高二下册',1),(586433532310585344,'1','高三全一册',1),(587508514042150912,'1','高中一年级',1),(588543864415977472,'1','大大',1),(588544054510223360,'1','短发短发',1),(588549883321909248,'1','高一上册',1),(588549925617270784,'1','高一下册',1),(592621707282350080,'1','音乐',1),(593710513725112320,'1','数学必修3',1),(600151624014364672,'1','test1',1),(601666293115912192,'1','test1',1),(601666324757741568,'1','test2',1);

/*Table structure for table `GL_BOOK_TAG` */

DROP TABLE IF EXISTS `GL_BOOK_TAG`;

CREATE TABLE `GL_BOOK_TAG` (
  `id` bigint(20) NOT NULL COMMENT '主键',
  `bookId` bigint(20) DEFAULT NULL COMMENT '书籍Id',
  `tagId` bigint(20) DEFAULT NULL COMMENT '标签ID',
  `type` tinyint(4) DEFAULT NULL COMMENT '标签类型1:学段,2:年级，3:学科',
  PRIMARY KEY (`id`)
) ENGINE=InnoDB DEFAULT CHARSET=utf8mb4 COMMENT='书籍TAG';

/*Data for the table `GL_BOOK_TAG` */

insert  into `GL_BOOK_TAG`(`id`,`bookId`,`tagId`,`type`) values (487940631985913856,487940631977525248,51,1),(487940631990108160,487940631977525248,3,2),(487940631994302464,487940631977525248,25,3),(488338629026906112,488338629018517504,51,1),(488338629031100416,488338629018517504,0,2),(488338629035294720,488338629018517504,487942672326066176,3),(488338731095293952,488338731086905344,51,1),(488338731099488256,488338731086905344,1,2),(488338731103682560,488338731086905344,487942672326066176,3),(488900723086458880,488900723078070272,51,1),(488900723090653184,488900723078070272,3,2),(488900723094847488,488900723078070272,25,3),(488987185094066176,488987185081483264,52,1),(488987185098260480,488987185081483264,1,2),(488987185102454784,488987185081483264,488865811558039552,3),(501302691415195648,501302691411001344,52,1),(501302691419389952,501302691411001344,0,2),(501302691419389953,501302691411001344,21,3),(501302808117510144,501302808113315840,52,1),(501302808117510145,501302808113315840,0,2),(501302808130093056,501302808113315840,21,3),(504525341855842304,504525341847453696,52,1),(504525341855842305,504525341847453696,0,2),(504525341864230912,504525341847453696,21,3),(505546584616861696,505546584612667392,51,1),(505546584621056000,505546584612667392,3,2),(505546584637833216,505546584612667392,23,3),(586422822482477056,586422822474088448,53,1),(586422822482477057,586422822474088448,0,2),(586422822486671360,586422822474088448,22,3),(586433461472985088,586433461468790784,51,1),(586433461481373696,586433461468790784,4,2),(586433461481373697,586433461468790784,22,3),(586433492322091008,586433492313702400,51,1),(586433492389199872,586433492313702400,4,2),(586433492389199873,586433492313702400,22,3),(586433532314779648,586433532310585344,51,1),(586433532318973952,586433532310585344,5,2),(586433532323168256,586433532310585344,22,3),(586437194223190016,586437194218995712,51,1),(586437194223190017,586437194218995712,3,2),(586437194227384320,586437194218995712,24,3),(586437240691884032,586437240687689728,51,1),(586437240696078336,586437240687689728,3,2),(586437240696078337,586437240687689728,24,3),(586437276167307265,586437276167307264,51,1),(586437276171501568,586437276167307264,4,2),(586437276175695872,586437276167307264,24,3),(586437310615126016,586437310610931712,51,1),(586437310631903232,586437310610931712,4,2),(586437310636097536,586437310610931712,24,3),(587508514050539520,587508514042150912,51,1),(587508514054733824,587508514042150912,3,2),(587508514054733825,587508514042150912,21,3),(588543864424366080,588543864415977472,51,1),(588543864424366081,588543864415977472,0,2),(588543864428560384,588543864415977472,21,3),(588544054514417664,588544054510223360,51,1),(588544054514417665,588544054510223360,1,2),(588544054518611968,588544054510223360,21,3),(588549883330297856,588549883321909248,51,1),(588549883334492160,588549883321909248,3,2),(588549883334492161,588549883321909248,22,3),(588549925621465088,588549925617270784,51,1),(588549925625659392,588549925617270784,3,2),(588549925629853696,588549925617270784,22,3),(592621707290738688,592621707282350080,53,1),(592621707294932992,592621707282350080,9,2),(592621707294932993,592621707282350080,21,3),(593710513729306624,593710513725112320,51,1),(593710513733500928,593710513725112320,3,2),(593710513737695232,593710513725112320,21,3),(600151624018558976,600151624014364672,51,1),(600151624022753280,600151624014364672,7,2),(600151624026947584,600151624014364672,21,3),(601666293124300800,601666293115912192,51,1),(601666293128495104,601666293115912192,3,2),(601666293128495105,601666293115912192,21,3),(601666324766130176,601666324757741568,51,1),(601666324770324480,601666324757741568,4,2),(601666324770324481,601666324757741568,21,3);

/*Table structure for table `GL_DICT` */

DROP TABLE IF EXISTS `GL_DICT`;

CREATE TABLE `GL_DICT` (
  `id` bigint(20) NOT NULL COMMENT '主键',
  `name` varchar(100) NOT NULL COMMENT '名称',
  `type` tinyint(2) NOT NULL COMMENT '类型,1:职务, 2:政治面貌',
  PRIMARY KEY (`id`)
) ENGINE=InnoDB DEFAULT CHARSET=utf8mb4 COMMENT='字典表';

/*Data for the table `GL_DICT` */

insert  into `GL_DICT`(`id`,`name`,`type`) values (1,'教师',1),(2,'班主任',1),(3,'校长',1),(4,'群主',2),(5,'团员',2),(6,'党员',2);

/*Table structure for table `GL_FILE_MD5` */

DROP TABLE IF EXISTS `GL_FILE_MD5`;

CREATE TABLE `GL_FILE_MD5` (
  `md5` varchar(32) NOT NULL COMMENT '文件md5值',
  `type` int(11) NOT NULL COMMENT '文件类型 0、图片 1、视频 3、未知文件',
  `sourceUrl` varchar(200) NOT NULL COMMENT '文件地址',
  `convertUrl` varchar(200) DEFAULT NULL COMMENT '转换后视频地址',
  `duration` bigint(20) DEFAULT NULL COMMENT '视频时长',
  `crTime` datetime NOT NULL COMMENT '创建时间',
  PRIMARY KEY (`md5`)
) ENGINE=InnoDB DEFAULT CHARSET=utf8 COMMENT='文件md5值资源表';

/*Data for the table `GL_FILE_MD5` */

/*Table structure for table `GL_GRADE` */

DROP TABLE IF EXISTS `GL_GRADE`;

CREATE TABLE `GL_GRADE` (
  `id` bigint(20) NOT NULL COMMENT '主键',
  `name` varchar(255) NOT NULL COMMENT '名称',
  `phaseId` bigint(20) NOT NULL COMMENT '所属学段',
  `status` tinyint(4) DEFAULT NULL COMMENT '状态,1:启用,2:删除',
  `crTime` datetime DEFAULT NULL COMMENT '创建时间',
  `crUserId` bigint(20) DEFAULT NULL COMMENT '创建人',
  PRIMARY KEY (`id`)
) ENGINE=InnoDB DEFAULT CHARSET=utf8mb4 COMMENT='年级表';

/*Data for the table `GL_GRADE` */

insert  into `GL_GRADE`(`id`,`name`,`phaseId`,`status`,`crTime`,`crUserId`) values (0,'初一',52,1,'2016-06-17 17:53:51',1),(1,'初二',52,1,'2016-06-21 10:45:24',1),(2,'初三',52,1,'2016-06-21 10:44:44',1),(3,'高一',51,1,'2016-09-27 11:04:09',1),(4,'高二',51,1,'2016-09-27 11:03:18',1),(5,'高三',51,1,'2016-09-27 11:04:05',1),(6,'一年级',53,1,'2016-09-27 11:05:52',1),(7,'二年级',53,1,'2016-09-27 11:05:54',1),(8,'三年级',53,1,'2016-09-27 11:05:57',1),(9,'四年级',53,1,'2016-09-27 11:06:00',1),(10,'五年级',53,1,'2016-09-27 11:06:03',1),(11,'六年级',53,1,'2016-09-27 11:06:05',1);

/*Table structure for table `GL_GRADE_SUBJECT` */

DROP TABLE IF EXISTS `GL_GRADE_SUBJECT`;

CREATE TABLE `GL_GRADE_SUBJECT` (
  `ID` bigint(20) NOT NULL COMMENT 'ID',
  `gradeId` bigint(20) DEFAULT NULL COMMENT '年级ID',
  `subjectId` bigint(20) DEFAULT NULL COMMENT '学科ID',
  `schoolId` bigint(20) DEFAULT NULL COMMENT '学校ID',
  PRIMARY KEY (`ID`)
) ENGINE=InnoDB DEFAULT CHARSET=utf8mb4 COMMENT='年级配课表';

/*Data for the table `GL_GRADE_SUBJECT` */

insert  into `GL_GRADE_SUBJECT`(`ID`,`gradeId`,`subjectId`,`schoolId`) values (474762176565870592,0,21,0),(474762241799880704,3,21,0),(474762286892843008,4,21,0),(474762330358415360,5,21,0),(474762374125977600,6,21,0),(474762394065698816,7,21,0),(474762414865252352,8,21,0),(474762436570775552,9,21,0),(474762453956165632,10,21,0),(474762473048637440,11,21,0),(474762497040056320,1,21,0),(474762544364388352,2,21,0),(487817752254349312,0,1,6),(487940258973876224,6,22,0),(487940268499140608,7,22,0),(487940276585758720,8,22,0),(487940285242802176,9,22,0),(487940292490559488,10,22,0),(487940300174524416,11,22,0),(487945171195920384,0,24,1),(487945190389055488,0,25,1),(487945199452946432,0,26,1),(489613714262065152,2,22,0),(489627759044198400,0,22,0),(489707464095170560,1,22,0),(489718573397180416,3,22,0),(490020892756148224,3,23,0),(491085410454208512,1,23,0),(586435751445528576,4,22,0),(586435777001422848,5,22,0),(586437474583052288,4,23,0),(586438350898987008,1,586438248503443456,1),(587148485745180672,3,27,1),(591797890683240448,11,504524068335124480,0),(592620816777084928,0,589707066478690304,0),(592620846736998400,3,589707066478690304,0),(592620905658580992,5,23,0),(592620934007881728,5,26,0),(593709887360335872,2,504524068335124480,0),(601577152927760384,2,23,0);

/*Table structure for table `GL_KLASS` */

DROP TABLE IF EXISTS `GL_KLASS`;

CREATE TABLE `GL_KLASS` (
  `id` bigint(20) NOT NULL COMMENT '主键',
  `name` varchar(255) NOT NULL COMMENT '名称',
  `gradeId` bigint(20) DEFAULT NULL COMMENT '所属年级',
  `year` int(11) DEFAULT NULL COMMENT '学年',
  `status` tinyint(4) DEFAULT NULL COMMENT '状态,1:启用,2:删除',
  `schoolId` bigint(20) DEFAULT NULL COMMENT '所属学校',
  `crTime` datetime DEFAULT NULL COMMENT '创建时间',
  `crUserId` bigint(20) DEFAULT NULL COMMENT '创建人',
  PRIMARY KEY (`id`)
) ENGINE=InnoDB DEFAULT CHARSET=utf8mb4 COMMENT='班级表';

/*Data for the table `GL_KLASS` */

insert  into `GL_KLASS`(`id`,`name`,`gradeId`,`year`,`status`,`schoolId`,`crTime`,`crUserId`) values (4,'高一(1)班',3,3,1,1,NULL,1),(5,'高一(2)班',3,3,1,1,NULL,1),(6,'高二(1)班',2,3,1,1,NULL,1);

/*Table structure for table `GL_KLASS_STUDENT` */

DROP TABLE IF EXISTS `GL_KLASS_STUDENT`;

CREATE TABLE `GL_KLASS_STUDENT` (
  `ID` bigint(20) NOT NULL COMMENT 'ID',
  `klassId` bigint(20) DEFAULT NULL COMMENT '班级ID',
  `studentId` bigint(20) DEFAULT NULL COMMENT '学生ID',
  PRIMARY KEY (`ID`)
) ENGINE=InnoDB DEFAULT CHARSET=utf8mb4 COMMENT='班级人员表';

/*Data for the table `GL_KLASS_STUDENT` */

insert  into `GL_KLASS_STUDENT`(`ID`,`klassId`,`studentId`) values (1,4,11),(2,4,12),(3,4,13),(4,4,14),(5,4,15),(6,5,16),(7,5,17),(8,5,18),(9,5,19),(10,5,20),(11,5,21);

/*Table structure for table `GL_KLASS_TEACHER` */

DROP TABLE IF EXISTS `GL_KLASS_TEACHER`;

CREATE TABLE `GL_KLASS_TEACHER` (
  `id` bigint(20) NOT NULL COMMENT 'ID',
  `klassId` bigint(20) NOT NULL COMMENT '班级ID',
  `teacherId` bigint(20) NOT NULL COMMENT '教师id',
  `subjectId` bigint(20) DEFAULT NULL COMMENT '学科id',
  `type` tinyint(4) NOT NULL COMMENT '类型',
  PRIMARY KEY (`id`)
) ENGINE=InnoDB DEFAULT CHARSET=utf8mb4 COMMENT='班级教师';

/*Data for the table `GL_KLASS_TEACHER` */

insert  into `GL_KLASS_TEACHER`(`id`,`klassId`,`teacherId`,`subjectId`,`type`) values (1,4,5,21,1),(3,4,6,22,1),(4,5,6,22,1),(5,4,7,23,1),(6,5,7,23,1),(7,4,8,24,1),(8,5,8,24,1),(9,4,9,25,1),(10,5,9,25,1),(12,5,6,NULL,2);

/*Table structure for table `GL_KNOWLEDGE` */

DROP TABLE IF EXISTS `GL_KNOWLEDGE`;

CREATE TABLE `GL_KNOWLEDGE` (
  `id` bigint(20) NOT NULL DEFAULT '0' COMMENT '本表主键',
  `name` varchar(50) NOT NULL DEFAULT '' COMMENT '标签名称',
  `type` tinyint(4) NOT NULL DEFAULT '0' COMMENT '标签类型，见相关枚举类',
  `orderNum` smallint(10) NOT NULL DEFAULT '0' COMMENT '标签显示顺序',
  `k1` bigint(20) NOT NULL DEFAULT '0' COMMENT '查询条件之一',
  `k2` bigint(20) NOT NULL DEFAULT '0' COMMENT '查询条件之二',
  `parentId` bigint(20) NOT NULL DEFAULT '0' COMMENT '父ID',
  `category` tinyint(4) NOT NULL DEFAULT '0' COMMENT '标记此标签是用户自定义还是系统录入，参见枚举类',
  PRIMARY KEY (`id`),
  KEY `idx_k1_k2` (`k1`,`k2`) USING BTREE,
  KEY `idx_parentId` (`parentId`) USING BTREE,
  KEY `idx_type` (`type`) USING BTREE
) ENGINE=InnoDB DEFAULT CHARSET=utf8 ROW_FORMAT=COMPACT COMMENT='知识点表';

/*Data for the table `GL_KNOWLEDGE` */

insert  into `GL_KNOWLEDGE`(`id`,`name`,`type`,`orderNum`,`k1`,`k2`,`parentId`,`category`) values (601,'行程问题',17,0,53,22,0,2),(602,'几何问题',17,0,53,22,0,2),(603,'计数问题',17,0,53,22,0,2),(604,'计算问题',17,0,53,22,0,2),(605,'数字谜问题',17,0,53,22,0,2),(606,'应用问题',17,0,53,22,0,2),(607,'杂题问题',17,0,53,22,0,2),(608,'数论问题',17,0,53,22,0,2),(609,'测试问题',17,0,53,22,0,2),(610,'跟Nina学音标',17,0,53,23,0,2),(611,'PET考试',17,0,53,23,0,2),(612,'自然拼音',17,0,53,23,0,2),(613,'应用题问题',17,0,53,22,0,2),(614,'北师大版',17,0,53,21,0,2),(615,'人教版',17,0,53,21,0,2),(616,'苏教版',17,0,53,21,0,2),(617,'语文S版',14,0,53,21,0,2),(852,'身边的化学物质',14,3,52,25,0,2),(853,'化学与社会发展',14,4,52,25,0,2),(854,'物质构成的奥秘',14,1,52,25,0,2),(855,'化学基本实验与科学探究',14,5,52,25,0,2),(856,'化学计算',14,6,52,25,0,2),(857,'物质的化学变化',14,2,52,25,0,2),(858,'质量守恒定律',15,3,0,0,857,2),(859,'常见的化学合成材料',15,2,0,0,853,2),(860,'化学变化的基本特征',15,1,0,0,857,2),(861,'有关化学式的计算',15,1,0,0,856,2),(862,'保护好我们的环境',15,4,0,0,853,2),(863,'水和溶液',15,2,0,0,852,2),(864,'微粒构成物质',15,2,0,0,854,2),(865,'空气',15,1,0,0,852,2),(866,'化学物质的多样性',15,1,0,0,854,2),(867,'认识几种化学反应',15,2,0,0,857,2),(868,'物质组成的表示',15,4,0,0,854,2),(869,'有关化学方程式的计算',15,2,0,0,856,2),(870,'生活中的常见化合物',15,4,0,0,852,2),(871,'基本实验',15,2,0,0,855,2),(872,'仪器的使用和基本操作',15,1,0,0,855,2),(873,'认识化学元素',15,3,0,0,854,2),(874,'金属与金属矿物',15,3,0,0,852,2),(875,'科学探究',15,3,0,0,855,2),(876,'化学物质与健康',15,3,0,0,853,2),(877,'化学与能源、资源利用',15,1,0,0,853,2),(878,'有关溶质质量分数的计算',15,3,0,0,856,2),(879,'一氧化碳还原铁矿石（主要成分氧化铁）',16,5,0,0,874,2),(880,'验证分子的性质',16,4,0,0,871,2),(881,'人体的元素组成与元素对人体健康的重要作用',16,1,0,0,876,2),(882,'海洋中的资源',16,13,0,0,877,2),(883,'物质的三态及其转化',16,2,0,0,866,2),(884,'废弃金属对环境的污染',16,9,0,0,874,2),(885,'常用仪器的识别与选择',16,1,0,0,872,2),(886,'应用氧气的性质解释一些常见现象',16,5,0,0,865,2),(887,'饱和溶液和不饱和溶液的概念及相互转化',16,12,0,0,863,2),(888,'还原反应',16,8,0,0,867,2),(889,'氧气的制取、收集和检验',16,7,0,0,871,2),(890,'仪器的装配或连接及气密性检查',16,5,0,0,872,2),(891,'碳单质的性质及用途',16,5,0,0,873,2),(892,'原子、离子结构示意图',16,7,0,0,864,2),(893,'质量守恒定律的实验探究',16,6,0,0,875,2),(894,'化学实验方案设计与评价',16,16,0,0,875,2),(895,'单质和化合物的概念、判别',16,5,0,0,866,2),(896,'氧气的性质、用途及工业制法',16,4,0,0,865,2),(897,'溶液的概念、组成及其特点',16,7,0,0,863,2),(898,'合成橡胶、合成纤维及其应用',16,2,0,0,859,2),(899,'溶液、溶质和溶剂的相互关系与判断',16,8,0,0,863,2),(900,'测定空气里氧气含量的探究',16,3,0,0,875,2),(901,'化学符号及其周围数字的意义',16,5,0,0,868,2),(902,'给试管里的固液体加热',16,4,0,0,872,2),(903,'地壳中元素的分布与含量',16,2,0,0,873,2),(904,'物质或离子的共存问题',16,13,0,0,871,2),(905,'碳酸钠、碳酸氢钠的性质和用途',16,12,0,0,870,2),(906,'氧化物、酸、碱和盐的概念、判别',16,6,0,0,866,2),(907,'原子的定义与构成',16,3,0,0,864,2),(908,'臭氧空洞和臭氧层保护',16,5,0,0,862,2),(909,'水的性质和应用',16,2,0,0,863,2),(910,'几种常见的与化学有关的图标',16,7,0,0,877,2),(911,'酸碱指示剂',16,1,0,0,870,2),(912,'对海洋资源的合理开发与利用',16,15,0,0,877,2),(913,'有关溶质质量分数的简单计算',16,1,0,0,878,2),(914,'物质的鉴别、推断、相互转化和制备',16,12,0,0,871,2),(915,'过滤、蒸发、蒸馏、结晶的原理、方法及其应用',16,9,0,0,871,2),(916,'化学方程式的书写',16,3,0,0,858,2),(917,'常用燃料的使用与其对环境的影响',16,3,0,0,877,2),(918,'水的净化',16,5,0,0,863,2),(919,'有关反应物、生成物质量的计算',16,1,0,0,869,2),(920,'空气中氧气体积分数的测定',16,2,0,0,865,2),(921,'科学探究的基本方法、基本环节',16,2,0,0,875,2),(922,'铁锈、金属锈蚀的条件及防护',16,7,0,0,874,2),(923,'置换反应及其应用',16,3,0,0,867,2),(924,'探究金属铜的冶炼原理',16,4,0,0,874,2),(925,'溶液的酸碱性测定',16,8,0,0,870,2),(926,'化学方程式的概念、读法和含义',16,2,0,0,858,2),(927,'均衡营养与健康',16,4,0,0,876,2),(928,'反应现象和本质的联系',16,4,0,0,860,2),(929,'自然界中的氧循环',16,6,0,0,865,2),(930,'棉纤维、羊毛纤维和合成纤维的鉴别',16,4,0,0,859,2),(931,'硬水与软水',16,4,0,0,863,2),(932,'燃烧与燃烧的条件',16,1,0,0,877,2),(933,'粗盐提纯',16,11,0,0,870,2),(934,'物质发生化学变化时的能量变化',16,3,0,0,860,2),(935,'原子中质子数、核电荷数、中子数与核外电子数的关系',16,8,0,0,864,2),(936,'易燃物和易爆物安全知识',16,8,0,0,877,2),(937,'盐的通性',16,15,0,0,870,2),(938,'金属的性质及用途',16,1,0,0,874,2),(939,'元素周期表的结构及其应用',16,4,0,0,873,2),(940,'同素异形体',16,6,0,0,873,2),(941,'应用二氧化碳的性质解释一些常见现象',16,9,0,0,865,2),(942,'元素的概念、分类、名称、符号及其意义',16,1,0,0,873,2),(943,'验证质量守恒定律',16,5,0,0,871,2),(944,'影响溶解快慢的因素及溶解过程中的吸放热现象',16,9,0,0,863,2),(945,'元素的化合价与化学式的相互推求',16,4,0,0,868,2),(946,'溶质的质量分数',16,19,0,0,863,2),(947,'金属活动性的探究',16,8,0,0,875,2),(948,'微粒观点及模型图的应用',16,10,0,0,864,2),(949,'药品是否变质的探究',16,11,0,0,875,2),(950,'影响化学反应速率的因素探究',16,5,0,0,875,2),(951,'化合物中某元素的质量计算',16,3,0,0,861,2),(952,'氢气的制取、收集和检验',16,8,0,0,871,2),(953,'酸碱盐的溶解性',16,17,0,0,870,2),(954,'燃烧的条件与灭火原理探究',16,7,0,0,875,2),(955,'空气的成分及各成分的体积分数',16,1,0,0,865,2),(956,'缺失标签的药品成分的探究',16,12,0,0,875,2),(957,'资源综合利用和新能源开发',16,11,0,0,877,2),(958,'氧化反应',16,7,0,0,867,2),(959,'根据浓硫酸或烧碱的性质确定所能干燥的气体',16,14,0,0,871,2),(960,'有机物与无机物的区别',16,7,0,0,866,2),(961,'酸碱性对生命活动和农作物生长的影响',16,9,0,0,870,2),(962,'化学变化、物理变化的基本特征与区别',16,1,0,0,860,2),(963,'分子的定义与分子的特性',16,1,0,0,864,2),(964,'防火灭火、防范爆炸的措施',16,6,0,0,877,2),(965,'猜想与事实验证',16,1,0,0,875,2),(966,'溶液的导电性及其原理',16,4,0,0,870,2),(967,'吸入空气与呼出气体的比较',16,2,0,0,871,2),(968,'蜡烛燃烧',16,1,0,0,871,2),(969,'元素的质量分数计算',16,2,0,0,861,2),(970,'探究酸碱的主要性质',16,10,0,0,875,2),(971,'合理使用化肥、农药对保护环境的重要意义',16,6,0,0,862,2),(972,'常见酸的性质、特性及用途',16,2,0,0,870,2),(973,'浓硫酸的性质及浓硫酸的稀释',16,8,0,0,872,2),(974,'灭火的原理和方法、几种常用的灭火器',16,4,0,0,877,2),(975,'制取气体的反应原理及装置的探究',16,4,0,0,875,2),(976,'探究金属锈蚀的条件',16,9,0,0,875,2),(977,'固液药品的取用',16,3,0,0,872,2),(978,'燃烧、爆炸、缓慢氧化与自燃之间的联系',16,5,0,0,877,2),(979,'\"三废\"危害及治理方法',16,1,0,0,862,2),(980,'实验探究物质的性质、变化及组成成分',16,14,0,0,875,2),(981,'复分解反应及其应用',16,4,0,0,867,2),(982,'分解反应及其应用',16,2,0,0,867,2),(983,'晶体和结晶的概念与现象',16,17,0,0,863,2),(984,'海水晒盐的原理和过程',16,14,0,0,877,2),(985,'催化剂的概念及作用',16,6,0,0,860,2),(986,'悬浊液、乳浊液的概念及其与溶液的区别',16,10,0,0,863,2),(987,'亚硝酸钠、甲醛等化学品的性质与人体健康',16,3,0,0,876,2),(988,'常见酸碱盐的质量或性质变化及贮存法',16,18,0,0,870,2),(989,'生活污水和工业废液的危害',16,3,0,0,862,2),(990,'合成材料的使用及其对人和环境的影响',16,3,0,0,859,2),(991,'二氧化碳的性质及用途',16,8,0,0,865,2),(992,'合金的性质及应用',16,2,0,0,874,2),(993,'通过电解水实验认识水的组成',16,1,0,0,863,2),(994,'一定溶质质量分数的溶液的配制',16,17,0,0,871,2),(995,'相对原子质量、相对分子质量的概念及其计算方法',16,7,0,0,868,2),(996,'氯化钠的性质及其用途',16,10,0,0,870,2),(997,'物质的多样性及其原因',16,1,0,0,866,2),(998,'化学反应的实质',16,5,0,0,860,2),(999,'标签上标示的物质成分及其含量',16,6,0,0,861,2),(1000,'元素在化学变化过程中的特点',16,3,0,0,873,2),(1001,'物质组成的综合计算',16,5,0,0,861,2),(1002,'乳化现象与乳化作用',16,11,0,0,863,2),(1003,'化合反应及其应用',16,1,0,0,867,2),(1004,'金属活动性顺序与金属间的置换反应相互推断',16,3,0,0,874,2),(1005,'鉴定H+、Cl-、SO42-、CO32-、NH4+',16,11,0,0,871,2),(1006,'纯碱的制取',16,13,0,0,870,2),(1007,'核外电子的排布',16,4,0,0,864,2),(1008,'氢气的性质',16,3,0,0,863,2),(1009,'固体溶解度曲线及应用',16,15,0,0,863,2),(1010,'化学性质与物理性质的区别及应用',16,2,0,0,860,2),(1011,'碳、一氧化碳、氢气还原氧化铜实验',16,6,0,0,874,2),(1012,'溶质的质量分数、溶解性和溶解度的关系',16,21,0,0,863,2),(1013,'有关含一定量杂质的反应物、生成物质量的计算',16,2,0,0,869,2),(1014,'溶液稀释的方法',16,20,0,0,863,2),(1015,'氢气的用途和氢能的优缺点',16,12,0,0,877,2),(1016,'酸碱溶液的稀释',16,6,0,0,870,2),(1017,'化学在环境监测与环境保护中的重要作用',16,7,0,0,862,2),(1018,'分子和原子的区别和联系',16,2,0,0,864,2),(1019,'构成物质的微粒—分子、原子、离子',16,9,0,0,864,2),(1020,'复分解反应的条件与实质',16,5,0,0,867,2),(1021,'过滤、蒸发与蒸馏',16,6,0,0,872,2),(1022,'水资源状况、污染与防治',16,6,0,0,863,2),(1023,'气体溶解度的影响因素',16,16,0,0,863,2),(1024,'溶液的酸碱度测定',16,10,0,0,871,2),(1025,'验证物质燃烧的条件',16,16,0,0,871,2),(1026,'反应类型的判定',16,6,0,0,867,2),(1027,'实验步骤与实验误差分析的探究',16,15,0,0,875,2),(1028,'常见元素与常见原子团的化合价',16,3,0,0,868,2),(1029,'碳酸钙、生石灰、熟石灰之间的转化',16,11,0,0,874,2),(1030,'元素质量比的计算',16,1,0,0,861,2),(1031,'碳酸钙的性质及其用途',16,14,0,0,870,2),(1032,'化学式的书写及意义',16,1,0,0,868,2),(1033,'酸碱中和反应及其应用',16,5,0,0,870,2),(1034,'富营养化污染与含磷洗衣粉的禁用',16,4,0,0,862,2),(1035,'塑料的应用、回收、再生与降解',16,1,0,0,859,2),(1036,'甲烷、乙醇的性质和用途',16,10,0,0,877,2),(1037,'溶液的酸碱性与pH值的关系',16,7,0,0,870,2),(1038,'物质除杂或净化的探究',16,13,0,0,875,2),(1039,'化合价与离子表示方法上的异同点',16,6,0,0,868,2),(1040,'常见碱的性质、特性和用途',16,3,0,0,870,2),(1041,'玻璃仪器的洗涤',16,2,0,0,872,2),(1042,'物质的溶解',16,7,0,0,872,2),(1043,'化合价的概念、规律及其原则',16,2,0,0,868,2),(1044,'利用分子与原子的性质分析和解决问题',16,11,0,0,864,2),(1045,'氮气、稀有气体的性质和用途',16,7,0,0,865,2),(1046,'常见化肥的种类、作用及简易鉴别',16,16,0,0,870,2),(1047,'酸雨的产生、危害及防治',16,2,0,0,862,2),(1048,'质量守恒定律的内容、宏观、微观解释及应用',16,1,0,0,858,2),(1049,'混合物中某元素的质量计算',16,4,0,0,861,2),(1050,'常见的意外事故的处理方法',16,9,0,0,872,2),(1051,'浓、稀溶液跟饱和、不饱和溶液的关系',16,13,0,0,863,2),(1052,'木炭、硫、铁、磷在氧气中的燃烧',16,3,0,0,871,2),(1053,'常见化学反应中的质量关系',16,4,0,0,858,2),(1054,'物质的简单分类',16,3,0,0,866,2),(1055,'生石灰的性质与用途',16,10,0,0,874,2),(1056,'纯净物和混合物的概念、判别',16,4,0,0,866,2),(1057,'二氧化碳的性质、制取、收集和检验',16,6,0,0,871,2),(1058,'完全燃烧与不完全燃烧',16,2,0,0,877,2),(1059,'原子和离子的相互转化',16,6,0,0,864,2),(1060,'物质的溶解性及影响溶解性的因素',16,18,0,0,863,2),(1061,'化石燃料及其综合利用',16,9,0,0,877,2),(1062,'最外层电子数与元素化学性质的关系',16,5,0,0,864,2),(1063,'金属资源的保护、回收利用及重要性',16,8,0,0,874,2),(1064,'醋酸的含量测定',16,15,0,0,871,2),(1065,'固体溶解度的概念及影响因素',16,14,0,0,863,2),(1066,'生命活动与六大营养素',16,2,0,0,876,2),(1067,'空气的污染及防治',16,3,0,0,865,2),(1068,'书面表达',14,7,52,23,0,2),(1069,'情景交际',14,5,52,23,0,2),(1070,'完形填空',14,4,52,23,0,2),(1071,'听力',14,1,52,23,0,2),(1072,'阅读理解',14,6,52,23,0,2),(1073,'词汇',14,2,52,23,0,2),(1074,'语法',14,3,52,23,0,2),(1075,'阅读体裁',15,1,0,0,1072,2),(1076,'介词',15,4,0,0,1074,2),(1077,'并列复合句',15,18,0,0,1074,2),(1078,'词组',15,3,0,0,1073,2),(1079,'代词',15,2,0,0,1074,2),(1080,'写作题型',15,3,0,0,1068,2),(1081,'形容词',15,6,0,0,1074,2),(1082,'简单句',15,16,0,0,1074,2),(1083,'完成句子',15,1,0,0,1068,2),(1084,'单词',15,2,0,0,1073,2),(1085,'日常用语、谚语',15,1,0,0,1069,2),(1086,'主谓一致',15,14,0,0,1074,2),(1087,'主从复合句',15,19,0,0,1074,2),(1088,'句子类型',15,12,0,0,1074,2),(1089,'阅读短文还原句子',15,3,0,0,1072,2),(1090,'阅读题材',15,2,0,0,1072,2),(1091,'副词',15,7,0,0,1074,2),(1092,'完形填空',15,1,0,0,1070,2),(1093,'名词',15,1,0,0,1074,2),(1094,'语音',15,1,0,0,1073,2),(1095,'阅读短文回答问题',15,4,0,0,1072,2),(1096,'被动语态',15,11,0,0,1074,2),(1097,'数词',15,3,0,0,1074,2),(1098,'时态',15,10,0,0,1074,2),(1099,'情景交际',15,2,0,0,1069,2),(1100,'there be 句型',15,17,0,0,1074,2),(1101,'间接引语',15,20,0,0,1074,2),(1102,'听力',15,1,0,0,1071,2),(1103,'连词',15,5,0,0,1074,2),(1104,'动词',15,9,0,0,1074,2),(1105,'句子成分',15,13,0,0,1074,2),(1106,'it 的用法',15,15,0,0,1074,2),(1107,'构词法',15,4,0,0,1073,2),(1108,'写作文体',15,2,0,0,1068,2),(1109,'冠词',15,8,0,0,1074,2),(1110,'专有名词',16,3,0,0,1093,2),(1111,'一般现在时',16,1,0,0,1098,2),(1112,'补语',16,7,0,0,1105,2),(1113,'人称代词',16,1,0,0,1079,2),(1114,'历史文化类阅读',16,8,0,0,1090,2),(1115,'过去进行时',16,5,0,0,1098,2),(1116,'过去完成时',16,8,0,0,1098,2),(1117,'介词和介词短语',16,1,0,0,1076,2),(1118,'日常生活类阅读',16,9,0,0,1090,2),(1119,'定语从句',16,3,0,0,1087,2),(1120,'谓语',16,2,0,0,1105,2),(1121,'物主代词',16,2,0,0,1079,2),(1122,'定冠词',16,1,0,0,1109,2),(1123,'名词',16,5,0,0,1093,2),(1124,'程度副词',16,6,0,0,1091,2),(1125,'时间副词',16,3,0,0,1091,2),(1126,'疑问副词',16,7,0,0,1091,2),(1127,'感叹句',16,4,0,0,1088,2),(1128,'状语',16,6,0,0,1105,2),(1129,'一般过去时',16,2,0,0,1098,2),(1130,'形容词',16,3,0,0,1081,2),(1131,'可数名词及其单、复数',16,1,0,0,1093,2),(1132,'关系副词',16,10,0,0,1091,2),(1133,'社会现象类阅读',16,6,0,0,1090,2),(1134,'指示代词',16,5,0,0,1079,2),(1135,'零冠词',16,2,0,0,1109,2),(1136,'动词不定式',16,7,0,0,1104,2),(1137,'议论文',16,3,0,0,1075,2),(1138,'定语',16,5,0,0,1105,2),(1139,'一般将来时',16,3,0,0,1098,2),(1140,'不定代词',16,7,0,0,1079,2),(1141,'动词的基本形式',16,1,0,0,1104,2),(1142,'地点副词',16,4,0,0,1091,2),(1143,'人物传记类阅读',16,1,0,0,1090,2),(1144,'反身代词',16,3,0,0,1079,2),(1145,'宾语从句',16,2,0,0,1087,2),(1146,'过去将来时',16,6,0,0,1098,2),(1147,'宾语',16,4,0,0,1105,2),(1148,'应用文',16,1,0,0,1075,2),(1149,'记叙文',16,2,0,0,1075,2),(1150,'动词',16,6,0,0,1104,2),(1151,'现在进行时',16,4,0,0,1098,2),(1152,'连接副词',16,9,0,0,1091,2),(1153,'新闻报道类阅读',16,4,0,0,1090,2),(1154,'故事类阅读',16,2,0,0,1090,2),(1155,'形容词的比较级',16,1,0,0,1081,2),(1156,'系动词',16,2,0,0,1104,2),(1157,'提纲作文',16,1,0,0,1080,2),(1158,'政治经济类阅读',16,7,0,0,1090,2),(1159,'序数词',16,2,0,0,1097,2),(1160,'祈使句',16,3,0,0,1088,2),(1161,'应用文体',16,2,0,0,1108,2),(1162,'副词的最高级',16,2,0,0,1091,2),(1163,'记叙文体',16,1,0,0,1108,2),(1164,'频度副词',16,8,0,0,1091,2),(1165,'can, may, must等情态动词的被动',16,4,0,0,1096,2),(1166,'表语',16,3,0,0,1105,2),(1167,'现在完成时',16,7,0,0,1098,2),(1168,'健康环保类阅读',16,10,0,0,1090,2),(1169,'方式副词',16,5,0,0,1091,2),(1170,'说明文',16,4,0,0,1075,2),(1171,'基数词',16,1,0,0,1097,2),(1172,'副词的比较级',16,1,0,0,1091,2),(1173,'一般将来时的被动',16,3,0,0,1096,2),(1174,'关系代词',16,9,0,0,1079,2),(1175,'一般现在时的被动',16,1,0,0,1096,2),(1176,'图画作文',16,3,0,0,1080,2),(1177,'不定冠词',16,3,0,0,1109,2),(1178,'形容词的最高级',16,2,0,0,1081,2),(1179,'简单句的5种基本句型',16,1,0,0,1082,2),(1180,'广告布告类阅读',16,3,0,0,1090,2),(1181,'连接代词',16,8,0,0,1079,2),(1182,'从属连词',16,2,0,0,1103,2),(1183,'一般过去时的被动',16,2,0,0,1096,2),(1184,'副词',16,11,0,0,1091,2),(1185,'相互代词',16,4,0,0,1079,2),(1186,'主语',16,1,0,0,1105,2),(1187,'助动词',16,4,0,0,1104,2),(1188,'人生感悟类阅读',16,11,0,0,1090,2),(1189,'科教类阅读',16,5,0,0,1090,2),(1190,'陈述句',16,1,0,0,1088,2),(1191,'疑问句',16,2,0,0,1088,2),(1192,'不可数名词',16,2,0,0,1093,2),(1193,'状语从句',16,1,0,0,1087,2),(1194,'情态动词',16,3,0,0,1104,2),(1195,'及物动词和不及物动词',16,5,0,0,1104,2),(1196,'名词所有格',16,4,0,0,1093,2),(1197,'图表作文',16,2,0,0,1080,2),(1198,'数词用法',16,3,0,0,1097,2),(1199,'并列连词',16,1,0,0,1103,2),(1200,'疑问代词',16,6,0,0,1079,2),(1201,'写作',14,4,52,21,0,2),(1202,'语文综合性学习',14,3,52,21,0,2),(1203,'阅读理解及鉴赏',14,2,52,21,0,2),(1204,'基础知识',14,1,52,21,0,2),(1205,'汉字',15,1,0,0,1204,2),(1206,'语言应用',15,2,0,0,1202,2),(1207,'语言表达',15,1,0,0,1202,2),(1208,'诗歌阅读鉴赏',15,2,0,0,1203,2),(1209,'现代文阅读鉴赏',15,3,0,0,1203,2),(1210,'句子',15,3,0,0,1204,2),(1211,'作文综合训练',15,4,0,0,1201,2),(1212,'作文命题类型解析',15,1,0,0,1201,2),(1213,'词语',15,2,0,0,1204,2),(1214,'作文的审题立意',15,2,0,0,1201,2),(1215,'作文的布局谋篇',15,3,0,0,1201,2),(1216,'文言文阅读鉴赏',15,1,0,0,1203,2),(1217,'文学文化常识',15,4,0,0,1204,2),(1218,'语言表达的简明得体',16,1,0,0,1207,2),(1219,'命题类作文',16,1,0,0,1212,2),(1220,'诗文默写',16,4,0,0,1217,2),(1221,'其他',16,6,0,0,1206,2),(1222,'成语、熟语的运用',16,2,0,0,1213,2),(1223,'具体案例解析',16,1,0,0,1211,2),(1224,'审题的技巧',16,1,0,0,1214,2),(1225,'中国古代诗歌鉴赏',16,1,0,0,1208,2),(1226,'常见的修辞手法',16,4,0,0,1210,2),(1227,'语言应用类题目解析',16,1,0,0,1206,2),(1228,'信息提炼',16,2,0,0,1206,2),(1229,'文言文断句与翻译',16,2,0,0,1216,2),(1230,'词语辨析与运用',16,1,0,0,1213,2),(1231,'扩展语句与压缩语段',16,3,0,0,1207,2),(1232,'字形',16,2,0,0,1205,2),(1233,'标点符号的使用',16,3,0,0,1210,2),(1234,'文学类文本阅读',16,1,0,0,1209,2),(1235,'外国诗歌鉴赏',16,3,0,0,1208,2),(1236,'立意的诀窍',16,2,0,0,1214,2),(1237,'句式的选用、仿用与变换',16,2,0,0,1207,2),(1238,'文化常识',16,2,0,0,1217,2),(1239,'文言文理解与鉴赏',16,3,0,0,1216,2),(1240,'名言名句',16,3,0,0,1217,2),(1241,'对联写作',16,4,0,0,1206,2),(1242,'句子的衔接连贯',16,2,0,0,1210,2),(1243,'病句辨析与修改',16,1,0,0,1210,2),(1244,'文学知识',16,1,0,0,1217,2),(1245,'情境表达',16,3,0,0,1206,2),(1246,'图文转换',16,5,0,0,1206,2),(1247,'巧搭行文框架',16,1,0,0,1215,2),(1248,'关注语言逻辑',16,2,0,0,1215,2),(1249,'话题类作文',16,3,0,0,1212,2),(1250,'材料类作文',16,2,0,0,1212,2),(1251,'文言文基础知识',16,1,0,0,1216,2),(1252,'实用类文本阅读',16,2,0,0,1209,2),(1253,'字音',16,1,0,0,1205,2),(1254,'中国现当代诗歌鉴赏',16,2,0,0,1208,2),(1255,'声光热',14,2,52,24,0,2),(1256,'电学',14,3,52,24,0,2),(1257,'力学',14,1,52,24,0,2),(1258,'压强',15,4,0,0,1257,2),(1259,'欧姆定律',15,2,0,0,1256,2),(1260,'力',15,2,0,0,1257,2),(1261,'简单机械',15,6,0,0,1257,2),(1262,'热现象',15,3,0,0,1255,2),(1263,'家庭电路',15,4,0,0,1256,2),(1264,'电功和电功率',15,3,0,0,1256,2),(1265,'简单电路',15,1,0,0,1256,2),(1266,'功和能',15,7,0,0,1257,2),(1267,'内能和热量',15,4,0,0,1255,2),(1268,'声现象',15,1,0,0,1255,2),(1269,'光现象',15,2,0,0,1255,2),(1270,'浮力',15,5,0,0,1257,2),(1271,'电磁现象',15,5,0,0,1256,2),(1272,'运动和力',15,3,0,0,1257,2),(1273,'质量和密度',15,1,0,0,1257,2),(1274,'光的折射',16,4,0,0,1269,2),(1275,'导体和绝缘体',16,2,0,0,1265,2),(1276,'欧姆定律',16,4,0,0,1259,2),(1277,'功',16,1,0,0,1266,2),(1278,'平面镜成像',16,3,0,0,1269,2),(1279,'机械能',16,4,0,0,1266,2),(1280,'热机',16,5,0,0,1267,2),(1281,'力的概念',16,1,0,0,1260,2),(1283,'升华和凝华',16,4,0,0,1262,2),(1284,'滑轮',16,2,0,0,1261,2),(1285,'重力',16,2,0,0,1260,2),(1286,'电荷与原子结构',16,1,0,0,1265,2),(1287,'分子动理论',16,1,0,0,1267,2),(1288,'浮力',16,1,0,0,1270,2),(1289,'电路',16,3,0,0,1265,2),(1290,'电磁波',16,7,0,0,1271,2),(1291,'汽化和液化',16,3,0,0,1262,2),(1292,'光的直线传播',16,1,0,0,1269,2),(1293,'透镜成像及应用',16,7,0,0,1269,2),(1294,'杠杆',16,1,0,0,1261,2),(1295,'密度',16,2,0,0,1273,2),(1296,'磁场和磁感线',16,2,0,0,1271,2),(1297,'磁体和磁极',16,1,0,0,1271,2),(1298,'电压',16,2,0,0,1259,2),(1299,'电磁感应',16,6,0,0,1271,2),(1300,'二力平衡',16,6,0,0,1260,2),(1301,'透镜',16,6,0,0,1269,2),(1302,'质量',16,1,0,0,1273,2),(1303,'能的转化与守恒',16,6,0,0,1267,2),(1304,'流体压强与流速',16,4,0,0,1258,2),(1305,'机械运动',16,2,0,0,1272,2),(1306,'内能',16,2,0,0,1267,2),(1307,'温度',16,1,0,0,1262,2),(1308,'物体的浮沉条件',16,2,0,0,1270,2),(1309,'光的色散',16,5,0,0,1269,2),(1310,'比热容',16,4,0,0,1267,2),(1311,'压力与压强',16,1,0,0,1258,2),(1312,'惯性及牛顿第一定律',16,3,0,0,1272,2),(1313,'电功率',16,2,0,0,1264,2),(1314,'安全用电',16,2,0,0,1263,2),(1315,'家庭电路',16,1,0,0,1263,2),(1316,'摩擦力',16,3,0,0,1260,2),(1317,'电流',16,1,0,0,1259,2),(1318,'电流的磁场',16,3,0,0,1271,2),(1319,'同一直线上二力的合成',16,4,0,0,1260,2),(1320,'电功',16,1,0,0,1264,2),(1321,'电阻的串联和并联',16,5,0,0,1259,2),(1322,'液体内部压强',16,2,0,0,1258,2),(1323,'大气压强',16,3,0,0,1258,2),(1324,'电阻',16,3,0,0,1259,2),(1325,'功率',16,2,0,0,1266,2),(1326,'长度测量',16,1,0,0,1272,2),(1327,'机械效率',16,3,0,0,1266,2),(1328,'乐音与噪声',16,2,0,0,1268,2),(1329,'光的反射',16,2,0,0,1269,2),(1330,'磁场对电流的作用',16,5,0,0,1271,2),(1331,'电磁铁',16,4,0,0,1271,2),(1332,'熔化和凝固',16,2,0,0,1262,2),(1333,'声音的产生和传播',16,1,0,0,1268,2),(1334,'焦耳定律',16,3,0,0,1264,2),(1335,'热量',16,3,0,0,1267,2),(1336,'方程（组）与不等式（组）',14,2,52,22,0,2),(1337,'图形与变换',14,5,52,22,0,2),(1338,'函数',14,3,52,22,0,2),(1339,'图形的认识',14,4,52,22,0,2),(1340,'数与式',14,1,52,22,0,2),(1341,'概率与统计',14,6,52,22,0,2),(1342,'线与角',15,1,0,0,1339,2),(1343,'统计与概率',15,1,0,0,1341,2),(1344,'三角形',15,2,0,0,1339,2),(1345,'投影与视图',15,6,0,0,1339,2),(1346,'一次函数',15,1,0,0,1338,2),(1347,'分式方程',15,4,0,0,1336,2),(1348,'一元二次方程',15,3,0,0,1336,2),(1349,'整式',15,2,0,0,1340,2),(1350,'实数',15,1,0,0,1340,2),(1351,'二元一次方程（组）',15,2,0,0,1336,2),(1352,'图形的对称',15,1,0,0,1337,2),(1353,'二次函数',15,3,0,0,1338,2),(1354,'图形的旋转',15,3,0,0,1337,2),(1355,'圆',15,4,0,0,1339,2),(1356,'分式',15,3,0,0,1340,2),(1357,'不等式（组）',15,5,0,0,1336,2),(1358,'二次根式',15,4,0,0,1340,2),(1359,'图形的平移',15,2,0,0,1337,2),(1360,'一元一次方程',15,1,0,0,1336,2),(1361,'锐角三角函数',15,5,0,0,1339,2),(1362,'反比例函数',15,2,0,0,1338,2),(1363,'四边形',15,3,0,0,1339,2),(1364,'图形的相似与位似',15,4,0,0,1337,2),(1365,'相似形综合题',16,13,0,0,1364,2),(1366,'方程的解',16,2,0,0,1360,2),(1367,'平移的性质',16,2,0,0,1359,2),(1368,'算术平均数',16,13,0,0,1343,2),(1369,'同底数幂的除法',16,10,0,0,1349,2),(1370,'一次函数的定义',16,11,0,0,1346,2),(1371,'图形的剪拼',16,10,0,0,1352,2),(1372,'平方根',16,15,0,0,1350,2),(1373,'一元二次方程的定义及一般形式',16,1,0,0,1348,2),(1374,'认识平面图形',16,5,0,0,1342,2),(1375,'由三视图判断几何体',16,3,0,0,1345,2),(1376,'作图-相似变换',16,9,0,0,1364,2),(1377,'因式分解的应用',16,26,0,0,1349,2),(1378,'对顶角、邻补角',16,19,0,0,1342,2),(1379,'实数',16,19,0,0,1350,2),(1380,'点到直线的距离',16,21,0,0,1342,2),(1381,'命题与定理',16,30,0,0,1355,2),(1382,'相交弦定理',16,7,0,0,1355,2),(1383,'相交线',16,18,0,0,1342,2),(1384,'平行线',16,23,0,0,1342,2),(1385,'多项式乘多项式',16,12,0,0,1349,2),(1386,'中心对称',16,3,0,0,1354,2),(1387,'角的大小比较',16,17,0,0,1342,2),(1388,'分式有意义的条件',16,2,0,0,1356,2),(1389,'分母有理化',16,6,0,0,1358,2),(1390,'模拟实验',16,28,0,0,1343,2),(1391,'作图-三视图',16,4,0,0,1345,2),(1392,'实数的运算',16,23,0,0,1350,2),(1393,'二次根式的化简求值',16,10,0,0,1358,2),(1394,'二次根式有意义的条件',16,2,0,0,1358,2),(1395,'垂线及性质',16,20,0,0,1342,2),(1396,'勾股数',16,20,0,0,1344,2),(1397,'近似数和有效数字',16,12,0,0,1350,2),(1398,'整式的加减',16,8,0,0,1349,2),(1399,'估算一元二次方程的近似解',16,3,0,0,1348,2),(1400,'有理数的混合运算',16,11,0,0,1350,2),(1401,'含绝对值符号的一元一次方程',16,6,0,0,1360,2),(1402,'两条直线相交或平行问题',16,23,0,0,1346,2),(1403,'解一元一次不等式组',16,10,0,0,1357,2),(1404,'二元一次方程的定义',16,1,0,0,1351,2),(1405,'相似三角形的应用',16,8,0,0,1364,2),(1406,'翻折变换（折叠问题）',16,9,0,0,1352,2),(1407,'圆内接四边形的性质',16,6,0,0,1355,2),(1408,'等式的性质与同解方程',16,3,0,0,1360,2),(1409,'有理数乘除法',16,9,0,0,1350,2),(1410,'方差',16,18,0,0,1343,2),(1411,'坐标与图形变化-旋转',16,6,0,0,1354,2),(1412,'频数（率）分布直方图',16,6,0,0,1343,2),(1413,'一元二次方程的解',16,2,0,0,1348,2),(1414,'几何变换综合题',16,8,0,0,1354,2),(1415,'有理数大小比较',16,6,0,0,1350,2),(1416,'三角形内角和定理',16,6,0,0,1344,2),(1417,'因式分解',16,18,0,0,1349,2),(1418,'统计图的选择',16,12,0,0,1343,2),(1419,'圆周角定理',16,5,0,0,1355,2),(1420,'合并同类项',16,5,0,0,1349,2),(1421,'平行线的判定与性质',16,25,0,0,1342,2),(1422,'直线与圆的位置关系',16,11,0,0,1355,2),(1423,'弦切角定理',16,13,0,0,1355,2),(1424,'立方根',16,17,0,0,1350,2),(1425,'因式分解——分组分解法',16,23,0,0,1349,2),(1426,'作图-平移变换',16,4,0,0,1359,2),(1427,'作图-轴对称变换',16,6,0,0,1352,2),(1428,'三角形的面积',16,3,0,0,1344,2),(1429,'相似图形',16,5,0,0,1364,2),(1430,'整式的混合运算——化简求值',16,17,0,0,1349,2),(1431,'相切两圆的性质',16,18,0,0,1355,2),(1432,'反比例函数综合题',16,8,0,0,1362,2),(1433,'分式的混合运算',16,10,0,0,1356,2),(1434,'应用与设计作图',16,29,0,0,1355,2),(1435,'方向角',16,12,0,0,1342,2),(1436,'四边形综合题',16,12,0,0,1363,2),(1437,'配方法的应用',16,12,0,0,1348,2),(1438,'确定圆的条件',16,9,0,0,1355,2),(1439,'标准差',16,19,0,0,1343,2),(1440,'概率的意义',16,22,0,0,1343,2),(1441,'代数式求值',16,3,0,0,1349,2),(1442,'分式的定义',16,1,0,0,1356,2),(1443,'三角形的内切圆与内心',16,16,0,0,1355,2),(1444,'欧拉公式',16,3,0,0,1342,2),(1445,'角平分线的性质',16,11,0,0,1344,2),(1446,'一次函数的图像',16,13,0,0,1346,2),(1447,'估算无理数的大小',16,22,0,0,1350,2),(1448,'二次根式的混合运算',16,9,0,0,1358,2),(1449,'黄金分割',16,3,0,0,1364,2),(1450,'等腰三角形的判定与性质',16,13,0,0,1344,2),(1451,'单项式乘单项式',16,11,0,0,1349,2),(1452,'余角和补角',16,16,0,0,1342,2),(1453,'因式分解——运用公式法',16,21,0,0,1349,2),(1454,'二次根式的加减法',16,8,0,0,1358,2),(1455,'实数与数轴',16,20,0,0,1350,2),(1456,'等腰梯形的性质与判定',16,8,0,0,1363,2),(1457,'轴对称的性质',16,2,0,0,1352,2),(1458,'圆的综合题',16,25,0,0,1355,2),(1459,'勾股定理的应用',16,21,0,0,1344,2),(1460,'实数大小比较',16,21,0,0,1350,2),(1461,'二次根式的定义',16,1,0,0,1358,2),(1462,'特殊角的三角函数值',16,5,0,0,1361,2),(1463,'平行四边形的判定与性质',16,2,0,0,1363,2),(1464,'代数式',16,1,0,0,1349,2),(1465,'坐标与图形变化-平移',16,3,0,0,1359,2),(1466,'弧长的计算',16,21,0,0,1355,2),(1467,'利用频率估计概率',16,27,0,0,1343,2),(1468,'频数（率）分布折线图',16,7,0,0,1343,2),(1469,'中心对称图形',16,4,0,0,1354,2),(1470,'函数的值',16,7,0,0,1346,2),(1471,'平面向量',16,10,0,0,1363,2),(1472,'三角形中位线定理',16,23,0,0,1344,2),(1473,'平方差公式',16,14,0,0,1349,2),(1474,'分段函数',16,10,0,0,1346,2),(1475,'待定系数法求一次函数解析式',16,18,0,0,1346,2),(1476,'根据实际问题列一次函数关系式',16,24,0,0,1346,2),(1477,'解一元一次方程',16,5,0,0,1360,2),(1478,'一元一次方程的定义',16,4,0,0,1360,2),(1479,'一元一次不等式组的整数解',16,11,0,0,1357,2),(1480,'函数自变量的取值范围',16,6,0,0,1346,2),(1481,'成比例线段',16,2,0,0,1364,2),(1482,'解一元二次方程——直接开平方法',16,4,0,0,1348,2),(1483,'梯形',16,6,0,0,1363,2),(1484,'无理数',16,18,0,0,1350,2),(1485,'一元一次不等式组的定义',16,9,0,0,1357,2),(1486,'扇形面积的计算',16,22,0,0,1355,2),(1487,'度分秒的换算',16,13,0,0,1342,2),(1488,'相交两圆的性质',16,19,0,0,1355,2),(1489,'统计量的选择',16,20,0,0,1343,2),(1490,'多边形',16,24,0,0,1344,2),(1491,'条形统计图',16,10,0,0,1343,2),(1492,'平行投影',16,5,0,0,1345,2),(1493,'生活中的轴对称现象',16,1,0,0,1352,2),(1494,'二次根式的性质与化简',16,3,0,0,1358,2),(1495,'点与圆的位置关系',16,8,0,0,1355,2),(1496,'游戏公平性',16,26,0,0,1343,2),(1497,'整式的除法',16,15,0,0,1349,2),(1498,'反比例函数与一次函数的交点问题',16,6,0,0,1362,2),(1499,'一元一次不等式的定义',16,5,0,0,1357,2),(1500,'函数关系式',16,5,0,0,1346,2),(1501,'直角三角形的性质',16,15,0,0,1344,2),(1502,'矩形的判定与性质',16,4,0,0,1363,2),(1503,'等边三角形的判定与性质',16,14,0,0,1344,2),(1504,'科学计数法',16,13,0,0,1350,2),(1505,'由实际问题抽象出二元一次方程组',16,6,0,0,1351,2),(1506,'一次函数与一元一次不等式',16,21,0,0,1346,2),(1507,'总体、个体、样本、样本容量',16,2,0,0,1343,2),(1508,'作图-旋转变换',16,7,0,0,1354,2),(1509,'解直角三角形的应用-方向角问题',16,10,0,0,1361,2),(1510,'尺规作图的定义',16,26,0,0,1355,2),(1511,'切割线定理',16,15,0,0,1355,2),(1512,'无理方程',16,14,0,0,1348,2),(1513,'不等式的定义',16,1,0,0,1357,2),(1514,'旋转的性质',16,2,0,0,1354,2),(1515,'线段垂直平分线的性质',16,12,0,0,1344,2),(1516,'一次函数图像',16,17,0,0,1346,2),(1517,'中位数',16,15,0,0,1343,2),(1518,'圆与圆的位置关系',16,17,0,0,1355,2),(1519,'频数（率）分布表',16,5,0,0,1343,2),(1520,'三角形的重心',16,4,0,0,1344,2),(1521,'解直角三角形的应用-坡度坡角问题',16,8,0,0,1361,2),(1522,'在数轴上表示不等式的解集',16,4,0,0,1357,2),(1523,'作图-位似变换',16,11,0,0,1364,2),(1524,'解一元二次方程——因式分解法',16,7,0,0,1348,2),(1525,'数轴',16,3,0,0,1350,2),(1526,'视点、视角和盲区',16,7,0,0,1345,2),(1527,'解直角三角形',16,6,0,0,1361,2),(1528,'一元一次不等式组的应用',16,12,0,0,1357,2),(1529,'反比例函数的图像',16,2,0,0,1362,2),(1530,'三角形的角平分线、中线和高',16,2,0,0,1344,2),(1531,'不等式的解集',16,3,0,0,1357,2),(1532,'几何概率',16,24,0,0,1343,2),(1533,'两点间的距离公式',16,2,0,0,1346,2),(1534,'加权平均数',16,14,0,0,1343,2),(1535,'截一个几何体',16,8,0,0,1342,2),(1536,'分式方程的应用',16,5,0,0,1347,2),(1537,'一次函数与与二元一次方程（组）',16,22,0,0,1346,2),(1538,'图像法求一元二次方程的近似根',16,10,0,0,1353,2),(1539,'整式',16,7,0,0,1349,2),(1540,'剪纸问题',16,7,0,0,1352,2),(1541,'反证法',16,32,0,0,1355,2),(1542,'根的判别式',16,9,0,0,1348,2),(1543,'二次函数最值',16,6,0,0,1353,2),(1544,'绝对值',16,5,0,0,1350,2),(1545,'平行公理及推论',16,24,0,0,1342,2),(1546,'根据实际问题列反比例函数关系式',16,7,0,0,1362,2),(1547,'提公因式法与公式法的综合应用',16,22,0,0,1349,2),(1548,'分式的化简求值',16,11,0,0,1356,2),(1549,'圆的认识',16,1,0,0,1355,2),(1550,'二次函数的定义',16,1,0,0,1353,2),(1551,'几何体的表面积',16,4,0,0,1342,2),(1552,'垂径定理',16,2,0,0,1355,2),(1553,'中点四边形',16,11,0,0,1363,2),(1554,'点、线、面、体',16,2,0,0,1342,2),(1555,'认识立体图形',16,1,0,0,1342,2),(1556,'基本作图',16,27,0,0,1355,2),(1557,'有理数乘方',16,10,0,0,1350,2),(1558,'函数的图像',16,8,0,0,1346,2),(1559,'反比例函数系数K的几何意义',16,4,0,0,1362,2),(1560,'反比例函数的定义',16,1,0,0,1362,2),(1561,'勾股定理的逆定理',16,19,0,0,1344,2),(1562,'换元法解一元二次方程',16,8,0,0,1348,2),(1563,'完全平方公式',16,13,0,0,1349,2),(1564,'有理数加减法',16,7,0,0,1350,2),(1565,'二元一次方程组的定义',16,4,0,0,1351,2),(1566,'简单几何体的三视图',16,1,0,0,1345,2),(1567,'直线、射线、线段',16,9,0,0,1342,2),(1568,'圆锥的计算',16,23,0,0,1355,2),(1569,'因式分解——提公因式法',16,20,0,0,1349,2),(1570,'生活中的旋转现象',16,1,0,0,1354,2),(1571,'同类项',16,4,0,0,1349,2),(1572,'角的概念',16,11,0,0,1342,2),(1573,'几何体的展开图',16,6,0,0,1342,2),(1574,'圆柱的计算',16,24,0,0,1355,2),(1575,'相似多边形的性质',16,6,0,0,1364,2),(1576,'轴对称图形',16,3,0,0,1352,2),(1577,'锐角三角函数的增减性',16,2,0,0,1361,2),(1578,'切线的判定与性质',16,12,0,0,1355,2),(1579,'统计表',16,8,0,0,1343,2),(1580,'关于X轴、Y轴对称的点的坐标',16,5,0,0,1352,2),(1581,'组合体的三视图',16,2,0,0,1345,2),(1582,'正多边形与圆',16,20,0,0,1355,2),(1583,'正比例函数的定义',16,12,0,0,1346,2),(1584,'随机事件',16,21,0,0,1343,2),(1585,'直角三角形斜边上的中线',16,17,0,0,1344,2),(1586,'有理数的加减混合运算',16,8,0,0,1350,2),(1587,'解三元一次方程组',16,9,0,0,1351,2),(1588,'梯形中位线定理',16,9,0,0,1363,2),(1589,'一次函数的性质',16,15,0,0,1346,2),(1590,'含30度角的直角三角形',16,16,0,0,1344,2),(1591,'二次函数图像与几何变换',16,5,0,0,1353,2),(1592,'同解方程组',16,8,0,0,1351,2),(1593,'相反数',16,4,0,0,1350,2),(1594,'三元一次方程组的应用',16,10,0,0,1351,2),(1595,'分式方程的定义',16,1,0,0,1347,2),(1596,'菱形的判定与性质',16,3,0,0,1363,2),(1597,'同角三角函数的关系',16,3,0,0,1361,2),(1598,'二次函数的应用',16,12,0,0,1353,2),(1599,'同位角、内错角、同旁内角',16,22,0,0,1342,2),(1600,'分式的值为零的条件',16,3,0,0,1356,2),(1601,'待定系数法求二次函数解析式',16,7,0,0,1353,2),(1602,'多边形内角与外角',16,26,0,0,1344,2),(1603,'二元一次方程的解',16,2,0,0,1351,2),(1604,'抛物线与X轴的交点',16,9,0,0,1353,2),(1605,'镜面对称',16,4,0,0,1352,2),(1606,'三角形的外接圆与外心',16,10,0,0,1355,2),(1607,'分式方程的增根',16,4,0,0,1347,2),(1608,'关于原点对称的点的坐标',16,5,0,0,1354,2),(1609,'解分式方程',16,2,0,0,1347,2),(1610,'用样本估计总体',16,3,0,0,1343,2),(1611,'直角梯形',16,7,0,0,1363,2),(1612,'角平分线',16,14,0,0,1342,2),(1613,'折线统计图',16,11,0,0,1343,2),(1614,'最简分式',16,6,0,0,1356,2),(1615,'分式的加减法',16,9,0,0,1356,2),(1616,'展开图折叠成几何体',16,7,0,0,1342,2),(1617,'解一元二次方程——公式法',16,6,0,0,1348,2),(1618,'计算器-基础知识',16,14,0,0,1350,2),(1619,'一元一次不等式的应用',16,8,0,0,1357,2),(1620,'推理与论证',16,31,0,0,1355,2),(1621,'反比例函数的性质',16,3,0,0,1362,2),(1622,'解直角三角形的应用-仰角俯角问题',16,9,0,0,1361,2),(1623,'常量与变量',16,3,0,0,1346,2),(1624,'最简公分母',16,7,0,0,1356,2),(1625,'方程的定义',16,1,0,0,1360,2),(1626,'有理数',16,2,0,0,1350,2),(1627,'全等图形',16,8,0,0,1344,2),(1628,'一次函数与一元一次方程',16,20,0,0,1346,2),(1629,'算术平方根',16,16,0,0,1350,2),(1630,'频数与频率',16,4,0,0,1343,2),(1631,'负整数指数幂',16,13,0,0,1356,2),(1632,'实数范围内因式分解',16,25,0,0,1349,2),(1633,'高次方程',16,13,0,0,1348,2),(1634,'一次函数综合题',16,26,0,0,1346,2),(1635,'平行线分线段成比例',16,4,0,0,1364,2),(1636,'正方形的判定与性质',16,5,0,0,1363,2),(1637,'全等三角形的判定与性质',16,9,0,0,1344,2),(1638,'平面镶嵌（密铺）',16,1,0,0,1363,2),(1639,'二次函数综合题',16,13,0,0,1353,2),(1640,'互余两角三角函数的关系',16,4,0,0,1361,2),(1641,'列代数式',16,2,0,0,1349,2),(1642,'勾股定理',16,18,0,0,1344,2),(1643,'轴对称-最短路线问题',16,8,0,0,1352,2),(1644,'分数指数幂',16,24,0,0,1350,2),(1645,'三角形三边关系',16,5,0,0,1344,2),(1646,'二次根式的乘法',16,5,0,0,1358,2),(1647,'位似变换',16,10,0,0,1364,2),(1648,'中心投影',16,6,0,0,1345,2),(1649,'轨迹',16,33,0,0,1355,2),(1650,'二次函数的性质',16,3,0,0,1353,2),(1651,'去括号与添括号',16,6,0,0,1349,2),(1652,'射影定理',16,12,0,0,1364,2),(1653,'二元一次方程组的应用',16,7,0,0,1351,2),(1654,'一次函数的应用',16,25,0,0,1346,2),(1655,'待定系数法求正比例函数解析式',16,19,0,0,1346,2),(1656,'解二元一次方程组',16,5,0,0,1351,2),(1657,'角的计算',16,15,0,0,1342,2),(1658,'解直角三角形的应用',16,7,0,0,1361,2),(1659,'正比例函数的图像',16,14,0,0,1346,2),(1660,'平面展开-最短路径问题',16,22,0,0,1344,2),(1661,'锐角三角函数的定义',16,1,0,0,1361,2),(1662,'由实际问题抽象出一元一次方程',16,7,0,0,1360,2),(1663,'零指数幂',16,12,0,0,1356,2),(1664,'两点间的距离',16,10,0,0,1342,2),(1665,'三角形的外角性质',16,7,0,0,1344,2),(1666,'列表法与树状图法',16,25,0,0,1343,2),(1667,'三角形',16,1,0,0,1344,2),(1668,'正比例函数的性质',16,16,0,0,1346,2),(1669,'扇形统计图',16,9,0,0,1343,2),(1670,'全面调查与抽样调查',16,1,0,0,1343,2),(1671,'垂径定理的应用',16,3,0,0,1355,2),(1672,'解一元二次方程——配方法',16,5,0,0,1348,2),(1673,'二次函数图像与系数的关系',16,4,0,0,1353,2),(1674,'分式的基本性质',16,5,0,0,1356,2),(1675,'众数',16,16,0,0,1343,2),(1676,'函数的表示方法',16,9,0,0,1346,2),(1677,'正数和负数',16,1,0,0,1350,2),(1678,'相似三角形的判定与性质',16,7,0,0,1364,2),(1679,'二次函数的三种形式',16,8,0,0,1353,2),(1680,'比例的性质',16,1,0,0,1364,2),(1681,'多边形的对角线',16,25,0,0,1344,2),(1682,'最简二次根式',16,4,0,0,1358,2),(1683,'同类二次根式',16,7,0,0,1358,2),(1684,'二次函数与不等式（组）',16,11,0,0,1353,2),(1685,'复杂作图',16,28,0,0,1355,2),(1686,'切线长定理',16,14,0,0,1355,2),(1687,'点的坐标',16,1,0,0,1346,2),(1688,'公因式',16,19,0,0,1349,2),(1689,'分式的值',16,4,0,0,1356,2),(1690,'一元一次方程的应用',16,8,0,0,1360,2),(1691,'根与系数的关系',16,10,0,0,1348,2),(1692,'一元一次不等式的整数解',16,7,0,0,1357,2),(1693,'二次函数的图像',16,2,0,0,1353,2),(1694,'因式分解——十字相乘法等',16,24,0,0,1349,2),(1695,'待定系数法求反比例函数解析式',16,5,0,0,1362,2),(1696,'极差',16,17,0,0,1343,2),(1697,'换元法解分式方程',16,3,0,0,1347,2),(1698,'一元二次方程的应用',16,11,0,0,1348,2),(1699,'概率公式',16,23,0,0,1343,2),(1700,'由实际问题抽象出二元一次方程',16,3,0,0,1351,2),(1701,'圆心角、弦、弧的关系',16,4,0,0,1355,2),(1702,'平行线之间的距离',16,26,0,0,1342,2),(1703,'整式的混合运算',16,16,0,0,1349,2),(1704,'解一元一次不等式',16,6,0,0,1357,2),(1705,'函数的概念',16,4,0,0,1346,2),(1706,'同底数幂的乘法',16,9,0,0,1349,2),(1707,'分式的乘除法',16,8,0,0,1356,2),(1708,'不等式的性质',16,2,0,0,1357,2),(1709,'生活中的平移现象',16,1,0,0,1359,2),(1710,'全等三角形的应用',16,10,0,0,1344,2),(1711,'有机物及其应用',14,8,51,25,0,2),(1712,'金属及其化合物',14,6,51,25,0,2),(1713,'物质结构与性质',14,4,51,25,0,2),(1714,'化学基本概念',14,3,51,25,0,2),(1715,'化学反应原理',14,5,51,25,0,2),(1716,'化学科学与研究方法',14,1,51,25,0,2),(1717,'化学与生产、生活',14,2,51,25,0,2),(1718,'化学综合计算',14,9,51,25,0,2),(1719,'化学实验',14,10,51,25,0,2),(1720,'非金属及其化合物',14,7,51,25,0,2),(1721,'化学研究方法与工业化学',15,2,0,0,1716,2),(1722,'化学与生活',15,1,0,0,1717,2),(1723,'分子结构与性质',15,2,0,0,1713,2),(1724,'物质的分离、提纯和检验',15,2,0,0,1719,2),(1725,'化学科学特点',15,1,0,0,1716,2),(1726,'镁、铜及其化合物',15,4,0,0,1712,2),(1727,'化学反应速率和化学平衡',15,2,0,0,1715,2),(1728,'化学反应与能量',15,1,0,0,1715,2),(1729,'糖类、蛋白质',15,4,0,0,1711,2),(1730,'晶体结构与性质',15,3,0,0,1713,2),(1731,'合成材料',15,5,0,0,1711,2),(1732,'物质的组成、性质和分类',15,1,0,0,1714,2),(1733,'铝及其化合物',15,2,0,0,1712,2),(1734,'碳族元素',15,1,0,0,1720,2),(1735,'化学综合计算',15,1,0,0,1718,2),(1736,'碱金属及其化合物',15,1,0,0,1712,2),(1737,'认识有机物',15,1,0,0,1711,2),(1738,'非金属元素的单质及其化合物的综合应用',15,5,0,0,1720,2),(1739,'探究实验',15,5,0,0,1719,2),(1740,'溶液和胶体',15,3,0,0,1714,2),(1741,'卤族元素',15,4,0,0,1720,2),(1742,'烃和卤代烃',15,2,0,0,1711,2),(1743,'有机知识的综合应用',15,6,0,0,1711,2),(1744,'电解质溶液',15,3,0,0,1715,2),(1745,'基本仪器和基本操作',15,1,0,0,1719,2),(1746,'有机物的性质实验',15,6,0,0,1719,2),(1747,'常见气体的制备与收集',15,3,0,0,1719,2),(1748,'化学与生产',15,2,0,0,1717,2),(1749,'金属元素的单质及其化合物的综合应用',15,5,0,0,1712,2),(1750,'原子结构与性质',15,1,0,0,1713,2),(1751,'化学实验方案的设计与评价',15,7,0,0,1719,2),(1752,'氧族元素',15,3,0,0,1720,2),(1753,'化学用语及常用计量',15,2,0,0,1714,2),(1754,'烃的含氧衍生物',15,3,0,0,1711,2),(1755,'电化学',15,4,0,0,1715,2),(1756,'定量实验',15,4,0,0,1719,2),(1757,'氮族元素',15,2,0,0,1720,2),(1758,'铁及其化合物',15,3,0,0,1712,2),(1759,'氧化铝',16,2,0,0,1733,2),(1760,'物质的组成、结构和性质的关系',16,1,0,0,1725,2),(1761,'化学反应速率的概念、表示方法及与反应中化学计量数的关系',16,1,0,0,1727,2),(1762,'分子式、结构式、结构简式、电子式',16,3,0,0,1753,2),(1763,'单质铝',16,1,0,0,1733,2),(1764,'卤化氢及氢卤酸性质的比较',16,5,0,0,1741,2),(1765,'苯酚的化学性质',16,8,0,0,1746,2),(1766,'原子、离子结构示意图',16,2,0,0,1753,2),(1767,'常见气体的检验',16,3,0,0,1724,2),(1768,'混合物和纯净物',16,2,0,0,1732,2),(1769,'溴乙烷、卤代烃',16,6,0,0,1742,2),(1770,'工业制烧碱',16,7,0,0,1748,2),(1771,'盐-亚铁盐（Fe2+） 、 铁盐（Fe3+）',16,4,0,0,1758,2),(1772,'过氧化氢',16,2,0,0,1752,2),(1773,'人体必需的维生素的主要来源及其作用',16,4,0,0,1722,2),(1774,'配制一定物质的量浓度的溶液',16,1,0,0,1756,2),(1776,'有关过量问题的计算',16,1,0,0,1735,2),(1777,'滴定实验',16,3,0,0,1756,2),(1778,'电解池的原理及电极反应、电解池反应方程式及应用',16,4,0,0,1755,2),(1779,'盐类水解的应用',16,8,0,0,1744,2),(1780,'氮气',16,1,0,0,1757,2),(1781,'有机反应类型及应用',16,10,0,0,1737,2),(1782,'物质的性质',16,6,0,0,1739,2),(1783,'单质镁、铜',16,1,0,0,1726,2),(1784,'原子结构与元素周期律的关系',16,5,0,0,1750,2),(1785,'卤素原子结构及其性质的比较',16,4,0,0,1741,2),(1786,'硫酸根离子的检验',16,6,0,0,1752,2),(1787,'共价键的形成、主要类型及键参数',16,1,0,0,1723,2),(1788,'物质的成分',16,7,0,0,1739,2),(1789,'氢氧化物-氢氧化镁、氢氧化铜 铜盐（Cu2+）',16,3,0,0,1726,2),(1790,'油脂的性质、组成与结构',16,6,0,0,1754,2),(1791,'精炼铜',16,7,0,0,1755,2),(1792,'物质的量、物质的量浓度、气体摩尔体积及阿伏加德罗常数的综合应用',16,7,0,0,1753,2),(1793,'有机合成与推断',16,2,0,0,1743,2),(1794,'含硅矿物及材料的应用',16,10,0,0,1748,2),(1795,'未知物的检验',16,7,0,0,1724,2),(1796,'硝酸',16,3,0,0,1757,2),(1797,'氧化还原反应的概念、表示方法',16,1,0,0,1728,2),(1798,'氢氧化物-氢氧化亚铁、氢氧化铁',16,3,0,0,1758,2),(1799,'单质钠',16,1,0,0,1736,2),(1800,'分子的极性、范德华力和氢键的概念及应用',16,3,0,0,1723,2),(1801,'药品的取用与存放',16,2,0,0,1745,2),(1802,'纯碱工业（侯氏制碱法）',16,8,0,0,1748,2),(1803,'离子反应的应用',16,12,0,0,1744,2),(1804,'氧化物-氧化钠、过氧化钠',16,2,0,0,1736,2),(1805,'物质检验实验的方案',16,6,0,0,1751,2),(1806,'海带成分中碘的检验',16,5,0,0,1724,2),(1807,'氯碱工业',16,5,0,0,1755,2),(1808,'有关范围讨论题的计算',16,3,0,0,1735,2),(1809,'氨的性质、实验室制法',16,5,0,0,1757,2),(1810,'化学实验操作的先后顺序',16,6,0,0,1745,2),(1811,'用盖斯定律进行有关反应热的计算',16,8,0,0,1728,2),(1812,'新型有机高分子材料',16,4,0,0,1731,2),(1813,'化学反应速率变化曲线及其应用',16,3,0,0,1727,2),(1814,'尾气处理装置',16,3,0,0,1747,2),(1816,'单质铁',16,1,0,0,1758,2),(1817,'氢氧化铝',16,3,0,0,1733,2),(1818,'合成氨条件的选择',16,9,0,0,1727,2),(1819,'离子键的形成及离子化合物的结构与性质',16,1,0,0,1730,2),(1820,'有机物（官能团）的检验',16,11,0,0,1724,2),(1821,'原电池的原理、电极反应、电池反应方程式及应用',16,1,0,0,1755,2),(1822,'常见的生活环境的污染及治理',16,10,0,0,1722,2),(1823,'芳香烃、烃基和同系物',16,2,0,0,1737,2),(1824,'乙炔的化学性质',16,5,0,0,1746,2),(1825,'葡萄糖的银镜反应',16,13,0,0,1746,2),(1826,'物质的检验和鉴别的基本方法及应用',16,12,0,0,1724,2),(1827,'氧化物-二氧化硅、一氧化碳、二氧化碳',16,2,0,0,1734,2),(1828,'电化学',16,4,0,0,1739,2),(1829,'氨基酸、蛋白质',16,4,0,0,1729,2),(1830,'有机物相对分子质量的测定方法',16,7,0,0,1737,2),(1831,'手性分子、无机含氧酸分子酸性的判断与应用',16,4,0,0,1723,2),(1832,'试纸和指示剂的使用',16,3,0,0,1745,2),(1833,'钠及化合物之间的转化',16,5,0,0,1736,2),(1834,'肥皂的制取',16,12,0,0,1746,2),(1835,'氟氯代烷对环境的影响',16,2,0,0,1722,2),(1836,'甲烷、 烷烃',16,1,0,0,1742,2),(1837,'重要的氧化剂、还原剂 及氧化性、还原性强弱的比较',16,3,0,0,1728,2),(1839,'氧化物-氧化镁、氧化亚铜、氧化铜',16,2,0,0,1726,2),(1840,'硫酸、亚硫酸',16,4,0,0,1752,2),(1841,'中和热的测定',16,4,0,0,1756,2),(1842,'单质铁、亚铁盐（Fe2+）和铁盐（Fe3+）的相互转变',16,5,0,0,1758,2),(1843,'气体的收集',16,2,0,0,1747,2),(1844,'弱电解质的电离平衡、电离平衡常数及影响因素',16,2,0,0,1744,2),(1845,'化学反应的能量变化规律',16,3,0,0,1725,2),(1846,'氢氧化钠',16,3,0,0,1736,2),(1847,'物质分离、提纯的实验方案',16,2,0,0,1751,2),(1848,'烃的衍生物官能团',16,5,0,0,1737,2),(1849,'同分异构现象和同分异构体',16,4,0,0,1737,2),(1850,'无机非金属材料的应用',16,11,0,0,1748,2),(1851,'物质的分离、提纯的基本方法及应用',16,13,0,0,1724,2),(1852,'葡萄糖、果糖',16,1,0,0,1729,2),(1853,'气体的净化和干燥',16,4,0,0,1747,2),(1854,'电子排布遵循的原理和规则',16,4,0,0,1750,2),(1856,'蔗糖与淀粉的性质实验',16,14,0,0,1746,2),(1857,'物质制备实验的方案',16,5,0,0,1751,2),(1858,'乙醇、醇类',16,1,0,0,1754,2),(1859,'浓度、温度、催化剂对化学反应速率的影响',16,8,0,0,1724,2),(1860,'碱金属的性质',16,6,0,0,1736,2),(1861,'蔗糖、淀粉水解反应的鉴定',16,10,0,0,1724,2),(1862,'常见化学电源的种类、工作原理及应用',16,2,0,0,1755,2),(1863,'气体发生装置',16,1,0,0,1747,2),(1864,'工业制取硫酸',16,1,0,0,1748,2),(1865,'纤维素的性质实验',16,15,0,0,1746,2),(1866,'中和热、燃烧热',16,7,0,0,1728,2),(1867,'化学平衡和化学平衡常数的含义及应用',16,5,0,0,1727,2),(1868,'晶体的类型',16,3,0,0,1730,2),(1869,'元素电离能、电负性的含义及应用',16,8,0,0,1750,2),(1870,'氧化物-氧化亚铁、氧化铁、四氧化三铁',16,2,0,0,1758,2),(1871,'勒夏特列原理及应用',16,7,0,0,1727,2),(1872,'有机高分子化合物的结构和性质',16,1,0,0,1731,2),(1873,'化学研究基本方法及作用',16,2,0,0,1721,2),(1874,'工业制取漂粉精',16,5,0,0,1748,2),(1875,'科学探究方法',16,1,0,0,1721,2),(1876,'氮的氧化物的性质及其对环境的影响',16,8,0,0,1722,2),(1877,'分散系、胶体与溶液的概念及区别',16,1,0,0,1740,2),(1878,'阿伏加德罗定律及推论',16,8,0,0,1753,2),(1879,'氧族元素及化合物性质的综合应用',16,121,0,0,1752,2),(1880,'晶体的类型与物质性质的相互关系及应用',16,4,0,0,1730,2),(1881,'常见气体制备原理及装置选择',16,6,0,0,1747,2),(1882,'物质的溶解与加热',16,7,0,0,1745,2),(1883,'化学反应速率与化学平衡的综合应用',16,11,0,0,1727,2),(1884,'盐-铝盐（Al3+）、偏铝酸盐（AlO2-)',16,4,0,0,1733,2),(1885,'臭氧',16,1,0,0,1752,2),(1886,'化学实验方案设计的基本要求',16,1,0,0,1751,2),(1887,'离子反应的概念、发生条件',16,10,0,0,1744,2),(1888,'酸碱混合时的定性判断及有关pH的计算',16,6,0,0,1744,2),(1889,'化学平衡的计算',16,8,0,0,1727,2),(1890,'水的电离平衡、水的离子积常数',16,4,0,0,1744,2),(1891,'\"三废\"处理与环境保护',16,11,0,0,1722,2),(1892,'物质的检验和鉴别的实验方案',16,3,0,0,1751,2),(1893,'烷烃及其命名',16,3,0,0,1737,2),(1894,'食物中淀粉、蛋白质、葡萄糖的检验',16,6,0,0,1724,2),(1895,'相对分子质量的测定',16,5,0,0,1756,2),(1896,'硅酸盐工业生产的主要化学成分、生产原料及其用途',16,5,0,0,1734,2),(1897,'微量元素对人体健康的重要作用',16,5,0,0,1722,2),(1898,'硫酸铜晶体中结晶水含量的测定',16,2,0,0,1756,2),(1899,'化学反应的本质',16,2,0,0,1725,2),(1900,'胶体的重要性质及应用',16,2,0,0,1740,2),(1901,'常见离子的检验',16,4,0,0,1724,2),(1902,'燃料电池电极反应、电池反应方程式及应用',16,3,0,0,1755,2),(1903,'石油的分馏',16,1,0,0,1746,2),(1904,'排气量气装置',16,5,0,0,1747,2),(1905,'单质硅、碳',16,1,0,0,1734,2),(1906,'化学方程式的书写及计算',16,4,0,0,1753,2),(1907,'氮族元素及化合物性质的综合应用',16,149,0,0,1757,2),(1908,'实验室制取蒸馏水',16,7,0,0,1747,2),(1909,'焰色反应',16,7,0,0,1736,2),(1910,'复杂化学式的确定',16,4,0,0,1735,2),(1911,'等电子原理、价电子互斥模型、轨道杂化理论和配合物理论与应用',16,2,0,0,1723,2),(1912,'电子的能级、 电子排布、电子排布式',16,3,0,0,1750,2),(1913,'燃烧法确定有机物的组成',16,9,0,0,1737,2),(1914,'盐-氯化镁、氮化镁、胆矾、无水硫酸铜、碱式碳酸铜等',16,4,0,0,1726,2),(1915,'有机物的分离提纯',16,6,0,0,1737,2),(1916,'氯的其它化合物（盐酸、氯酸、氯酸盐、高氯酸、高氯酸盐等）',16,3,0,0,1741,2),(1917,'化学能与热能的相互转化',16,5,0,0,1728,2),(1918,'硫化氢、金属硫化物',16,7,0,0,1752,2),(1919,'硅酸钠的性质',16,4,0,0,1734,2),(1920,'有关混合物反应的计算',16,2,0,0,1735,2),(1921,'化学性质实验的方案',16,4,0,0,1751,2),(1922,'卤族元素及化合物性质的综合应用',16,164,0,0,1741,2),(1923,'工业制取硝酸',16,2,0,0,1748,2),(1924,'饱和溶液、 溶解度、溶质的质量分数的概念及计算',16,3,0,0,1740,2),(1925,'一氧化氮、二氧化氮',16,2,0,0,1757,2),(1926,'酶',16,5,0,0,1729,2),(1927,'苯酚、酚类',16,2,0,0,1754,2),(1928,'酸、碱、盐、氧化物的概念及其相互联系',16,4,0,0,1732,2),(1929,'硝酸盐、亚硝酸盐',16,4,0,0,1757,2),(1930,'乙酸乙酯的制取',16,11,0,0,1746,2),(1931,'元素、核素、同位素、同素异形体的概念及应用',16,1,0,0,1750,2),(1932,'元素周期表的结构及其应用',16,6,0,0,1750,2),(1933,'蔗糖、麦芽糖',16,2,0,0,1729,2),(1934,'工业制取铝',16,6,0,0,1755,2),(1935,'电离方程式的书写',16,6,0,0,1753,2),(1936,'化学反应速率与化学平衡',16,1,0,0,1739,2),(1937,'物质的制备',16,5,0,0,1739,2),(1938,'硅酸的性质及制法',16,3,0,0,1734,2),(1939,'有关电化学的计算',16,9,0,0,1755,2),(1940,'难溶电解质的溶解平衡、溶度积常数及影响因素',16,9,0,0,1744,2),(1941,'元素周期律和元素周期表的综合应用',16,9,0,0,1750,2),(1942,'工业制取水煤气',16,6,0,0,1748,2),(1943,'氯气的性质、实验室制法及用途',16,1,0,0,1741,2),(1944,'晶胞的计算',16,5,0,0,1730,2),(1945,'乙酸、羧酸',16,4,0,0,1754,2),(1946,'海水资源及其综合利用',16,6,0,0,1741,2),(1947,'常见元素的名称、符号、离子符号',16,1,0,0,1753,2),(1948,'影响化学反应速率的因素及反应速率的计算',16,2,0,0,1727,2),(1949,'单质和化合物',16,3,0,0,1732,2),(1950,'粗盐的提纯',16,2,0,0,1724,2),(1951,'石油、煤的加工及产品应用',16,5,0,0,1742,2),(1952,'二氧化硫、 三氧化硫',16,3,0,0,1752,2),(1953,'甲烷的化学性质',16,3,0,0,1746,2),(1954,'盐类水解的原理及影响水解的因素',16,7,0,0,1744,2),(1955,'铵盐、 铵离子检验',16,6,0,0,1757,2),(1956,'苯、苯的同系物',16,4,0,0,1742,2),(1957,'乙烯的化学性质',16,4,0,0,1746,2),(1958,'化学平衡的影响因素',16,6,0,0,1727,2),(1959,'金属的电化学腐蚀与防护',16,8,0,0,1755,2),(1960,'溶液的配制',16,4,0,0,1745,2),(1961,'高炉炼铁',16,4,0,0,1748,2),(1962,'肥皂、合成洗涤剂',16,3,0,0,1722,2),(1963,'化学实验安全及事故处理',16,8,0,0,1745,2),(1964,'使用化石燃料的利弊及新能源的开发',16,9,0,0,1748,2),(1965,'乙酸乙酯、 酯类',16,5,0,0,1754,2),(1967,'饱和烃与不饱和烃',16,1,0,0,1737,2),(1968,'乙炔、炔烃',16,3,0,0,1742,2),(1969,'乙醛的化学性质',16,9,0,0,1746,2),(1970,'证明卤代烃中含有卤原子的实验',16,9,0,0,1724,2),(1971,'淀粉、纤维素',16,3,0,0,1729,2),(1972,'晶格能及应用',16,2,0,0,1730,2),(1973,'水溶液中离子平衡',16,3,0,0,1739,2),(1974,'营养均衡与人体健康的关系',16,6,0,0,1722,2),(1975,'物理变化与化学变化的区别与联系',16,4,0,0,1725,2),(1976,'同周期、同主族内元素性质的递变规律与原子结构的关系',16,7,0,0,1750,2),(1977,'塑料的老化和降解',16,3,0,0,1731,2),(1978,'电解质与非电解质、强电解质与弱电解质的概念',16,1,0,0,1744,2),(1979,'体系中某成分量的变化与时间、温度、压强的变化曲线',16,10,0,0,1727,2),(1980,'乙醇的化学性质',16,6,0,0,1746,2),(1981,'原子中质子数、核电荷数、中子数、核外电子数、质量数之间的相互联系',16,2,0,0,1750,2),(1982,'分子、原子、离子(原子团)',16,1,0,0,1732,2),(1983,'氧化还原反应方程式的计算',16,4,0,0,1728,2),(1984,'乙醛、醛类',16,3,0,0,1754,2),(1985,'工业合成氨',16,3,0,0,1748,2),(1986,'常用合成高分子材料的化学成分及其性能',16,2,0,0,1731,2),(1987,'苯酚钠溶液与CO2的作用',16,7,0,0,1746,2),(1988,'热化学方程式',16,6,0,0,1728,2),(1989,'离子方程式的书写与正误判断',16,11,0,0,1744,2),(1990,'药物的主要成分和疗效',16,7,0,0,1722,2),(1991,'气体发生装置的气密性检查',16,5,0,0,1745,2),(1992,'常见仪器的使用',16,1,0,0,1745,2),(1993,'乙酸的化学性质',16,10,0,0,1746,2),(1994,'碘与人体健康',16,1,0,0,1722,2),(1995,'氯水、次氯酸、次氯酸钠、漂白粉（漂白精）',16,2,0,0,1741,2),(1996,'化学反应的限度',16,4,0,0,1727,2),(1997,'氢氧化铝、铝盐和偏铝酸盐之间的转化',16,5,0,0,1733,2),(1998,'蛋白质的性质',16,2,0,0,1746,2),(1999,'有机物分子结构的确定方法',16,8,0,0,1737,2),(2000,'弱电解质、电解质溶液的导电性强弱的判断',16,3,0,0,1744,2),(2001,'化学反应机理和规律',16,2,0,0,1739,2),(2002,'离子方程式的书写及计算',16,5,0,0,1753,2),(2003,'乙烯、烯烃',16,2,0,0,1742,2),(2004,'硫酸盐、亚硫酸盐',16,5,0,0,1752,2),(2005,'盐-碳酸钠、碳酸氢钠、氯化钠、硫化钠、氮化钠等',16,4,0,0,1736,2),(2006,'有机计算',16,1,0,0,1743,2),(2007,'氧化还原反应方程式的书写',16,2,0,0,1728,2),(2008,'溶液的酸碱性及测定溶液pH的方法',16,5,0,0,1744,2),(2009,'二氧化硫的污染及治理',16,9,0,0,1722,2),(2010,'选修知识',14,4,51,27,0,2),(2011,'思想文化史',14,3,51,27,0,2),(2012,'经济文明史',14,2,51,27,0,2),(2013,'政治文明史',14,1,51,27,0,2),(2014,'古代希腊罗马的政治',15,2,0,0,2013,2),(2015,'世界资本主义经济政策的调整',15,6,0,0,2012,2),(2016,'当今世界政治格局的多极化趋势',15,8,0,0,2013,2),(2017,'科学社会主义理论和国际工人运动',15,6,0,0,2013,2),(2018,'近现代世界文学艺术',15,6,0,0,2011,2),(2019,'近现代中国的思想解放潮流和重大思想理论成果',15,4,0,0,2011,2),(2020,'新民主主义革命',15,5,0,0,2013,2),(2021,'近代社会的民主思想与实践',15,2,0,0,2010,2),(2022,'古代中国的政治制度',15,1,0,0,2013,2),(2023,'现代中国的经济建设',15,4,0,0,2012,2),(2024,'近代列强入侵与旧民主主义革命',15,4,0,0,2013,2),(2025,'历史上重大改革回眸',15,1,0,0,2010,2),(2026,'西方人文精神和民主思想的发展',15,3,0,0,2011,2),(2027,'近现代世界科学技术',15,5,0,0,2011,2),(2028,'中国近现代社会生活的变迁',15,5,0,0,2012,2),(2029,'古代中国的经济',15,1,0,0,2012,2),(2030,'古代中国的科学技术和文学艺术',15,2,0,0,2011,2),(2031,'二战后世界经济的全球化趋势',15,8,0,0,2012,2),(2032,'现代中国的政治与外交',15,7,0,0,2013,2),(2033,'俄国十月革命和苏联的社会主义建设',15,7,0,0,2012,2),(2034,'近代中国经济结构的变动和资本主义曲折发展',15,3,0,0,2012,2),(2035,'中外历史人物评说',15,3,0,0,2010,2),(2036,'古代中国主流思想的演变',15,1,0,0,2011,2),(2037,'现代中国的科技、教育与文学艺术',15,7,0,0,2011,2),(2038,'近代西方资本主义政治制度的确立与发展',15,3,0,0,2013,2),(2039,'资本主义世界市场的形成和发展过程',15,2,0,0,2012,2),(2040,'春秋战国时期的百家争鸣',16,1,0,0,2036,2),(2041,'对外开放格局',16,3,0,0,2023,2),(2042,'新中国民主政治建设',16,1,0,0,2032,2),(2043,'二战后苏联的改革',16,4,0,0,2033,2),(2044,'西方人文精神的起源',16,1,0,0,2026,2),(2045,'西周的分封制与宗法制',16,1,0,0,2022,2),(2046,'爱因斯坦与相对论',16,4,0,0,2027,2),(2047,'第一次工业革命',16,3,0,0,2039,2),(2048,'日本明治维新',16,8,0,0,2025,2),(2049,'现代中国教育事业的发展',16,3,0,0,2037,2),(2050,'罗斯福新政',16,2,0,0,2015,2),(2051,'战后资本主义世界经济体系',16,1,0,0,2031,2),(2052,'俄国十月革命',16,1,0,0,2033,2),(2053,'美国独立战争与美国共和制的确立',16,2,0,0,2038,2),(2054,'量子论',16,5,0,0,2027,2),(2055,'汉代儒学',16,2,0,0,2036,2),(2056,'斯大林模式',16,3,0,0,2033,2),(2057,'法国大革命与19世纪法国政体的变迁',16,3,0,0,2038,2),(2058,'古代中国的商业',16,3,0,0,2029,2),(2059,'中国共产党成立',16,2,0,0,2020,2),(2060,'英国革命与近代英国政治制度的发展',16,1,0,0,2038,2),(2061,'科学技术',16,1,0,0,2030,2),(2062,'晚清时期经济结构的变动',16,1,0,0,2034,2),(2063,'跨世纪世界新格局',16,3,0,0,2016,2),(2064,'古代中国的手工业',16,2,0,0,2029,2),(2065,'宋明理学',16,3,0,0,2036,2),(2066,'太平天国运动',16,2,0,0,2024,2),(2067,'1929年至1933年资本主义世界经济危机',16,1,0,0,2015,2),(2068,'大众传媒的发展',16,3,0,0,2028,2),(2069,'民族资本主义在历史发展进程中的地位和作用',16,4,0,0,2034,2),(2070,'抗日战争',16,5,0,0,2020,2),(2071,'开创外交新局面',16,5,0,0,2032,2),(2072,'新旧三民主义',16,2,0,0,2019,2),(2073,'戊戌变法',16,9,0,0,2025,2),(2074,'“百花齐放、百家争鸣”的方针',16,2,0,0,2037,2),(2075,'古代中国的农业',16,1,0,0,2029,2),(2076,'巴黎公社',16,2,0,0,2017,2),(2077,'物质生活和社会习俗的变化',16,1,0,0,2028,2),(2078,'民主政治建设的曲折发展',16,2,0,0,2032,2),(2079,'文艺复兴',16,2,0,0,2026,2),(2080,'新文化运动与马克思主义的传播',16,3,0,0,2019,2),(2081,'五四运动',16,1,0,0,2020,2),(2082,'从蒸汽机到互联网',16,3,0,0,2027,2),(2083,'商鞅变法',16,1,0,0,2025,2),(2084,'1861年俄国农奴制改革',16,7,0,0,2025,2),(2085,'19到20世纪的世界文学艺术',16,1,0,0,2018,2),(2086,'进化论',16,2,0,0,2027,2),(2087,'物理学的重大进展',16,1,0,0,2027,2),(2088,'毛泽东思想',16,4,0,0,2019,2),(2089,'民国时期民族资本主义的曲折发展',16,3,0,0,2034,2),(2090,'北魏孝文帝改革',16,3,0,0,2025,2),(2091,'梭伦改革',16,2,0,0,2025,2),(2092,'宗教改革',16,5,0,0,2025,2),(2093,'经济全球化的趋势',16,4,0,0,2031,2),(2094,'战时共产主义和新经济政策',16,2,0,0,2033,2),(2095,'德意志帝国君主立宪制的确立',16,4,0,0,2038,2),(2096,'邓小平理论',16,5,0,0,2019,2),(2097,'第二次工业革命',16,4,0,0,2039,2),(2098,'秦朝中央集权制度',16,2,0,0,2022,2),(2099,'书画与戏曲艺术',16,2,0,0,2030,2),(2100,'罗马法',16,2,0,0,2014,2),(2101,'启蒙运动',16,4,0,0,2026,2),(2102,'从汉到元的政治制度演变',16,3,0,0,2022,2),(2103,'世界多极化趋势',16,2,0,0,2016,2),(2104,'辛亥革命与中华民国成立',16,4,0,0,2024,2),(2105,'经济体制改革',16,2,0,0,2023,2),(2106,'殖民扩张与掠夺',16,2,0,0,2039,2),(2107,'“三个代表”',16,6,0,0,2019,2),(2108,'二战后资本主义的新变化',16,3,0,0,2015,2),(2109,'“一国两制”的理论和祖国统一',16,3,0,0,2032,2),(2110,'近代前期列强侵华与中国人民的反抗斗争',16,1,0,0,2024,2),(2111,'文学成就',16,3,0,0,2030,2),(2112,'民族资本主义的兴起及初步发展',16,2,0,0,2034,2),(2113,'王安石变法',16,4,0,0,2025,2),(2114,'国共合作与国民革命',16,3,0,0,2020,2),(2115,'世界贸易组织和中国的加入',16,3,0,0,2031,2),(2116,'戊戌变法和清末新版',16,3,0,0,2024,2),(2117,'解放战争',16,6,0,0,2020,2),(2118,'资本主义世界市场的形成和拓展',16,5,0,0,2039,2),(2119,'明清君主专制的加强',16,4,0,0,2022,2),(2120,'建国以来的重大科技成就',16,1,0,0,2037,2),(2121,'雅典民主政治',16,1,0,0,2014,2),(2122,'从师夷长技、体用之争到维新思想',16,1,0,0,2019,2),(2123,'新航路的开辟',16,1,0,0,2039,2),(2124,'两极格局的形成',16,1,0,0,2016,2),(2125,'现代信息技术',16,6,0,0,2027,2),(2126,'默罕默德·阿里改革',16,6,0,0,2025,2),(2127,'明清之际的儒家思想',16,4,0,0,2036,2),(2128,'社会主义经济建设的曲折发展',16,1,0,0,2023,2),(2129,'世界经济的区域集团化',16,2,0,0,2031,2),(2130,'交通、通讯工具的进步',16,2,0,0,2028,2),(2131,'《共产党宣言》',16,1,0,0,2017,2),(2132,'古代的经济政策',16,4,0,0,2029,2),(2133,'国共十年对峙',16,4,0,0,2020,2),(2134,'新中国的外交',16,4,0,0,2032,2),(2135,'区域地理',14,3,51,28,0,2),(2136,'选修地理',14,4,51,28,0,2),(2137,'自然地理',14,1,51,28,0,2),(2138,'中国地理',14,5,51,28,0,2),(2139,'世界地理',14,6,51,28,0,2),(2140,'人文地理',14,2,51,28,0,2),(2141,'自然环境的整体性与差异性',15,6,0,0,2137,2),(2142,'人类活动的地域联系',15,5,0,0,2140,2),(2143,'地表形态的塑造',15,5,0,0,2137,2),(2144,'自然环境对人类活动的影响',15,7,0,0,2137,2),(2145,'区域联系与区域协调发展',15,5,0,0,2135,2),(2146,'人口的变化',15,1,0,0,2140,2),(2147,'区域生态环境建设',15,2,0,0,2135,2),(2148,'区域经济发展',15,4,0,0,2135,2),(2149,'地球上的水',15,4,0,0,2137,2),(2150,'城乡规划',15,4,0,0,2136,2),(2151,'海洋地理',15,2,0,0,2136,2),(2152,'农业地域的形成与发展',15,3,0,0,2140,2),(2153,'区域自然资源综合开发利用',15,3,0,0,2135,2),(2154,'宇宙中的地球',15,2,0,0,2137,2),(2155,'城市与城市化',15,2,0,0,2140,2),(2156,'地球与地图',15,1,0,0,2137,2),(2157,'-',15,17,0,0,2139,2),(2158,'自然灾害与防治',15,5,0,0,2136,2),(2159,'旅游地理',15,3,0,0,2136,2),(2160,'工业地域的形成与发展',15,4,0,0,2140,2),(2161,'区域地理环境与人类活动',15,1,0,0,2135,2),(2162,'人类与地理环境的协调发展',15,6,0,0,2140,2),(2163,'环境保护',15,6,0,0,2136,2),(2164,'宇宙和地球',15,1,0,0,2136,2),(2165,'地球上的大气',15,3,0,0,2137,2),(2166,'工业地域的形成及工业生产活动对地理环境的影响',16,2,0,0,2160,2),(2167,'海水运动',16,2,0,0,2149,2),(2168,'森林的开发和保护',16,2,0,0,2147,2),(2169,'资源的跨区域调配',16,1,0,0,2145,2),(2170,'人口的数量变化与人口的合理容量',16,1,0,0,2146,2),(2171,'人口的空间变化',16,2,0,0,2146,2),(2172,'城市的空间结构与城市的服务功能',16,1,0,0,2155,2),(2173,'全球气候变化对人类活动的影响',16,4,0,0,2144,2),(2174,'自然地理环境的整体性',16,1,0,0,2141,2),(2175,'流域的综合开发',16,2,0,0,2153,2),(2176,'可持续发展的基本内涵与协调人地关系的途径',16,2,0,0,2162,2),(2177,'农业的地域类型及农业生产活动对地理环境的影响',16,2,0,0,2152,2),(2178,'地表形态对聚落及交通线路分布的影响',16,3,0,0,2144,2),(2179,'工业的区位选择',16,1,0,0,2160,2),(2180,'区域工业化与城市化',16,2,0,0,2148,2),(2181,'能源资源的开发',16,1,0,0,2153,2),(2182,'地域文化对城市的影响',16,3,0,0,2155,2),(2183,'气压带和风带',16,3,0,0,2165,2),(2184,'常见天气系统',16,4,0,0,2165,2),(2185,'自然地理环境的差异性',16,2,0,0,2141,2),(2186,'荒漠化的防治',16,1,0,0,2147,2),(2187,'水循环与水资源的合理利用',16,1,0,0,2149,2),(2188,'地壳物质循环',16,1,0,0,2143,2),(2189,'地球自转及其地理意义',16,2,0,0,2154,2),(2190,'产业转移',16,2,0,0,2145,2),(2191,'大气的受热过程',16,1,0,0,2165,2),(2192,'自然灾害与人类活动',16,2,0,0,2144,2),(2193,'大气的运动',16,2,0,0,2165,2),(2194,'地球的宇宙环境与地球的圈层结构',16,1,0,0,2154,2),(2195,'农业的区位选择',16,1,0,0,2152,2),(2196,'地图基础知识',16,2,0,0,2156,2),(2197,'营造地表形态的力量',16,2,0,0,2143,2),(2198,'区域水土流失及其治理',16,3,0,0,2147,2),(2199,'湿地资源的开发与保护',16,4,0,0,2147,2),(2200,'地理环境对区域发展的影响',16,1,0,0,2161,2),(2201,'人地关系思想的演变',16,1,0,0,2162,2),(2202,'交通运输布局对区域发展的影响',16,2,0,0,2142,2),(2203,'地球公转及其地理意义',16,3,0,0,2154,2),(2204,'区域农业发展',16,1,0,0,2148,2),(2205,'气候的形成与变化',16,5,0,0,2165,2),(2206,'自然资源与人类活动',16,1,0,0,2144,2),(2207,'地理信息技术的应用',16,2,0,0,2161,2),(2208,'交通运输方式和布局',16,1,0,0,2142,2),(2209,'城市化及其对环境的影响',16,2,0,0,2155,2),(2210,'地球和地球仪',16,1,0,0,2156,2),(2211,'经济学常识',14,5,51,29,0,2),(2212,'政治生活',14,2,51,29,0,2),(2213,'经济生活',14,1,51,29,0,2),(2214,'国家和国际组织常识',14,6,51,29,0,2),(2215,'生活与哲学',14,4,51,29,0,2),(2216,'文化生活',14,3,51,29,0,2),(2217,'认识社会与价值选择',15,4,0,0,2215,2),(2218,'当代国际社会',15,4,0,0,2212,2),(2219,'探索世界与追求真理',15,2,0,0,2215,2),(2220,'社会主义经济理论的初期探讨',15,4,0,0,2211,2),(2221,'中华文化与民族精神',15,3,0,0,2216,2),(2222,'思维方法与创新意识',15,3,0,0,2215,2),(2223,'古典经济学巨匠的理论遗产',15,1,0,0,2211,2),(2224,'收入与分配',15,3,0,0,2213,2),(2225,'生活与消费',15,1,0,0,2213,2),(2226,'西方国家现代市场经济的兴起于主要模式',15,3,0,0,2211,2),(2227,'公民的政治生活',15,1,0,0,2212,2),(2228,'中国社会主义市场经济的探索',15,5,0,0,2211,2),(2229,'马克思主义经济学的伟大贡献',15,2,0,0,2211,2),(2230,'日益重要的国际组织',15,5,0,0,2214,2),(2231,'文化传承与创新',15,2,0,0,2216,2),(2232,'为人民服务的政府',15,2,0,0,2212,2),(2233,'发展社会主义市场经济',15,4,0,0,2213,2),(2234,'各具特色的国家和国际组织',15,1,0,0,2214,2),(2235,'发展中国特色社会主义文化',15,4,0,0,2216,2),(2236,'生产、劳动与经营',15,2,0,0,2213,2),(2237,'生活智慧与时代精神',15,1,0,0,2215,2),(2238,'文化与生活',15,1,0,0,2216,2),(2239,'君主立宪制和民主共和制',15,2,0,0,2214,2),(2240,'联邦制、两党制、三权分立',15,3,0,0,2214,2),(2241,'发展社会主义民主政治',15,3,0,0,2212,2),(2242,'民主集中制',15,4,0,0,2214,2),(2243,'客观规律与主观能动性',16,3,0,0,2219,2),(2244,'面对经济全球化，全面提高开放型经济水平',16,3,0,0,2233,2),(2245,'商业银行与投资',16,5,0,0,2236,2),(2246,'文化创新',16,4,0,0,2231,2),(2247,'市场配置资源与宏观调控',16,1,0,0,2233,2),(2248,'唯心主义及其形态',16,4,0,0,2237,2),(2249,'唯物辩证法的联系观',16,1,0,0,2222,2),(2250,'世界政治经济发展的基本趋势',16,2,0,0,2218,2),(2251,'唯物辩证法与创新意识',16,4,0,0,2222,2),(2252,'企业及其经营发展',16,3,0,0,2236,2),(2253,'我国独立自主的和平外交政策',16,3,0,0,2218,2),(2254,'我国公民参与政治生活的基本原则和主要内容',16,3,0,0,2227,2),(2255,'创造与实现人生价值',16,6,0,0,2217,2),(2256,'物质与意识',16,2,0,0,2219,2),(2257,'哲学是什么',16,1,0,0,2237,2),(2258,'收入分配与社会公平',16,1,0,0,2224,2),(2259,'中华文化基本特征',16,1,0,0,2221,2),(2260,'我国的基本经济制度',16,2,0,0,2236,2),(2261,'民族区域自治制度和宗教政策',16,3,0,0,2241,2),(2262,'物质与运动',16,1,0,0,2219,2),(2263,'价值判断与价值选择',16,5,0,0,2217,2),(2264,'科学发展观和小康社会的经济建设',16,2,0,0,2233,2),(2265,'社会基本矛盾及历史发展总趋势',16,2,0,0,2217,2),(2266,'生产与消费的关系',16,1,0,0,2236,2),(2267,'财政与税收',16,2,0,0,2224,2),(2268,'我国的国体及其本质',16,1,0,0,2227,2),(2269,'世界文化的多样性',16,1,0,0,2231,2),(2270,'价值与价值观的导向作用',16,4,0,0,2217,2),(2271,'我国的人民代表大会制度',16,1,0,0,2241,2),(2272,'我国公民的政治权利、义务及其实现途径',16,2,0,0,2227,2),(2273,'社会存在和社会意识',16,1,0,0,2217,2),(2274,'唯物辩证法的发展观',16,2,0,0,2222,2),(2275,'政府权力的运行：决策、执行、监督',16,2,0,0,2232,2),(2276,'唯物主义及其形态',16,3,0,0,2237,2),(2277,'中国共产党领导的多党合作和政治协商制度',16,2,0,0,2241,2),(2278,'消费及消费观',16,5,0,0,2225,2),(2279,'影响价格的因素',16,3,0,0,2225,2),(2280,'建设社会主义文化强国',16,2,0,0,2235,2),(2281,'实践、真理和认识',16,4,0,0,2219,2),(2282,'培育和弘扬民族精神',16,2,0,0,2221,2),(2283,'文化的交流和传播',16,2,0,0,2231,2),(2284,'价格变动的影响',16,4,0,0,2225,2),(2285,'劳动与就业',16,4,0,0,2236,2),(2286,'国际社会的主体及国际关系的决定因素',16,1,0,0,2218,2),(2287,'人民群众是社会历史的主体',16,3,0,0,2217,2),(2288,'哲学史概述',16,5,0,0,2237,2),(2289,'信用工具及外汇',16,2,0,0,2225,2),(2290,'文化对人的影响',16,2,0,0,2238,2),(2291,'文化及其社会作用',16,1,0,0,2238,2),(2292,'唯物辩证法的实质与核心',16,3,0,0,2222,2),(2293,'哲学的基本问题',16,2,0,0,2237,2),(2294,'加强社会主义思想道德建设',16,3,0,0,2235,2),(2295,'货币及其本质',16,1,0,0,2225,2),(2296,'走进文化生活',16,1,0,0,2235,2),(2297,'政府的性质、责任及其基本职能',16,1,0,0,2232,2),(2298,'文化的继承和发展',16,3,0,0,2231,2),(2299,'推理与证明',14,18,51,22,0,2),(2300,'立体几何',14,10,51,22,0,2),(2301,'几何证明选讲',14,12,51,22,0,2),(2302,'导数及其应用',14,6,51,22,0,2),(2303,'常用逻辑用语',14,2,51,22,0,2),(2304,'不等式选讲',14,19,51,22,0,2),(2305,'复数',14,17,51,22,0,2),(2306,'平面解析几何',14,11,51,22,0,2),(2307,'算法初步与框图',14,15,51,22,0,2),(2308,'平面向量',14,8,51,22,0,2),(2309,'统计',14,14,51,22,0,2),(2310,'函数',14,3,51,22,0,2),(2311,'函数的应用',14,4,51,22,0,2),(2312,'概率',14,13,51,22,0,2),(2313,'高等数学',14,20,51,22,0,2),(2314,'基本初等函数（Ⅰ）',14,5,51,22,0,2),(2315,'集合',14,1,51,22,0,2),(2316,'数学知识拓展',14,21,51,22,0,2),(2317,'不等式',14,9,51,22,0,2),(2318,'数列',14,16,51,22,0,2),(2319,'三角函数',14,7,51,22,0,2),(2320,'函数及其表示',15,1,0,0,2310,2),(2321,'统计',15,1,0,0,2309,2),(2322,'三角恒等变换',15,4,0,0,2319,2),(2323,'数学归纳法与贝努利不等式',15,3,0,0,2304,2),(2324,'对数与对数函数',15,3,0,0,2314,2),(2325,'任意角的概念与弧度制',15,1,0,0,2319,2),(2326,'平面向量的数量积',15,3,0,0,2308,2),(2327,'数列与差分',15,3,0,0,2313,2),(2328,'矩阵',15,1,0,0,2313,2),(2329,'函数的应用（Ⅱ）',15,5,0,0,2314,2),(2330,'数学归纳法',15,3,0,0,2299,2),(2331,'任意角的三角函数',15,2,0,0,2319,2),(2332,'统筹法与图论初步、风险与决策',15,5,0,0,2313,2),(2333,'不等关系与不等式',15,1,0,0,2317,2),(2334,'幂函数',15,4,0,0,2314,2),(2335,'初等数论的有关知识',15,2,0,0,2316,2),(2336,'数学史选讲',15,1,0,0,2316,2),(2337,'空间几何体',15,1,0,0,2300,2),(2338,'直接证明与间接证明',15,2,0,0,2299,2),(2339,'参数方程',15,5,0,0,2306,2),(2340,'几何证明选讲',15,1,0,0,2301,2),(2341,'框图',15,4,0,0,2307,2),(2342,'坐标系',15,4,0,0,2306,2),(2343,'一元二次不等式及其解法',15,3,0,0,2317,2),(2344,'二元一次不等式（组）与简单的线性规划问题',15,4,0,0,2317,2),(2345,'解三角形',15,5,0,0,2319,2),(2346,'不等式的基本性质和证明的基本方法',15,1,0,0,2304,2),(2347,'向量的应用',15,4,0,0,2308,2),(2348,'基本算法语句',15,2,0,0,2307,2),(2349,'导数概念及其几何意义',15,1,0,0,2302,2),(2350,'复数的运算',15,2,0,0,2305,2),(2351,'算法与程序框图',15,1,0,0,2307,2),(2352,'数系的扩充与复数的概念',15,1,0,0,2305,2),(2353,'向量的线性运算',15,1,0,0,2308,2),(2354,'空间向量',15,3,0,0,2300,2),(2355,'三角函数图像与性质',15,3,0,0,2319,2),(2356,'开关电路与布尔代数',15,6,0,0,2313,2),(2357,'均值不等式',15,2,0,0,2317,2),(2358,'一次函数和二次函数',15,1,0,0,2314,2),(2359,'初等数论初步、优选法与试验设计初步',15,4,0,0,2313,2),(2360,'数列综合问题',15,4,0,0,2318,2),(2361,'集合间的基本关系',15,2,0,0,2315,2),(2362,'全称量词与存在量词',15,2,0,0,2303,2),(2363,'概率',15,2,0,0,2312,2),(2364,'函数的应用（Ⅰ）',15,2,0,0,2311,2),(2365,'等差数列',15,2,0,0,2318,2),(2366,'集合间的基本运算',15,3,0,0,2315,2),(2367,'函数与方程',15,1,0,0,2311,2),(2368,'点、线、面之间的位置关系',15,2,0,0,2300,2),(2369,'函数的基本性质',15,2,0,0,2310,2),(2370,'优选法',15,2,0,0,2313,2),(2371,'集合的含义与表示',15,1,0,0,2315,2),(2372,'向量的分解与向量的坐标运算',15,2,0,0,2308,2),(2373,'圆的方程',15,2,0,0,2306,2),(2374,'合情推理与演绎推理',15,1,0,0,2299,2),(2375,'中国古代数学中的算法案例',15,3,0,0,2307,2),(2376,'等比数列',15,3,0,0,2318,2),(2377,'欧拉公式与闭曲面分类',15,6,0,0,2316,2),(2378,'对称与群',15,5,0,0,2316,2),(2379,'随机变量及其分布',15,3,0,0,2312,2),(2380,'定积分与微积分基本定理',15,4,0,0,2302,2),(2381,'导数的运算',15,2,0,0,2302,2),(2382,'直线的方程',15,1,0,0,2306,2),(2383,'计数原理',15,1,0,0,2312,2),(2384,'导数的应用',15,3,0,0,2302,2),(2385,'柯西不等式与排序不等式及其应用',15,2,0,0,2304,2),(2386,'指数与指数函数',15,2,0,0,2314,2),(2387,'圆锥曲线',15,3,0,0,2306,2),(2388,'球面上的几何',15,4,0,0,2316,2),(2389,'命题及其关系',15,1,0,0,2303,2),(2390,'简单逻辑联结词',15,3,0,0,2303,2),(2391,'三等分角与数域扩充',15,7,0,0,2316,2),(2392,'数列',15,1,0,0,2318,2),(2393,'信息安全与密码',15,3,0,0,2316,2),(2394,'统计案例',15,2,0,0,2309,2),(2395,'充分条件与必要条件',15,4,0,0,2303,2),(2396,'n次独立重复试验',16,3,0,0,2379,2),(2397,'诱导公式',16,5,0,0,2331,2),(2398,'微积分基本定理',16,2,0,0,2380,2),(2399,'绝对值的三角不等式',16,2,0,0,2346,2),(2400,'系统抽样',16,2,0,0,2321,2),(2401,'平面向量数量积的运算律及性质',16,2,0,0,2326,2),(2402,'任意角三角函数的定义',16,1,0,0,2331,2),(2403,'利用递推公式求数列通项公式',16,1,0,0,2360,2),(2404,'简单随机抽样',16,1,0,0,2321,2),(2405,'极坐标系与直角坐标系的关系',16,3,0,0,2342,2),(2406,'函数零点的概念',16,1,0,0,2367,2),(2407,'平面向量的基本定理及其意义',16,1,0,0,2372,2),(2408,'随机数的含义与应用',16,7,0,0,2363,2),(2409,'直线的斜截式方程',16,5,0,0,2382,2),(2410,'用样本的数字特征估计总体的数字特征',16,6,0,0,2321,2),(2411,'平面的法向量与平面的向量表示',16,8,0,0,2354,2),(2412,'平行投影的性质',16,13,0,0,2354,2),(2413,'简单线性规划的应用',16,3,0,0,2344,2),(2414,'最大值与最小值问题，优化的数学模型',16,4,0,0,2385,2),(2415,'向量加法法则及几何意义',16,3,0,0,2353,2),(2416,'二面角及其度量',16,12,0,0,2354,2),(2417,'条件概率',16,1,0,0,2379,2),(2418,'函数奇偶性与单调性的综合',16,6,0,0,2369,2),(2419,'直线与圆的综合问题',16,7,0,0,2373,2),(2420,'正弦定理',16,1,0,0,2345,2),(2421,'指数函数的图像及性质',16,2,0,0,2386,2),(2422,'直线与圆的位置关系及其条件',16,4,0,0,2373,2),(2423,'函数零点存在性判定定理',16,2,0,0,2367,2),(2424,'映射、函数的概念',16,1,0,0,2320,2),(2425,'半角的正弦、余弦、正切',16,6,0,0,2322,2),(2426,'复合函数单调性',16,2,0,0,2369,2),(2427,'相似三角形的性质与判定',16,1,0,0,2340,2),(2428,'弧度与角度的互化',16,2,0,0,2325,2),(2429,'圆的切线',16,4,0,0,2340,2),(2430,'对象与集合、集合之间的关系',16,1,0,0,2361,2),(2431,'空间向量的直角坐标运算',16,6,0,0,2354,2),(2432,'均值不等式',16,3,0,0,2385,2),(2433,'函数最值',16,4,0,0,2369,2),(2434,'命题的真假',16,1,0,0,2389,2),(2435,'圆的标准方程',16,1,0,0,2373,2),(2436,'圆锥曲线的参数方程',16,4,0,0,2339,2),(2437,'绝对值不等式',16,1,0,0,2346,2),(2438,'等可能事件及其概率',16,4,0,0,2363,2),(2439,'圆周角定理',16,5,0,0,2340,2),(2440,'排序不等式',16,2,0,0,2385,2),(2441,'全称量词与存在量词',16,1,0,0,2362,2),(2442,'空间两点的距离公式',16,2,0,0,2354,2),(2443,'函数的应用（Ⅰ）',16,1,0,0,2364,2),(2444,'弦切角定理',16,6,0,0,2340,2),(2445,'向量减法法则及几何意义',16,4,0,0,2353,2),(2446,'直线的一般式方程',16,8,0,0,2382,2),(2447,'三角形面积公式',16,3,0,0,2345,2),(2448,'演绎推理',16,2,0,0,2374,2),(2449,'二倍角的正弦、余弦、正切',16,5,0,0,2322,2),(2450,'导数的几何意义',16,3,0,0,2349,2),(2451,'等比数列前n项和公式',16,2,0,0,2376,2),(2452,'古典概型',16,5,0,0,2363,2),(2453,'一次函数的图象与性质',16,1,0,0,2358,2),(2454,'分步乘法计数原理',16,2,0,0,2383,2),(2455,'点到直线距离公式及应用',16,11,0,0,2382,2),(2456,'对数函数的图像及性质',16,4,0,0,2324,2),(2457,'三角函数线',16,2,0,0,2331,2),(2458,'复数的除法',16,3,0,0,2350,2),(2459,'优选法的概念',16,2,0,0,2328,2),(2460,'复数的乘法',16,2,0,0,2350,2),(2461,'数量积的坐标表示',16,3,0,0,2326,2),(2462,'条件语句',16,2,0,0,2348,2),(2463,'集合的运算',16,1,0,0,2366,2),(2464,'求函数零点近似解的一种计算方法——二分法',16,3,0,0,2367,2),(2465,'独立事件与乘法公式',16,2,0,0,2379,2),(2466,'不等式的实际应用',16,4,0,0,2344,2),(2467,'函数的周期性',16,7,0,0,2369,2),(2468,'分段函数',16,7,0,0,2320,2),(2469,'对数的概念及其运算',16,1,0,0,2324,2),(2470,'柱坐标系和球坐标系',16,6,0,0,2342,2),(2471,'函数值域及求法',16,4,0,0,2320,2),(2472,'线性回归方程',16,9,0,0,2321,2),(2473,'圆柱、圆锥、圆台和球',16,3,0,0,2337,2),(2474,'平面向量共线（平行）的坐标表示',16,4,0,0,2372,2),(2475,'直线和圆的参数方程',16,3,0,0,2339,2),(2476,'向量的概念',16,1,0,0,2353,2),(2477,'数学归纳法原理',16,5,0,0,2385,2),(2478,'二项式定理',16,6,0,0,2383,2),(2479,'常见函数与幂函数的导数',16,1,0,0,2381,2),(2480,'有关直线的对称问题',16,13,0,0,2382,2),(2481,'圆柱面的内切球与圆柱面的平面截线',16,16,0,0,2354,2),(2482,'设计程序框图解决实际问题',16,4,0,0,2351,2),(2483,'柱、锥、台的体积',16,9,0,0,2337,2),(2484,'曲边梯形面积与定积分',16,1,0,0,2380,2),(2485,'直线的两点式方程',16,6,0,0,2382,2),(2486,'秦九韶算法',16,3,0,0,2375,2),(2487,'实数指数幂及其运算',16,1,0,0,2386,2),(2488,'用样本的频率分布估计总体的频率分布',16,4,0,0,2321,2),(2489,'点与圆的位置关系',16,3,0,0,2373,2),(2490,'循环语句',16,3,0,0,2348,2),(2491,'数列与其它知识点的综合',16,3,0,0,2360,2),(2492,'任意角的概念',16,1,0,0,2325,2),(2493,'利用导数判断函数的单调性',16,1,0,0,2384,2),(2494,'随机事件的概率',16,1,0,0,2363,2),(2495,'数列的递推式',16,2,0,0,2392,2),(2496,'离散型随机变量分布列',16,5,0,0,2379,2),(2497,'椭圆的定义及标准方程',16,2,0,0,2387,2),(2498,'实数系',16,1,0,0,2352,2),(2499,'曲线与方程的概念',16,1,0,0,2387,2),(2500,'弧长公式、扇形面积公式',16,3,0,0,2325,2),(2501,'全称命题与特称命题',16,2,0,0,2362,2),(2502,'直线与椭圆',16,4,0,0,2387,2),(2503,'参数方程的概念',16,1,0,0,2339,2),(2504,'二次函数的图象与性质',16,2,0,0,2358,2),(2505,'数列的概念及表示',16,1,0,0,2392,2),(2506,'圆锥面及内切球',16,17,0,0,2354,2),(2507,'回归分析',16,2,0,0,2394,2),(2508,'平面的概念、画法及表示',16,1,0,0,2368,2),(2509,'平面直角坐标系中的基本公式',16,1,0,0,2382,2),(2510,'复数的加法与减法',16,1,0,0,2350,2),(2511,'函数图像的作法',16,6,0,0,2320,2),(2512,'圆与圆的位置关系',16,8,0,0,2373,2),(2513,'频率与概率',16,2,0,0,2363,2),(2514,'曲线的参数方程',16,2,0,0,2339,2),(2515,'函数的单调性及单调区间',16,1,0,0,2369,2),(2516,'同角三角函数间的基本关系及应用',16,4,0,0,2331,2),(2517,'余弦函数的图像与性质',16,2,0,0,2355,2),(2518,'辗转相除求最大公约数',16,2,0,0,2375,2),(2519,'数学归纳法应用举例',16,2,0,0,2330,2),(2520,'正切函数的图像与性质',16,3,0,0,2355,2),(2521,'离散型随机变量的数学期望',16,8,0,0,2379,2),(2522,'直线与抛物线',16,10,0,0,2387,2),(2523,'向量在物理中的应用',16,2,0,0,2347,2),(2524,'频率分布折线图、密度曲线',16,5,0,0,2321,2),(2525,'圆锥曲线的统一定义',16,18,0,0,2354,2),(2526,'复数的几何意义',16,3,0,0,2352,2),(2527,'向量的几何表示',16,2,0,0,2353,2),(2528,'已知三角函数值求角',16,4,0,0,2355,2),(2529,'离散型随机变量',16,4,0,0,2379,2),(2530,'利用导数研究函数的极值',16,2,0,0,2384,2),(2531,'曲线的极坐标方程',16,4,0,0,2342,2),(2532,'正弦函数的图像与性质',16,1,0,0,2355,2),(2533,'比较法',16,3,0,0,2346,2),(2534,'柱、锥、台的侧面积和表面积',16,8,0,0,2337,2),(2535,'几何概型',16,6,0,0,2363,2),(2536,'反证法',16,2,0,0,2338,2),(2537,'组合及组合数公式',16,4,0,0,2383,2),(2538,'两直线垂直的条件',16,10,0,0,2382,2),(2539,'函数的奇偶性',16,5,0,0,2369,2),(2540,'直线方程的概念',16,2,0,0,2382,2),(2541,'概率的加法公式',16,3,0,0,2363,2),(2542,'空间中平行关系的向量证明',16,9,0,0,2354,2),(2543,'函数解析式及求法',16,3,0,0,2320,2),(2544,'反函数',16,6,0,0,2324,2),(2545,'直线与平面平行的判定与性质',16,2,0,0,2368,2),(2546,'三角函数的积化和差与和差化积',16,7,0,0,2322,2),(2547,'三视图',16,7,0,0,2337,2),(2548,'导数的四则运算法则',16,3,0,0,2381,2),(2549,'非命题',16,2,0,0,2390,2),(2550,'集合的表示方法',16,2,0,0,2371,2),(2551,'三种基本逻辑结构和框图表示',16,3,0,0,2351,2),(2552,'双曲线的定义及标准方程',16,5,0,0,2387,2),(2553,'常用优选法',16,1,0,0,2370,2),(2554,'简单线性规划',16,2,0,0,2344,2),(2555,'对数函数的定义',16,3,0,0,2324,2),(2556,'空间直角坐标系',16,1,0,0,2354,2),(2557,'直线与双曲线',16,7,0,0,2387,2),(2558,'一些常见曲线的参数方程',16,5,0,0,2339,2),(2559,'斜二测画法',16,5,0,0,2337,2),(2560,'余弦定理',16,2,0,0,2345,2),(2561,'数乘向量及几何意义',16,5,0,0,2353,2),(2562,'分类加法计数原理',16,1,0,0,2383,2),(2563,'直线的点斜式方程',16,4,0,0,2382,2),(2564,'抛物线的几何性质及应用',16,9,0,0,2387,2),(2565,'矩阵与变换',16,2,0,0,2323,2),(2566,'构成空间几何体的基本元素',16,1,0,0,2337,2),(2567,'均值不等式及应用',16,1,0,0,2357,2),(2568,'极坐标系',16,2,0,0,2342,2),(2569,'距离（选学）',16,19,0,0,2354,2),(2570,'平面向量的正交分解及坐标表示',16,2,0,0,2372,2),(2571,'两直线相交、平行、重合的条件',16,9,0,0,2382,2),(2572,'四种命题及其关系',16,2,0,0,2389,2),(2573,'函数定义域及求法',16,2,0,0,2320,2),(2574,'两平行线之间的距离',16,12,0,0,2382,2),(2575,'圆的极坐标方程',16,5,0,0,2342,2),(2576,'抛物线的定义及标准方程',16,8,0,0,2387,2),(2577,'等比数列',16,1,0,0,2376,2),(2578,'赋值语句和输入输出语句',16,1,0,0,2348,2),(2579,'瞬时速度与导数',16,2,0,0,2349,2),(2580,'棱柱、棱锥和棱台的结构特征',16,2,0,0,2337,2),(2581,'柯西不等式',16,1,0,0,2385,2),(2582,'独立性检验',16,1,0,0,2394,2),(2583,'平面与平面平行的判定与性质',16,3,0,0,2368,2),(2584,'分段函数单调性',16,3,0,0,2369,2),(2585,'算法的概念',16,1,0,0,2351,2),(2586,'向量在几何中的应用',16,1,0,0,2347,2),(2587,'两个变量的线性相关',16,7,0,0,2321,2),(2588,'两个向量的数量积',16,5,0,0,2354,2),(2589,'排列及排列数公式',16,3,0,0,2383,2),(2590,'复合函数求导',16,4,0,0,2381,2),(2591,'等差与等比数列综合',16,3,0,0,2376,2),(2592,'函数的平均变化率',16,1,0,0,2349,2),(2593,'换底公式及应用',16,2,0,0,2324,2),(2594,'向量的共线定理',16,7,0,0,2353,2),(2595,'反三角函数',16,5,0,0,2355,2),(2596,'二元一次不等式（组）所表示的平面区域',16,1,0,0,2344,2),(2597,'散点图、最小二乘法',16,8,0,0,2321,2),(2598,'直线与平面垂直的判定与性质',16,4,0,0,2368,2),(2599,'两角和与差的正切',16,4,0,0,2322,2),(2600,'平面直角坐标系',16,1,0,0,2342,2),(2601,'单位圆',16,3,0,0,2331,2),(2602,'空间中垂直关系的向量证明',16,10,0,0,2354,2),(2603,'平面向量的坐标运算',16,3,0,0,2372,2),(2604,'函数的应用（Ⅱ）',16,1,0,0,2329,2),(2605,'程序框图',16,2,0,0,2351,2),(2606,'数量积表示两个向量的夹角',16,4,0,0,2326,2),(2607,'数学归纳法',16,1,0,0,2330,2),(2608,'圆柱面的平面截线',16,14,0,0,2354,2),(2609,'不等关系与不等式',16,1,0,0,2333,2),(2610,'幂函数图像及性质',16,2,0,0,2334,2),(2611,'中心投影',16,6,0,0,2337,2),(2612,'函数的对称性',16,8,0,0,2369,2),(2613,'空间向量的基本定理',16,4,0,0,2354,2),(2614,'空间向量的线性运算',16,3,0,0,2354,2),(2615,'集合的概念',16,1,0,0,2371,2),(2616,'一元二次不等式及其解法',16,1,0,0,2343,2),(2617,'射影定理',16,3,0,0,2340,2),(2618,'定积分的应用',16,3,0,0,2380,2),(2619,'或命题与且命题',16,1,0,0,2390,2),(2620,'直线的截距式方程',16,7,0,0,2382,2),(2621,'直线的倾斜角与斜率',16,3,0,0,2382,2),(2622,'球的切线与切平面',16,15,0,0,2354,2),(2623,'更相减损术',16,1,0,0,2375,2),(2624,'离散型随机变量的方差',16,9,0,0,2379,2),(2625,'平行投影与直观图',16,4,0,0,2337,2),(2626,'应用举例',16,4,0,0,2345,2),(2627,'正态分布',16,11,0,0,2379,2),(2628,'椭圆的几何性质及应用',16,3,0,0,2387,2),(2629,'导数公式表',16,2,0,0,2381,2),(2630,'两角和与差的正弦',16,3,0,0,2322,2),(2631,'等差数列前n项和公式',16,2,0,0,2365,2),(2632,'向量数量积的物理背景与定义',16,1,0,0,2326,2),(2633,'反证法和放缩法',16,5,0,0,2346,2),(2634,'类比推理和归纳推理',16,1,0,0,2374,2),(2635,'排列组合的综合应用',16,5,0,0,2383,2),(2636,'圆幂定理与圆内接四边形',16,7,0,0,2340,2),(2637,'函数y=Asin（wx+φ）的图象与性质',16,1,0,0,2322,2),(2638,'综合法与分析法',16,1,0,0,2338,2),(2639,'直线与平面的夹角',16,11,0,0,2354,2),(2640,'函数的表示方法',16,5,0,0,2320,2),(2641,'两角和与差的余弦',16,2,0,0,2322,2),(2642,'逆变换与逆矩阵',16,1,0,0,2328,2),(2643,'等差数列',16,1,0,0,2365,2),(2644,'流程图、结构图',16,1,0,0,2341,2),(2645,'圆的切线方程',16,5,0,0,2373,2),(2646,'平面与平面垂直的判定与性质',16,5,0,0,2368,2),(2647,'幂函数定义',16,1,0,0,2334,2),(2648,'双曲线的几何性质及应用',16,6,0,0,2387,2),(2649,'平行向量与共线向量',16,6,0,0,2353,2),(2650,'正态分布曲线的特点及曲线所表示的意义',16,10,0,0,2379,2),(2651,'二项分布及其应用',16,7,0,0,2379,2),(2652,'综合法和分析法',16,4,0,0,2346,2),(2653,'平行截割定理',16,2,0,0,2340,2),(2654,'直线的方向向量与直线的向量方程',16,7,0,0,2354,2),(2655,'指数函数与对数函数的关系',16,5,0,0,2324,2),(2656,'用数学归纳法证明不等式、贝努利不等式',16,1,0,0,2323,2),(2657,'集合的综合',16,2,0,0,2366,2),(2658,'复数的概念',16,2,0,0,2352,2),(2659,'利用导数研究函数的最值',16,3,0,0,2384,2),(2660,'求数列前n项和的方法',16,2,0,0,2360,2),(2661,'导数的应用',16,4,0,0,2384,2),(2662,'圆的一般方程',16,2,0,0,2373,2),(2663,'分层抽样',16,3,0,0,2321,2),(2664,'圆的弦长问题',16,6,0,0,2373,2),(2665,'不等式的性质',16,2,0,0,2333,2),(2666,'超几何分布及其应用',16,6,0,0,2379,2),(2667,'充分条件与必要条件',16,1,0,0,2395,2),(2668,'热、光、原子',14,3,51,24,0,2),(2669,'电磁学',14,2,51,24,0,2),(2670,'力学',14,1,51,24,0,2),(2671,'力',15,2,0,0,2670,2),(2672,'稳恒电流',15,2,0,0,2669,2),(2673,'功和能',15,6,0,0,2670,2),(2674,'原子物理',15,3,0,0,2668,2),(2675,'万有引力',15,5,0,0,2670,2),(2676,'交变电流',15,5,0,0,2669,2),(2677,'电磁波',15,7,0,0,2669,2),(2678,'光学',15,2,0,0,2668,2),(2679,'机械波',15,9,0,0,2670,2),(2680,'电磁感应',15,4,0,0,2669,2),(2681,'曲线运动',15,4,0,0,2670,2),(2682,'传感器',15,6,0,0,2669,2),(2683,'直线运动',15,1,0,0,2670,2),(2684,'牛顿运动定律',15,3,0,0,2670,2),(2685,'热学',15,1,0,0,2668,2),(2686,'机械振动',15,8,0,0,2670,2),(2687,'动量',15,7,0,0,2670,2),(2688,'静电场',15,1,0,0,2669,2),(2689,'磁场',15,3,0,0,2669,2),(2690,'磁现象和磁场',16,1,0,0,2689,2),(2691,'电容器',16,6,0,0,2688,2),(2692,'摩擦力',16,4,0,0,2671,2),(2693,'安培力',16,3,0,0,2689,2),(2694,'弹力',16,3,0,0,2671,2),(2695,'分子动理论',16,1,0,0,2685,2),(2696,'热力学定律',16,3,0,0,2685,2),(2697,'运动的合成与分解',16,1,0,0,2681,2),(2698,'静电场中的导体',16,5,0,0,2688,2),(2699,'电势、电势差、电势能',16,4,0,0,2688,2),(2700,'圆周运动',16,3,0,0,2681,2),(2701,'传感器',16,1,0,0,2682,2),(2702,'远距离输电',16,4,0,0,2676,2),(2703,'单摆',16,3,0,0,2686,2),(2704,'变压器',16,3,0,0,2676,2),(2705,'物态及物态变化',16,4,0,0,2685,2),(2706,'牛顿第一定律',16,1,0,0,2684,2),(2707,'抛体运动的规律',16,2,0,0,2681,2),(2708,'互感与自感',16,4,0,0,2680,2),(2709,'库仑定律',16,2,0,0,2688,2),(2710,'电荷守恒定律',16,1,0,0,2688,2),(2711,'电场强度',16,3,0,0,2688,2),(2712,'原子核',16,2,0,0,2674,2),(2713,'传感器应用的实例',16,4,0,0,2682,2),(2714,'物理光学',16,2,0,0,2678,2),(2715,'弹簧振子',16,2,0,0,2686,2),(2716,'传感器的四种重要元件',16,2,0,0,2682,2),(2717,'电路的基本概念',16,1,0,0,2672,2),(2718,'牛顿第二定律',16,2,0,0,2684,2),(2719,'波的反射和折射',16,3,0,0,2679,2),(2720,'几何光学',16,1,0,0,2678,2),(2721,'动量守恒定律',16,3,0,0,2687,2),(2722,'运动的基本概念',16,1,0,0,2683,2),(2723,'受迫振动和共振',16,4,0,0,2686,2),(2724,'简谐运动',16,1,0,0,2686,2),(2725,'匀变速直线运动',16,2,0,0,2683,2),(2726,'动能定理',16,2,0,0,2673,2),(2727,'欧姆定律',16,2,0,0,2672,2),(2728,'力',16,1,0,0,2671,2),(2729,'共点力的平衡',16,6,0,0,2671,2),(2730,'电荷在匀强磁场中运动',16,5,0,0,2689,2),(2731,'磁感应强度',16,2,0,0,2689,2),(2732,'动量定理',16,2,0,0,2687,2),(2733,'重力',16,2,0,0,2671,2),(2734,'电磁波',16,2,0,0,2677,2),(2735,'楞次定律',16,2,0,0,2680,2),(2736,'带电粒子在电场中的运动',16,7,0,0,2688,2),(2737,'牛顿第三定律',16,3,0,0,2684,2),(2738,'波的图像',16,2,0,0,2679,2),(2739,'电感和电容对交流电的影响',16,2,0,0,2676,2),(2740,'传感器应用的一般模式',16,3,0,0,2682,2),(2741,'电磁感应现象',16,1,0,0,2680,2),(2742,'电功率和电功',16,4,0,0,2672,2),(2743,'多普勒效应',16,5,0,0,2679,2),(2744,'闭合电路的欧姆定律',16,5,0,0,2672,2),(2745,'动量和冲量',16,1,0,0,2687,2),(2746,'宇宙速度和人造卫星',16,3,0,0,2675,2),(2747,'交流电的产生及描述',16,1,0,0,2676,2),(2748,'开普勒定律',16,1,0,0,2675,2),(2749,'万有引力定律',16,2,0,0,2675,2),(2750,'力的合成与分解',16,5,0,0,2671,2),(2751,'麦克斯韦电磁场理论',16,1,0,0,2677,2),(2752,'洛伦兹力',16,4,0,0,2689,2),(2753,'法拉第电磁感应定律及应用',16,3,0,0,2680,2),(2754,'机械波的形成和传播',16,1,0,0,2679,2),(2755,'机械能守恒定律',16,3,0,0,2673,2),(2756,'功和功率',16,1,0,0,2673,2),(2757,'碰撞、爆炸、反冲运动',16,4,0,0,2687,2),(2758,'电磁振荡',16,3,0,0,2677,2),(2759,'原子结构',16,1,0,0,2674,2),(2760,'气体',16,2,0,0,2685,2),(2761,'焦耳定律',16,3,0,0,2672,2),(2762,'能量守恒定律',16,4,0,0,2673,2),(2763,'波的干涉和衍射',16,4,0,0,2679,2),(2764,'生物科学与社会',14,6,51,26,0,2),(2765,'稳态与环境',14,4,51,26,0,2),(2766,'生物技术与实践',14,5,51,26,0,2),(2767,'现代生物科技专题',14,7,51,26,0,2),(2768,'分子与细胞',14,1,51,26,0,2),(2769,'新陈代谢',14,2,51,26,0,2),(2770,'遗传与进化',14,3,51,26,0,2),(2771,'生物科学与农业',15,2,0,0,2764,2),(2772,'种群',15,4,0,0,2765,2),(2773,'胚胎工程',15,3,0,0,2767,2),(2774,'生物科学与健康',15,1,0,0,2764,2),(2775,'群落',15,5,0,0,2765,2),(2776,'传统发酵技术',15,1,0,0,2766,2),(2777,'生态系统',15,6,0,0,2765,2),(2778,'生物的基本特征',15,2,0,0,2768,2),(2779,'酶的研究与应用',15,4,0,0,2766,2),(2780,'生态工程',15,4,0,0,2767,2),(2781,'基因与染色体的关系',15,2,0,0,2770,2),(2782,'生物的变异',15,4,0,0,2770,2),(2783,'生物的进化',15,5,0,0,2770,2),(2784,'微生物的培养与应用',15,2,0,0,2766,2),(2785,'新陈代谢的条件',15,1,0,0,2769,2),(2786,'新陈代谢的类型',15,3,0,0,2769,2),(2787,'遗传定律',15,1,0,0,2770,2),(2788,'安全伦理',15,5,0,0,2767,2),(2789,'细胞结构',15,4,0,0,2768,2),(2790,'生物科学与工业',15,3,0,0,2764,2),(2791,'动物生命活动的调节',15,2,0,0,2765,2),(2792,'三大营养物质代谢',15,2,0,0,2769,2),(2793,'生物科学与环境保护',15,4,0,0,2764,2),(2794,'光合作用',15,5,0,0,2769,2),(2795,'内环境的组成和稳态',15,1,0,0,2765,2),(2796,'呼吸作用',15,4,0,0,2769,2),(2797,'基因工程',15,1,0,0,2767,2),(2798,'遗传的物质基础',15,3,0,0,2770,2),(2799,'DNA和蛋白质技术',15,5,0,0,2766,2),(2800,'元素和化合物',15,3,0,0,2768,2),(2801,'克隆技术（细胞工程）',15,2,0,0,2767,2),(2802,'植物组织培养',15,3,0,0,2766,2),(2803,'植物生命活动调节',15,3,0,0,2765,2),(2804,'细胞概述',15,1,0,0,2768,2),(2805,'细胞的生命历程',15,5,0,0,2768,2),(2806,'群落的演替',16,3,0,0,2775,2),(2807,'有丝分裂和无丝分裂',16,3,0,0,2805,2),(2808,'人类遗传病',16,4,0,0,2782,2),(2809,'乳酸脱氢酶同功酶的分离',16,2,0,0,2779,2),(2810,'性别决定方式',16,4,0,0,2781,2),(2811,'神经调节',16,1,0,0,2791,2),(2812,'多聚酶链式反应扩增DNA片段',16,2,0,0,2799,2),(2813,'酶的制备和活力的测定',16,1,0,0,2779,2),(2814,'伴性遗传',16,3,0,0,2781,2),(2815,'光合作用的过程',16,2,0,0,2794,2),(2816,'基因的自由组合定律',16,2,0,0,2787,2),(2817,'生态系统的成分和营养结构',16,1,0,0,2777,2),(2818,'细胞学说',16,3,0,0,2804,2),(2819,'现代生物进化理论',16,2,0,0,2783,2),(2820,'细胞核',16,6,0,0,2789,2),(2821,'不完全显性和共显性',16,4,0,0,2787,2),(2822,'生命系统的结构层次',16,1,0,0,2804,2),(2823,'基因型和表现型的关系',16,3,0,0,2787,2),(2824,'种群数量的变化',16,2,0,0,2772,2),(2825,'基因的分离定律',16,1,0,0,2787,2),(2826,'生物的多样性与保护',16,5,0,0,2777,2),(2827,'分解纤维素的微生物的分离',16,3,0,0,2784,2),(2828,'微生物的生长与利用',16,4,0,0,2784,2),(2829,'生态系统的物质循环、能量流动与信息传递',16,2,0,0,2777,2),(2830,'免疫调节',16,3,0,0,2791,2),(2831,'ATP的结构和功能',16,4,0,0,2785,2),(2832,'细胞的分化',16,4,0,0,2805,2),(2833,'微生物的实验室培养',16,1,0,0,2784,2),(2834,'种群及其特征',16,1,0,0,2772,2),(2835,'探讨加酶洗衣粉的洗涤效果',16,4,0,0,2779,2),(2836,'细胞膜',16,1,0,0,2789,2),(2837,'遗传信息的转录和翻译',16,5,0,0,2798,2),(2838,'基因突变',16,1,0,0,2782,2),(2839,'DNA的粗提取与鉴定',16,1,0,0,2799,2),(2840,'腐乳的制作',16,2,0,0,2776,2),(2841,'细胞的凋亡',16,7,0,0,2805,2),(2842,'细胞周期',16,1,0,0,2805,2),(2843,'群落的特征',16,2,0,0,2775,2),(2844,'酶的本质与特性',16,3,0,0,2785,2),(2845,'环境因素对光合速率的影响',16,3,0,0,2794,2),(2846,'细胞器',16,3,0,0,2789,2),(2847,'细胞质基质',16,2,0,0,2789,2),(2848,'DNA的基本单位、结构和功能',16,3,0,0,2800,2),(2849,'染色体与染色质的关系',16,2,0,0,2805,2),(2850,'细胞中的元素',16,1,0,0,2800,2),(2851,'染色体变异',16,3,0,0,2782,2),(2852,'RNA的基本单位、结构和功能',16,4,0,0,2800,2),(2853,'体液调节',16,2,0,0,2791,2),(2854,'群落及其结构',16,1,0,0,2775,2),(2855,'无机物的种类和作用',16,6,0,0,2800,2),(2856,'蛋白质的基本单位、结构和功能',16,2,0,0,2800,2),(2857,'生态系统的稳定性',16,3,0,0,2777,2),(2858,'月季的花药培养',16,2,0,0,2802,2),(2859,'达尔文进化论',16,1,0,0,2783,2),(2860,'减数分裂和受精作用',16,1,0,0,2781,2),(2861,'制作泡菜并检测亚硝酸盐含量',16,3,0,0,2776,2),(2862,'DNA分子的结构',16,2,0,0,2798,2),(2863,'光合作用的探究历程',16,1,0,0,2794,2),(2864,'细胞和酶的固定化',16,5,0,0,2779,2),(2865,'DNA的复制',16,3,0,0,2798,2),(2866,'寻找遗传物质的实验',16,1,0,0,2798,2),(2867,'土壤中微生物的分离与计数',16,2,0,0,2784,2),(2868,'果酒和果醋的制作',16,1,0,0,2776,2),(2869,'基因与染色体的关系',16,2,0,0,2781,2),(2870,'细胞壁',16,4,0,0,2789,2),(2871,'血红蛋白的提取和分离',16,3,0,0,2799,2),(2872,'基因的概念和结构',16,4,0,0,2798,2),(2873,'生物育种的方式和特点',16,5,0,0,2782,2),(2874,'糖类和脂质的种类和作用',16,5,0,0,2800,2),(2875,'生物膜系统',16,5,0,0,2789,2),(2876,'有氧呼吸',16,1,0,0,2796,2),(2877,'细胞的全能性',16,5,0,0,2805,2),(2878,'细胞核的结构',16,7,0,0,2789,2),(2879,'基因重组',16,2,0,0,2782,2),(2880,'菊花的组织培养',16,1,0,0,2802,2),(2881,'细胞的衰老',16,6,0,0,2805,2),(2882,'原核细胞和真核细胞',16,2,0,0,2804,2),(2883,'细胞的吸水和失水',16,1,0,0,2785,2),(2884,'物质跨膜运输的方式',16,2,0,0,2785,2),(2885,'生态因素',16,4,0,0,2777,2),(2886,'无氧呼吸',16,2,0,0,2796,2),(2887,'果胶酶在果汁生产中的作用',16,3,0,0,2779,2),(2888,'细胞的癌变',16,8,0,0,2805,2),(2889,'完形填空',14,4,51,23,0,2),(2890,'阅读理解',14,6,51,23,0,2),(2891,'词汇',14,2,51,23,0,2),(2892,'书面表达',14,7,51,23,0,2),(2893,'情景交际',14,5,51,23,0,2),(2894,'听力',14,1,51,23,0,2),(2895,'语法',14,3,51,23,0,2),(2896,'倒装',15,22,0,0,2895,2),(2897,'介词',15,4,0,0,2895,2),(2898,'词组',15,2,0,0,2891,2),(2899,'常见体裁',15,1,0,0,2890,2),(2900,'简单句',15,16,0,0,2895,2),(2901,'日常用语、谚语',15,1,0,0,2893,2),(2902,'主谓一致',15,15,0,0,2895,2),(2903,'主从复合句',15,18,0,0,2895,2),(2904,'常见题材',15,2,0,0,2890,2),(2905,'名词',15,1,0,0,2895,2),(2906,'独立主格',15,25,0,0,2895,2),(2907,'任务型阅读',15,3,0,0,2890,2),(2908,'强调',15,23,0,0,2895,2),(2909,'被动语态',15,11,0,0,2895,2),(2910,'情景交际',15,2,0,0,2893,2),(2911,'间接引语',15,19,0,0,2895,2),(2912,'省略',15,20,0,0,2895,2),(2913,'连词',15,5,0,0,2895,2),(2914,'构词法',15,27,0,0,2895,2),(2915,'写作文体',15,1,0,0,2892,2),(2916,'冠词',15,8,0,0,2895,2),(2917,'并列复合句',15,17,0,0,2895,2),(2918,'代词',15,2,0,0,2895,2),(2919,'写作题型',15,2,0,0,2892,2),(2920,'非谓语动词',15,12,0,0,2895,2),(2921,'形容词',15,6,0,0,2895,2),(2922,'单词',15,1,0,0,2891,2),(2923,'句子类型',15,13,0,0,2895,2),(2924,'副词',15,7,0,0,2895,2),(2925,'完形填空',15,1,0,0,2889,2),(2926,'时态',15,10,0,0,2895,2),(2927,'数词',15,3,0,0,2895,2),(2928,'there be 句型',15,26,0,0,2895,2),(2929,'听力',15,1,0,0,2894,2),(2930,'句子成分',15,14,0,0,2895,2),(2931,'动词',15,9,0,0,2895,2),(2932,'it 的用法',15,21,0,0,2895,2),(2933,'虚拟语气',15,24,0,0,2895,2),(2934,'一般现在时',16,1,0,0,2926,2),(2935,'补语',16,7,0,0,2930,2),(2936,'历史文化类阅读',16,8,0,0,2904,2),(2937,'过去进行时',16,5,0,0,2926,2),(2938,'过去完成时',16,9,0,0,2926,2),(2939,'介词和介词短语',16,1,0,0,2897,2),(2940,'说明文体',16,4,0,0,2915,2),(2941,'谓语',16,2,0,0,2930,2),(2942,'定冠词',16,1,0,0,2916,2),(2943,'现在完成进行时',16,11,0,0,2926,2),(2944,'时间副词',16,2,0,0,2924,2),(2945,'一般过去时',16,2,0,0,2926,2),(2946,'形容词',16,3,0,0,2921,2),(2947,'社会现象类阅读',16,6,0,0,2904,2),(2948,'指示代词',16,4,0,0,2918,2),(2949,'零冠词',16,2,0,0,2916,2),(2950,'定语',16,5,0,0,2930,2),(2951,'不定代词',16,6,0,0,2918,2),(2952,'地点副词',16,3,0,0,2924,2),(2953,'将来完成时',16,10,0,0,2926,2),(2954,'人物传记类阅读',16,1,0,0,2904,2),(2955,'宾语',16,4,0,0,2930,2),(2956,'应用文',16,1,0,0,2899,2),(2957,'记叙文',16,2,0,0,2899,2),(2958,'副词的比较级和最高级',16,1,0,0,2924,2),(2959,'系动词',16,2,0,0,2931,2),(2960,'形容词的比较级和最高级',16,1,0,0,2921,2),(2961,'政治经济类阅读',16,7,0,0,2904,2),(2962,'祈使句',16,3,0,0,2923,2),(2963,'应用文体',16,1,0,0,2915,2),(2964,'记叙文体',16,2,0,0,2915,2),(2965,'频度副词',16,7,0,0,2924,2),(2966,'表语',16,3,0,0,2930,2),(2967,'方式副词',16,4,0,0,2924,2),(2968,'基数词',16,1,0,0,2927,2),(2969,'议论文体',16,3,0,0,2915,2),(2970,'简单句的5种基本句型',16,1,0,0,2900,2),(2971,'广告布告类阅读',16,3,0,0,2904,2),(2972,'从属连词',16,2,0,0,2913,2),(2973,'副词',16,10,0,0,2924,2),(2974,'人生感悟类阅读',16,11,0,0,2904,2),(2975,'疑问句',16,2,0,0,2923,2),(2976,'动词的-ed形式',16,3,0,0,2920,2),(2977,'图表作文',16,2,0,0,2919,2),(2978,'并列连词',16,1,0,0,2913,2),(2979,'疑问代词',16,5,0,0,2918,2),(2980,'人称代词',16,1,0,0,2918,2),(2981,'日常生活类阅读',16,9,0,0,2904,2),(2982,'定语从句',16,3,0,0,2903,2),(2983,'形容词的排序',16,2,0,0,2921,2),(2984,'物主代词',16,2,0,0,2918,2),(2985,'名词',16,1,0,0,2905,2),(2986,'过去完成进行时',16,12,0,0,2926,2),(2987,'全部倒装',16,1,0,0,2896,2),(2988,'名词性从句',16,1,0,0,2903,2),(2989,'程度副词',16,5,0,0,2924,2),(2990,'疑问副词',16,6,0,0,2924,2),(2991,'感叹句',16,4,0,0,2923,2),(2992,'动词的-ing形式',16,2,0,0,2920,2),(2993,'状语',16,6,0,0,2930,2),(2994,'关系副词',16,9,0,0,2924,2),(2995,'动词不定式',16,1,0,0,2920,2),(2996,'议论文',16,3,0,0,2899,2),(2997,'一般将来时',16,3,0,0,2926,2),(2998,'反身代词',16,3,0,0,2918,2),(2999,'过去将来时',16,7,0,0,2926,2),(3000,'动词',16,1,0,0,2931,2),(3001,'现在进行时',16,4,0,0,2926,2),(3002,'连接副词',16,8,0,0,2924,2),(3003,'新闻报道类阅读',16,4,0,0,2904,2),(3004,'故事类阅读',16,2,0,0,2904,2),(3005,'提纲作文',16,1,0,0,2919,2),(3006,'序数词',16,2,0,0,2927,2),(3007,'现在完成时',16,8,0,0,2926,2),(3008,'健康环保类阅读',16,10,0,0,2904,2),(3009,'说明文',16,4,0,0,2899,2),(3010,'图画作文',16,3,0,0,2919,2),(3011,'不定冠词',16,3,0,0,2916,2),(3012,'部分倒装',16,2,0,0,2896,2),(3013,'主语',16,1,0,0,2930,2),(3014,'助动词',16,3,0,0,2931,2),(3015,'科教类阅读',16,5,0,0,2904,2),(3016,'陈述句',16,1,0,0,2923,2),(3017,'状语从句',16,2,0,0,2903,2),(3018,'情态动词',16,4,0,0,2931,2),(3019,'将来进行时',16,6,0,0,2926,2),(3020,'写作',14,4,51,21,0,2),(3021,'阅读理解及鉴赏',14,2,51,21,0,2),(3022,'语言表达及应用',14,3,51,21,0,2),(3023,'基础知识',14,1,51,21,0,2),(3024,'汉字',15,1,0,0,3023,2),(3025,'语言表达',15,1,0,0,3022,2),(3026,'现代文阅读鉴赏',15,3,0,0,3021,2),(3027,'词语',15,2,0,0,3023,2),(3028,'作文的审题立意',15,2,0,0,3020,2),(3029,'作文的布局谋篇',15,3,0,0,3020,2),(3030,'文学文化常识',15,4,0,0,3023,2),(3031,'语言应用',15,2,0,0,3022,2),(3032,'诗歌阅读鉴赏',15,2,0,0,3021,2),(3033,'句子',15,3,0,0,3023,2),(3034,'作文综合训练',15,4,0,0,3020,2),(3035,'作文命题类型解析',15,1,0,0,3020,2),(3036,'文言文阅读鉴赏',15,1,0,0,3021,2),(3037,'命题类作文',16,1,0,0,3035,2),(3038,'其他',16,6,0,0,3031,2),(3039,'微写作',16,4,0,0,3035,2),(3040,'语言应用类题目解析',16,1,0,0,3031,2),(3041,'字形',16,2,0,0,3024,2),(3042,'标点符号的使用',16,3,0,0,3033,2),(3043,'文学类文本阅读',16,1,0,0,3026,2),(3044,'立意的诀窍',16,2,0,0,3028,2),(3045,'名言名句',16,3,0,0,3030,2),(3046,'图文转换',16,5,0,0,3031,2),(3047,'实用类文本阅读',16,2,0,0,3026,2),(3048,'字音',16,1,0,0,3024,2),(3049,'中国现当代诗歌鉴赏',16,2,0,0,3032,2),(3050,'语言表达的简明得体',16,1,0,0,3025,2),(3051,'诗文默写',16,4,0,0,3030,2),(3052,'成语、熟语的运用',16,2,0,0,3027,2),(3053,'具体案例解析',16,1,0,0,3034,2),(3054,'审题的技巧',16,1,0,0,3028,2),(3055,'中国古代诗歌鉴赏',16,1,0,0,3032,2),(3056,'常见的修辞手法',16,4,0,0,3033,2),(3057,'信息提炼',16,2,0,0,3031,2),(3058,'文言文断句与翻译',16,2,0,0,3036,2),(3059,'词语辨析与运用',16,1,0,0,3027,2),(3060,'扩展语句与压缩语段',16,3,0,0,3025,2),(3061,'外国诗歌鉴赏',16,3,0,0,3032,2),(3062,'句式的选用、仿用与变换',16,2,0,0,3025,2),(3063,'文化常识',16,2,0,0,3030,2),(3064,'文言文理解与鉴赏',16,3,0,0,3036,2),(3065,'对联写作',16,4,0,0,3031,2),(3066,'句子的衔接连贯',16,2,0,0,3033,2),(3067,'病句辨析与修改',16,1,0,0,3033,2),(3068,'文学知识',16,1,0,0,3030,2),(3069,'情境表达',16,3,0,0,3031,2),(3070,'巧搭行文框架',16,1,0,0,3029,2),(3071,'关注语言逻辑',16,2,0,0,3029,2),(3072,'话题类作文',16,3,0,0,3035,2),(3073,'材料类作文',16,2,0,0,3035,2),(3074,'文言文基础知识',16,1,0,0,3036,2),(3080,'物质分离、提纯的基本方法',16,1,0,0,1724,2),(3082,'宗教改革',16,3,0,0,2026,2),(3328,'科学探究',17,0,52,25,0,3),(3329,'科学探究',18,0,0,0,3328,3),(3330,'仪器的使用和基本操作',17,0,52,25,0,3),(3331,'常用仪器的识别与选择',18,0,0,0,3330,3),(3332,'药品的取用',18,0,0,0,3330,3),(3333,'物质的加热',18,0,0,0,3330,3),(3334,'连接仪器装置',18,0,0,0,3330,3),(3335,'常见的意外事故的处理方法',18,0,0,0,3330,3),(3336,'质量守恒定律',17,0,52,25,0,3),(3337,'质量守恒定律',18,0,0,0,3336,3),(3338,'化学方程式的定义、意义',18,0,0,0,3336,3),(3339,'化学方程式的书写',18,0,0,0,3336,3),(3340,'有关化学方程式的计算',18,0,0,0,3336,3),(3341,'物质的分类',17,0,52,25,0,3),(3342,'混合物和纯净物',18,0,0,0,3341,3),(3343,'单质和化合物',18,0,0,0,3341,3),(3344,'有机化合物和无机化合物',18,0,0,0,3341,3),(3345,'氧化物',18,0,0,0,3341,3),(3346,'酸、碱、盐',18,0,0,0,3341,3),(3347,'同素异形体',18,0,0,0,3341,3),(3348,'物质的变化和性质',17,0,52,25,0,3),(3349,'物理变化和化学变化',18,0,0,0,3348,3),(3350,'物理性质和化学性质',18,0,0,0,3348,3),(3351,'四种基本化学反应类型',18,0,0,0,3348,3),(3352,'氧化还原反应',18,0,0,0,3348,3),(3353,'碳和碳的氧化物',17,0,52,25,0,3),(3354,'金刚石、石墨和C60',18,0,0,0,3353,3),(3355,'二氧化碳',18,0,0,0,3353,3),(3356,'实验：二氧化碳的制取',18,0,0,0,3353,3),(3357,'一氧化碳',18,0,0,0,3353,3),(3358,'实验：氢气、木炭、一氧化碳还原氧化铜',18,0,0,0,3353,3),(3359,'空气',17,0,52,25,0,3),(3360,'空气的成分及各成分的用途',18,0,0,0,3359,3),(3361,'空气的污染和防治',18,0,0,0,3359,3),(3362,'氧气的性质',18,0,0,0,3359,3),(3363,'催化剂和催化作用',18,0,0,0,3359,3),(3364,'实验：氧气的制取',18,0,0,0,3359,3),(3365,'氢气的性质及用途',18,0,0,0,3359,3),(3366,'酸、碱、盐',17,0,52,25,0,3),(3367,'酸碱指示剂',18,0,0,0,3366,3),(3368,'常见酸的性质和用途',18,0,0,0,3366,3),(3369,'浓硫酸的稀释',18,0,0,0,3366,3),(3370,'常见碱的性质和用途',18,0,0,0,3366,3),(3371,'酸的化学性质',18,0,0,0,3366,3),(3372,'碱的化学性质',18,0,0,0,3366,3),(3373,'中和反应及其应用',18,0,0,0,3366,3),(3374,'溶液的酸碱度',18,0,0,0,3366,3),(3375,'实验：酸、碱的化学性质',18,0,0,0,3366,3),(3376,'实验：溶液酸碱性的检验',18,0,0,0,3366,3),(3377,'氯化钠、碳酸钠、碳酸氢钠、碳酸钙',18,0,0,0,3366,3),(3378,'实验：粗盐中难溶性杂质的去除',18,0,0,0,3366,3),(3379,'化肥的作用',18,0,0,0,3366,3),(3380,'化肥的简易鉴别',18,0,0,0,3366,3),(3381,'金属',17,0,52,25,0,3),(3382,'常见金属的物理性质和用途',18,0,0,0,3381,3),(3383,'合金',18,0,0,0,3381,3),(3384,'金属的化学性质',18,0,0,0,3381,3),(3385,'金属活动性顺序',18,0,0,0,3381,3),(3386,'实验：金属的物理性质和某些化学性质',18,0,0,0,3381,3),(3387,'铁的冶炼',18,0,0,0,3381,3),(3388,'金属的腐蚀与防护',18,0,0,0,3381,3),(3389,'金属资源保护',18,0,0,0,3381,3),(3390,'燃料及其利用',17,0,52,25,0,3),(3391,'燃烧',18,0,0,0,3390,3),(3392,'灭火',18,0,0,0,3390,3),(3393,'实验：燃烧的条件',18,0,0,0,3390,3),(3394,'易燃物和易爆物',18,0,0,0,3390,3),(3395,'化学反应中的能量变化',18,0,0,0,3390,3),(3396,'化石燃料的利用',18,0,0,0,3390,3),(3397,'使用燃料对环境的影响',18,0,0,0,3390,3),(3398,'构成物质的微粒',17,0,52,25,0,3),(3399,'分子和原子',18,0,0,0,3398,3),(3400,'原子的结构',18,0,0,0,3398,3),(3401,'离子',18,0,0,0,3398,3),(3402,'相对原子质量',18,0,0,0,3398,3),(3403,'水',17,0,52,25,0,3),(3404,'水的组成及性质',18,0,0,0,3403,3),(3405,'水的净化',18,0,0,0,3403,3),(3406,'爱护水资源',18,0,0,0,3403,3),(3407,'溶液',17,0,52,25,0,3),(3408,'溶液的定义、组成及特征',18,0,0,0,3407,3),(3409,'溶解过程中的放热和吸热',18,0,0,0,3407,3),(3410,'饱和溶液和不饱和溶液',18,0,0,0,3407,3),(3411,'乳化作用',18,0,0,0,3407,3),(3412,'结晶和晶体',18,0,0,0,3407,3),(3413,'固体溶解度',18,0,0,0,3407,3),(3414,'气体溶解度',18,0,0,0,3407,3),(3415,'溶质的质量分数',18,0,0,0,3407,3),(3416,'实验：一定溶质质量分数溶液的配制',18,0,0,0,3407,3),(3417,'化学元素',17,0,52,25,0,3),(3418,'元素',18,0,0,0,3417,3),(3419,'元素符号',18,0,0,0,3417,3),(3420,'元素周期表',18,0,0,0,3417,3),(3421,'物质组成的表示',17,0,52,25,0,3),(3422,'化学式',18,0,0,0,3421,3),(3423,'化合价',18,0,0,0,3421,3),(3424,'化学式与化合价的推求',18,0,0,0,3421,3),(3425,'有关化学式的计算',18,0,0,0,3421,3),(3426,'化学符号及其周围数字的意义',18,0,0,0,3421,3),(3427,'化学与生活',17,0,52,25,0,3),(3428,'六大营养素',18,0,0,0,3427,3),(3429,'化学元素与人体健康',18,0,0,0,3427,3),(3430,'有机合成材料',18,0,0,0,3427,3),(3431,'棉纤维、羊毛纤维、合成纤维的鉴别',18,0,0,0,3427,3),(3432,'合成材料的使用对环境的影响',18,0,0,0,3427,3),(3433,'综合实验',17,0,52,25,0,3),(3434,'物质的推断与鉴别',18,0,0,0,3433,3),(3435,'物质的分离与提纯',18,0,0,0,3433,3),(3436,'其他综合实验',18,0,0,0,3433,3),(3437,'图形的旋转',17,0,52,22,0,3),(3438,'生活中的旋转现象',18,0,0,0,3437,3),(3439,'旋转的性质',18,0,0,0,3437,3),(3440,'中心对称',18,0,0,0,3437,3),(3441,'作图-旋转变换',18,0,0,0,3437,3),(3442,'几何变换综合',18,0,0,0,3437,3),(3443,'整式',17,0,52,22,0,3),(3444,'整式的概念',18,0,0,0,3443,3),(3445,'整式的加减法',18,0,0,0,3443,3),(3446,'整式的乘除法',18,0,0,0,3443,3),(3447,'整式的混合运算',18,0,0,0,3443,3),(3448,'乘法公式',18,0,0,0,3443,3),(3449,'因式分解',18,0,0,0,3443,3),(3450,'二次根式',17,0,52,22,0,3),(3451,'二次根式的概念',18,0,0,0,3450,3),(3452,'二次根式的乘除',18,0,0,0,3450,3),(3453,'二次根式的加减',18,0,0,0,3450,3),(3454,'二次根式的混合运算',18,0,0,0,3450,3),(3455,'图形的对称',17,0,52,22,0,3),(3456,'轴对称和轴对称图形',18,0,0,0,3455,3),(3457,'作图-轴对称变换',18,0,0,0,3455,3),(3458,'等腰三角形',18,0,0,0,3455,3),(3459,'等边三角形',18,0,0,0,3455,3),(3460,'直角三角形的性质',18,0,0,0,3455,3),(3461,'一元一次方程',17,0,52,22,0,3),(3462,'方程的概念',18,0,0,0,3461,3),(3463,'解一元一次方程',18,0,0,0,3461,3),(3464,'一元一次方程的应用',18,0,0,0,3461,3),(3465,'投影与视图',17,0,52,22,0,3),(3466,'投影',18,0,0,0,3465,3),(3467,'三视图',18,0,0,0,3465,3),(3468,'圆',17,0,52,22,0,3),(3469,'圆的认识',18,0,0,0,3468,3),(3470,'点、直线和圆的位置关系',18,0,0,0,3468,3),(3471,'正多边形和圆',18,0,0,0,3468,3),(3472,'弧长和扇形面积',18,0,0,0,3468,3),(3473,'圆的综合',18,0,0,0,3468,3),(3474,'命题与定理',18,0,0,0,3468,3),(3475,'平面直角坐标系',17,0,52,22,0,3),(3476,'平面直角坐标系的概念',18,0,0,0,3475,3),(3477,'坐标的应用',18,0,0,0,3475,3),(3478,'不等式（组）',17,0,52,22,0,3),(3479,'不等式的概念和性质',18,0,0,0,3478,3),(3480,'一元一次不等式',18,0,0,0,3478,3),(3481,'一元一次不等式组',18,0,0,0,3478,3),(3482,'分式',17,0,52,22,0,3),(3483,'分式的概念和性质',18,0,0,0,3482,3),(3484,'分式的乘除法',18,0,0,0,3482,3),(3485,'分式的加减法',18,0,0,0,3482,3),(3486,'分式的混合运算',18,0,0,0,3482,3),(3487,'分式方程',18,0,0,0,3482,3),(3488,'反比例函数',17,0,52,22,0,3),(3489,'反比例函数的概念',18,0,0,0,3488,3),(3490,'反比例函数的图象和性质',18,0,0,0,3488,3),(3491,'反比例函数的应用',18,0,0,0,3488,3),(3492,'二元一次方程（组）',17,0,52,22,0,3),(3493,'二元一次方程的定义',18,0,0,0,3492,3),(3494,'解二元一次方程组',18,0,0,0,3492,3),(3495,'二元一次方程组的应用',18,0,0,0,3492,3),(3496,'三元一次方程组',18,0,0,0,3492,3),(3497,'线与角',17,0,52,22,0,3),(3498,'几何图形',18,0,0,0,3497,3),(3499,'直线、射线、线段',18,0,0,0,3497,3),(3500,'角',18,0,0,0,3497,3),(3501,'相交线',18,0,0,0,3497,3),(3502,'平行线及其判定',18,0,0,0,3497,3),(3503,'平行线的性质',18,0,0,0,3497,3),(3504,'四边形',17,0,52,22,0,3),(3505,'平行四边形的判定与性质',18,0,0,0,3504,3),(3506,'菱形的判定与性质',18,0,0,0,3504,3),(3507,'矩形的判定与性质',18,0,0,0,3504,3),(3508,'正方形的判定与性质',18,0,0,0,3504,3),(3509,'梯形',18,0,0,0,3504,3),(3510,'四边形综合',18,0,0,0,3504,3),(3511,'一次函数',17,0,52,22,0,3),(3512,'变量与函数',18,0,0,0,3511,3),(3513,'正比例函数的概念',18,0,0,0,3511,3),(3514,'正比例函数的图象和性质',18,0,0,0,3511,3),(3515,'一次函数的概念',18,0,0,0,3511,3),(3516,'一次函数的图象和性质',18,0,0,0,3511,3),(3517,'一次函数的应用',18,0,0,0,3511,3),(3518,'三角形',17,0,52,22,0,3),(3519,'与三角形有关的线段',18,0,0,0,3518,3),(3520,'与三角形有关的角',18,0,0,0,3518,3),(3521,'多边形及其内角和',18,0,0,0,3518,3),(3522,'全等三角形的概念',18,0,0,0,3518,3),(3523,'全等三角形的判定与性质',18,0,0,0,3518,3),(3524,'全等三角形的应用',18,0,0,0,3518,3),(3525,'角平分线的性质',18,0,0,0,3518,3),(3526,'勾股定理及其逆定理',18,0,0,0,3518,3),(3527,'实数',17,0,52,22,0,3),(3528,'正数和负数',18,0,0,0,3527,3),(3529,'有理数的概念',18,0,0,0,3527,3),(3530,'有理数加减法',18,0,0,0,3527,3),(3531,'有理数乘除法',18,0,0,0,3527,3),(3532,'有理数乘方',18,0,0,0,3527,3),(3533,'有理数的混合运算',18,0,0,0,3527,3),(3534,'近似数和有效数字',18,0,0,0,3527,3),(3535,'平方根',18,0,0,0,3527,3),(3536,'立方根',18,0,0,0,3527,3),(3537,'实数',18,0,0,0,3527,3),(3538,'一元二次方程',17,0,52,22,0,3),(3539,'一元二次方程的概念',18,0,0,0,3538,3),(3540,'解一元二次方程',18,0,0,0,3538,3),(3541,'一元二次方程的应用',18,0,0,0,3538,3),(3542,'统计与概率',17,0,52,22,0,3),(3543,'统计调查',18,0,0,0,3542,3),(3544,'统计表与统计图',18,0,0,0,3542,3),(3545,'平均数',18,0,0,0,3542,3),(3546,'中位数和众数',18,0,0,0,3542,3),(3547,'极差与方差',18,0,0,0,3542,3),(3548,'随机事件与概率',18,0,0,0,3542,3),(3549,'列表法求概率',18,0,0,0,3542,3),(3550,'利用频率估计概率',18,0,0,0,3542,3),(3551,'二次函数',17,0,52,22,0,3),(3552,'二次函数的概念',18,0,0,0,3551,3),(3553,'二次函数的图象和性质',18,0,0,0,3551,3),(3554,'二次函数的应用',18,0,0,0,3551,3),(3555,'图形的相似与位似',17,0,52,22,0,3),(3556,'比例与成比例线段',18,0,0,0,3555,3),(3557,'相似图形',18,0,0,0,3555,3),(3558,'相似多边形的性质',18,0,0,0,3555,3),(3559,'相似三角形的判定与性质',18,0,0,0,3555,3),(3560,'相似三角形的应用',18,0,0,0,3555,3),(3561,'作图-相似变换',18,0,0,0,3555,3),(3562,'位似变换',18,0,0,0,3555,3),(3563,'相似形综合',18,0,0,0,3555,3),(3564,'锐角三角函数',17,0,52,22,0,3),(3565,'锐角三角函数',18,0,0,0,3564,3),(3566,'解直角三角形',18,0,0,0,3564,3),(3567,'解直角三角形的应用',18,0,0,0,3564,3),(3568,'图形的平移',17,0,52,22,0,3),(3569,'生活中的平移现象',18,0,0,0,3568,3),(3570,'平移的性质',18,0,0,0,3568,3),(3571,'作图-平移变换',18,0,0,0,3568,3),(3572,'运动和力',17,0,52,24,0,3),(3573,'惯性及牛顿第一定律',18,0,0,0,3572,3),(3574,'同一直线上二力的合成',18,0,0,0,3572,3),(3575,'二力平衡',18,0,0,0,3572,3),(3576,'简单机械',17,0,52,24,0,3),(3577,'杠杆',18,0,0,0,3576,3),(3578,'滑轮',18,0,0,0,3576,3),(3579,'功和能',17,0,52,24,0,3),(3580,'功',18,0,0,0,3579,3),(3581,'功率',18,0,0,0,3579,3),(3582,'功的原理',18,0,0,0,3579,3),(3583,'机械效率',18,0,0,0,3579,3),(3584,'机械能',18,0,0,0,3579,3),(3585,'压强',17,0,52,24,0,3),(3586,'压力与压强',18,0,0,0,3585,3),(3587,'液体内部压强',18,0,0,0,3585,3),(3588,'大气压强',18,0,0,0,3585,3),(3589,'流体压强与流速',18,0,0,0,3585,3),(3590,'家庭电路',17,0,52,24,0,3),(3591,'家庭电路',18,0,0,0,3590,3),(3592,'安全用电',18,0,0,0,3590,3),(3593,'内能和热量',17,0,52,24,0,3),(3594,'分子动理论',18,0,0,0,3593,3),(3595,'内能',18,0,0,0,3593,3),(3596,'热量',18,0,0,0,3593,3),(3597,'比热容',18,0,0,0,3593,3),(3598,'热机',18,0,0,0,3593,3),(3599,'能的转化与守恒',18,0,0,0,3593,3),(3600,'浮力',17,0,52,24,0,3),(3601,'浮力',18,0,0,0,3600,3),(3602,'阿基米德原理',18,0,0,0,3600,3),(3603,'物体的浮沉条件',18,0,0,0,3600,3),(3604,'浮力的利用',18,0,0,0,3600,3),(3605,'电磁现象',17,0,52,24,0,3),(3606,'磁体和磁极',18,0,0,0,3605,3),(3607,'磁场和磁感线',18,0,0,0,3605,3),(3608,'电流的磁场',18,0,0,0,3605,3),(3609,'电磁铁',18,0,0,0,3605,3),(3610,'磁场对电流的作用',18,0,0,0,3605,3),(3611,'电磁感应',18,0,0,0,3605,3),(3612,'电磁波',18,0,0,0,3605,3),(3613,'欧姆定律',17,0,52,24,0,3),(3614,'电荷与原子结构',18,0,0,0,3613,3),(3615,'电流',18,0,0,0,3613,3),(3616,'电压',18,0,0,0,3613,3),(3617,'电阻',18,0,0,0,3613,3),(3618,'欧姆定律',18,0,0,0,3613,3),(3619,'测量电阻',18,0,0,0,3613,3),(3620,'电阻的串联和并联',18,0,0,0,3613,3),(3621,'声现象',17,0,52,24,0,3),(3622,'声音的产生和传播',18,0,0,0,3621,3),(3623,'声音的特征',18,0,0,0,3621,3),(3624,'乐音与噪声',18,0,0,0,3621,3),(3625,'声音的利用',18,0,0,0,3621,3),(3626,'热现象',17,0,52,24,0,3),(3627,'温度',18,0,0,0,3626,3),(3628,'熔化和凝固',18,0,0,0,3626,3),(3629,'汽化和液化',18,0,0,0,3626,3),(3630,'升华和凝华',18,0,0,0,3626,3),(3631,'质量和密度',17,0,52,24,0,3),(3632,'质量',18,0,0,0,3631,3),(3633,'密度',18,0,0,0,3631,3),(3634,'密度的测量',18,0,0,0,3631,3),(3635,'光现象',17,0,52,24,0,3),(3636,'光的直线传播',18,0,0,0,3635,3),(3637,'光的反射',18,0,0,0,3635,3),(3638,'平面镜成像',18,0,0,0,3635,3),(3639,'光的折射',18,0,0,0,3635,3),(3640,'光的色散',18,0,0,0,3635,3),(3641,'透镜',18,0,0,0,3635,3),(3642,'透镜成像及应用',18,0,0,0,3635,3),(3643,'眼睛与眼镜',18,0,0,0,3635,3),(3644,'机械运动',17,0,52,24,0,3),(3645,'长度与时间的测量',18,0,0,0,3644,3),(3646,'运动的描述',18,0,0,0,3644,3),(3647,'速度',18,0,0,0,3644,3),(3648,'电功和电功率',17,0,52,24,0,3),(3649,'电功',18,0,0,0,3648,3),(3650,'电功率',18,0,0,0,3648,3),(3651,'焦耳定律',18,0,0,0,3648,3),(3652,'力',17,0,52,24,0,3),(3653,'力的概念',18,0,0,0,3652,3),(3654,'重力',18,0,0,0,3652,3),(3655,'弹力',18,0,0,0,3652,3),(3656,'摩擦力',18,0,0,0,3652,3),(3657,'简单电路',17,0,52,24,0,3),(3658,'电路',18,0,0,0,3657,3),(3659,'电路的连接',18,0,0,0,3657,3),(3660,'阅读理解解题微技巧',17,0,52,23,0,3),(3661,'细节理解',18,0,0,0,3660,3),(3662,'词义猜测',18,0,0,0,3660,3),(3663,'主旨大意',18,0,0,0,3660,3),(3664,'文章标题',18,0,0,0,3660,3),(3665,'推理判断',18,0,0,0,3660,3),(3666,'数词',17,0,52,23,0,3),(3667,'基数词',18,0,0,0,3666,3),(3668,'序数词',18,0,0,0,3666,3),(3669,'时刻',18,0,0,0,3666,3),(3670,'日期',18,0,0,0,3666,3),(3671,'分数',18,0,0,0,3666,3),(3672,'任务型阅读解题策略',17,0,52,23,0,3),(3673,'阅读填空',18,0,0,0,3672,3),(3674,'阅读表达',18,0,0,0,3672,3),(3675,'信息还原',18,0,0,0,3672,3),(3676,'情景交际',17,0,52,23,0,3),(3677,'单项选择',18,0,0,0,3676,3),(3678,'补全对话',18,0,0,0,3676,3),(3679,'动词的时态和语态',17,0,52,23,0,3),(3680,'一般现在时',18,0,0,0,3679,3),(3681,'一般过去时',18,0,0,0,3679,3),(3682,'一般将来时',18,0,0,0,3679,3),(3683,'现在进行时',18,0,0,0,3679,3),(3684,'过去进行时',18,0,0,0,3679,3),(3685,'过去将来时',18,0,0,0,3679,3),(3686,'现在完成时',18,0,0,0,3679,3),(3687,'过去完成时',18,0,0,0,3679,3),(3688,'不同时态的被动',18,0,0,0,3679,3),(3689,'情态动词的被动',18,0,0,0,3679,3),(3690,'介词',17,0,52,23,0,3),(3691,'高频介词词组',18,0,0,0,3690,3),(3692,'介词',18,0,0,0,3690,3),(3693,'特殊句式',17,0,52,23,0,3),(3694,'there be 句型',18,0,0,0,3693,3),(3695,'倒装句',18,0,0,0,3693,3),(3696,'省略句',18,0,0,0,3693,3),(3697,'强调句',18,0,0,0,3693,3),(3698,'主谓一致',18,0,0,0,3693,3),(3699,'单词与词组',17,0,52,23,0,3),(3700,'单词速记方法指导',18,0,0,0,3699,3),(3701,'高频词讲解及辨析',18,0,0,0,3699,3),(3705,'动词',17,0,52,23,0,3),(3706,'实义动词的变化规则（单三，过去式，\n过去分词，现在分词）',18,0,0,0,3705,3),(3707,'情态动词',18,0,0,0,3705,3),(3708,'系动词',18,0,0,0,3705,3),(3709,'助动词',18,0,0,0,3705,3),(3710,'非谓语动词',18,0,0,0,3705,3),(3711,'高频动词辨析',18,0,0,0,3705,3),(3712,'高频动词词组',18,0,0,0,3705,3),(3713,'改错题',17,0,52,23,0,3),(3714,'短文改错方法与技巧指导',18,0,0,0,3713,3),(3715,'单句改错方法与技巧指导',18,0,0,0,3713,3),(3716,'名词',17,0,52,23,0,3),(3717,'名词的基本用法',18,0,0,0,3716,3),(3718,'可数名词',18,0,0,0,3716,3),(3719,'不可数名词',18,0,0,0,3716,3),(3720,'专有名词',18,0,0,0,3716,3),(3721,'名词所有格',18,0,0,0,3716,3),(3722,'名词辨析',18,0,0,0,3716,3),(3723,'高频名词词组',18,0,0,0,3716,3),(3724,'不同话题写作',17,0,52,23,0,3),(3725,'志愿者',18,0,0,0,3724,3),(3726,'社会现象',18,0,0,0,3724,3),(3727,'网络科技',18,0,0,0,3724,3),(3728,'校园生活',18,0,0,0,3724,3),(3729,'习惯爱好',18,0,0,0,3724,3),(3730,'生态环保',18,0,0,0,3724,3),(3731,'友谊亲情',18,0,0,0,3724,3),(3732,'健康与幸福',18,0,0,0,3724,3),(3733,'突发事件',18,0,0,0,3724,3),(3734,'交通安全',18,0,0,0,3724,3),(3735,'信心与希望',18,0,0,0,3724,3),(3736,'努力与成功',18,0,0,0,3724,3),(3737,'自然灾害与疾病',18,0,0,0,3724,3),(3738,'活动类',18,0,0,0,3724,3),(3739,'健康',18,0,0,0,3724,3),(3740,'感恩',18,0,0,0,3724,3),(3741,'文化与交流',18,0,0,0,3724,3),(3742,'旅游参观',18,0,0,0,3724,3),(3743,'不同题型写作',17,0,52,23,0,3),(3744,'提纲作文',18,0,0,0,3743,3),(3745,'图表作文',18,0,0,0,3743,3),(3746,'图画作文',18,0,0,0,3743,3),(3747,'完形填空',17,0,52,23,0,3),(3748,'完形解题方法指导',18,0,0,0,3747,3),(3749,'完形高频同义词辨析',18,0,0,0,3747,3),(3750,'不同体裁文章的阅读策略',17,0,52,23,0,3),(3751,'应用文阅读',18,0,0,0,3750,3),(3752,'说明文阅读',18,0,0,0,3750,3),(3753,'议论文阅读',18,0,0,0,3750,3),(3754,'记叙文阅读',18,0,0,0,3750,3),(3755,'不同文体写作',17,0,52,23,0,3),(3756,'应用文体',18,0,0,0,3755,3),(3757,'记叙文体',18,0,0,0,3755,3),(3758,'议论文体',18,0,0,0,3755,3),(3759,'说明文体',18,0,0,0,3755,3),(3760,'代词',17,0,52,23,0,3),(3761,'人称代词',18,0,0,0,3760,3),(3762,'物主代词',18,0,0,0,3760,3),(3763,'反身代词',18,0,0,0,3760,3),(3764,'指示代词',18,0,0,0,3760,3),(3765,'疑问代词',18,0,0,0,3760,3),(3766,'关系代词',18,0,0,0,3760,3),(3767,'相互代词',18,0,0,0,3760,3),(3768,'不定代词',18,0,0,0,3760,3),(3769,'代词it的特殊用法',18,0,0,0,3760,3),(3770,'不同题材文章的阅读策略',17,0,52,23,0,3),(3771,'人物故事类阅读',18,0,0,0,3770,3),(3772,'广告信息类阅读',18,0,0,0,3770,3),(3773,'时文报道类阅读',18,0,0,0,3770,3),(3774,'科普知识类阅读',18,0,0,0,3770,3),(3775,'史地常识类阅读',18,0,0,0,3770,3),(3776,'逸闻趣事类阅读',18,0,0,0,3770,3),(3777,'社会文化类阅读',18,0,0,0,3770,3),(3778,'健康环保类阅读',18,0,0,0,3770,3),(3779,'说理议论类阅读',18,0,0,0,3770,3),(3780,'副词',17,0,52,23,0,3),(3781,'副词的比较级和最高级',18,0,0,0,3780,3),(3782,'副词的分类（时间、地点、疑问、程度等）',18,0,0,0,3780,3),(3783,'副词的基本用法',18,0,0,0,3780,3),(3784,'高频副词辨析',18,0,0,0,3780,3),(3785,'音标',17,0,52,23,0,3),(3786,'音标运用技巧',18,0,0,0,3785,3),(3787,'形容词',17,0,52,23,0,3),(3788,'形容词的比较级和最高级',18,0,0,0,3787,3),(3789,'形容词的基本用法',18,0,0,0,3787,3),(3790,'高频形容词辨析',18,0,0,0,3787,3),(3791,'听力',17,0,52,23,0,3),(3792,'听力策略指导',18,0,0,0,3791,3),(3793,'翻译',17,0,52,23,0,3),(3794,'汉译英方法与技巧指导',18,0,0,0,3793,3),(3795,'英译汉方法与技巧指导',18,0,0,0,3793,3),(3796,'简单句和复合句',17,0,52,23,0,3),(3797,'陈述句（肯定，否定，否定转移）',18,0,0,0,3796,3),(3798,'疑问句（一般，特殊，选择，反义疑问句）',18,0,0,0,3796,3),(3799,'祈使句',18,0,0,0,3796,3),(3800,'感叹句',18,0,0,0,3796,3),(3801,'句子成分及简单句五种基本类型',18,0,0,0,3796,3),(3802,'虚拟语气',18,0,0,0,3796,3),(3803,'并列句',18,0,0,0,3796,3),(3804,'宾语从句',18,0,0,0,3796,3),(3805,'定语从句',18,0,0,0,3796,3),(3806,'状语从句',18,0,0,0,3796,3),(3807,'直接引语和间接引语',18,0,0,0,3796,3),(3808,'连词',17,0,52,23,0,3),(3809,'并列连词',18,0,0,0,3808,3),(3810,'从属连词',18,0,0,0,3808,3),(3811,'词语',17,0,52,21,0,3),(3812,'近义词辨析与运用',18,0,0,0,3811,3),(3813,'成语熟语的理解与运用',18,0,0,0,3811,3),(3814,'句子',17,0,52,21,0,3),(3815,'病句的辨析与修改',18,0,0,0,3814,3),(3816,'表达简明、连贯、得体',18,0,0,0,3814,3),(3817,'常见修辞方法与运用',18,0,0,0,3814,3),(3818,'对联常识与运用',18,0,0,0,3814,3),(3819,'文言文阅读',17,0,52,21,0,3),(3820,'常见实词、虚词的含义和用法',18,0,0,0,3819,3),(3821,'常见句式的理解',18,0,0,0,3819,3),(3822,'文本内容的理解（断句和翻译）',18,0,0,0,3819,3),(3823,'文中内容的分析、筛选和概括',18,0,0,0,3819,3),(3824,'名句名篇的识记、理解和运用',18,0,0,0,3819,3),(3825,'文化文学常识',17,0,52,21,0,3),(3826,'中外重要作家作品基本常识',18,0,0,0,3825,3),(3827,'文学体裁基本常识',18,0,0,0,3825,3),(3828,'中华传统文化基本常识',18,0,0,0,3825,3),(3829,'论说实用类文本阅读',17,0,52,21,0,3),(3830,'重要词语的理解',18,0,0,0,3829,3),(3831,'重要句子的理解',18,0,0,0,3829,3),(3832,'信息的分析、筛选、整合',18,0,0,0,3829,3),(3833,'内容的归纳和概括',18,0,0,0,3829,3),(3834,'依据文本内容合理推断',18,0,0,0,3829,3),(3835,'对文本内容的运用和阐发',18,0,0,0,3829,3),(3836,'文学类作品阅读',17,0,52,21,0,3),(3837,'重要词语的理解',18,0,0,0,3836,3),(3838,'重要句子的理解',18,0,0,0,3836,3),(3839,'作者思路的梳理分析',18,0,0,0,3836,3),(3840,'作者情感的把握和评价',18,0,0,0,3836,3),(3841,'语言、手法、形象的赏析',18,0,0,0,3836,3),(3842,'对文本意蕴的思考与领悟',18,0,0,0,3836,3),(3843,'古典诗歌阅读',17,0,52,21,0,3),(3844,'诗歌内容理解',18,0,0,0,3843,3),(3845,'诗歌情感体察',18,0,0,0,3843,3),(3846,'诗歌语言、技巧和意境赏析',18,0,0,0,3843,3),(3847,'名句名篇的识记、理解和运用',18,0,0,0,3843,3),(3848,'大作文',17,0,52,21,0,3),(3849,'审题立意',18,0,0,0,3848,3),(3850,'布局谋篇',18,0,0,0,3848,3),(3851,'修改升格',18,0,0,0,3848,3),(3852,'汉字',17,0,52,21,0,3),(3853,'字音识记',18,0,0,0,3852,3),(3854,'字形书写',18,0,0,0,3852,3),(3855,'非金属及其化合物',17,0,51,25,0,3),(3856,'硅单质',18,0,0,0,3855,3),(3857,'二氧化硅和硅酸',18,0,0,0,3855,3),(3858,'硅酸盐',18,0,0,0,3855,3),(3859,'氯气',18,0,0,0,3855,3),(3860,'二氧化硫和三氧化硫',18,0,0,0,3855,3),(3861,'一氧化氮、二氧化氮',18,0,0,0,3855,3),(3862,'硝酸和硫酸',18,0,0,0,3855,3),(3863,'氨气、铵盐',18,0,0,0,3855,3),(3864,'物质结构和元素周期律',17,0,51,25,0,3),(3865,'元素、核素、同位素、同素异形体',18,0,0,0,3864,3),(3866,'元素周期表',18,0,0,0,3864,3),(3867,'元素周期律',18,0,0,0,3864,3),(3868,'元素周期律和元素周期表的综合应用',18,0,0,0,3864,3),(3869,'共价键',18,0,0,0,3864,3),(3870,'离子键',18,0,0,0,3864,3),(3871,'认识有机化合物',17,0,51,25,0,3),(3872,'有机化合物的分类',18,0,0,0,3871,3),(3873,'有机物中碳原子的成键特点',18,0,0,0,3871,3),(3874,'有机物的同分异构现象',18,0,0,0,3871,3),(3875,'烷烃的命名',18,0,0,0,3871,3),(3876,'烯烃炔烃的命名',18,0,0,0,3871,3),(3877,'苯的同系物的命名',18,0,0,0,3871,3),(3878,'蒸馏',18,0,0,0,3871,3),(3879,'重结晶',18,0,0,0,3871,3),(3880,'萃取',18,0,0,0,3871,3),(3881,'元素分析',18,0,0,0,3871,3),(3882,'质谱法',18,0,0,0,3871,3),(3883,'红外光谱',18,0,0,0,3871,3),(3884,'核磁共振氢谱',18,0,0,0,3871,3),(3885,'生命中的基础有机化学物质',17,0,51,25,0,3),(3886,'油脂的组成和结构',18,0,0,0,3885,3),(3887,'油脂的性质',18,0,0,0,3885,3),(3888,'葡萄糖与果糖',18,0,0,0,3885,3),(3889,'蔗糖与麦芽糖',18,0,0,0,3885,3),(3890,'淀粉与纤维素',18,0,0,0,3885,3),(3891,'氨基酸的结构和性质',18,0,0,0,3885,3),(3892,'蛋白质的结构和性质',18,0,0,0,3885,3),(3893,'酶',18,0,0,0,3885,3),(3894,'核酸',18,0,0,0,3885,3),(3895,'化学反应与能量变化',17,0,51,25,0,3),(3896,'焓变 反应热',18,0,0,0,3895,3),(3897,'热化学方程式',18,0,0,0,3895,3),(3898,'中和热测定',18,0,0,0,3895,3),(3899,'燃烧热',18,0,0,0,3895,3),(3900,'能源',18,0,0,0,3895,3),(3901,'盖斯定律',18,0,0,0,3895,3),(3902,'反应热的计算',18,0,0,0,3895,3),(3903,'电解质溶液',17,0,51,25,0,3),(3904,'强弱电解质',18,0,0,0,3903,3),(3905,'弱电解质的电离',18,0,0,0,3903,3),(3906,'水的电离',18,0,0,0,3903,3),(3907,'溶液的酸碱性与pH',18,0,0,0,3903,3),(3908,'pH的应用',18,0,0,0,3903,3),(3909,'测定酸碱滴定曲线',18,0,0,0,3903,3),(3910,'盐溶液的酸碱性',18,0,0,0,3903,3),(3911,'盐类的水解',18,0,0,0,3903,3),(3912,'影响盐类水解的因素和盐类水解反应的应用',18,0,0,0,3903,3),(3913,'难溶电解质的溶解平衡',18,0,0,0,3903,3),(3914,'沉淀反应的应用',18,0,0,0,3903,3),(3915,'沉淀的转化',18,0,0,0,3903,3),(3916,'简单的有机化合物',17,0,51,25,0,3),(3917,'甲烷',18,0,0,0,3916,3),(3918,'乙烯',18,0,0,0,3916,3),(3919,'苯',18,0,0,0,3916,3),(3920,'乙醇',18,0,0,0,3916,3),(3921,'乙酸',18,0,0,0,3916,3),(3922,'糖类物质',18,0,0,0,3916,3),(3923,'油脂',18,0,0,0,3916,3),(3924,'蛋白质',18,0,0,0,3916,3),(3925,'化学反应与能量转化',17,0,51,25,0,3),(3926,'化学能与热能',18,0,0,0,3925,3),(3927,'铜锌原电池',18,0,0,0,3925,3),(3928,'发展中的化学电源',18,0,0,0,3925,3),(3929,'化学反应速率',18,0,0,0,3925,3),(3930,'化学反应限度',18,0,0,0,3925,3),(3931,'化学反应速率和化学平衡',17,0,51,25,0,3),(3932,'活化分子和活化能',18,0,0,0,3931,3),(3933,'化学反应速率的定量表示和测定',18,0,0,0,3931,3),(3934,'浓度对反应速率的影响',18,0,0,0,3931,3),(3935,'压强对反应速率的影响',18,0,0,0,3931,3),(3936,'温度对反应速率的影响',18,0,0,0,3931,3),(3937,'催化剂对反应速率的影响',18,0,0,0,3931,3),(3938,'可逆反应',18,0,0,0,3931,3),(3939,'化学平衡状态',18,0,0,0,3931,3),(3940,'影响化学平衡状态的因素',18,0,0,0,3931,3),(3941,'化学平衡常数',18,0,0,0,3931,3),(3942,'化学反应进行的方向',18,0,0,0,3931,3),(3943,'合成有机高分子化合物',17,0,51,25,0,3),(3944,'加成聚合反应',18,0,0,0,3943,3),(3945,'缩合聚合反应',18,0,0,0,3943,3),(3946,'塑料',18,0,0,0,3943,3),(3947,'合成纤维',18,0,0,0,3943,3),(3948,'合成橡胶',18,0,0,0,3943,3),(3949,'功能高分子材料',18,0,0,0,3943,3),(3950,'化学物质及其变化',17,0,51,25,0,3),(3951,'简单物质的分类',18,0,0,0,3950,3),(3952,'分散系及其分类',18,0,0,0,3950,3),(3953,'离子反应',18,0,0,0,3950,3),(3954,'氧化还原反应',18,0,0,0,3950,3),(3955,'氧化剂和还原剂',18,0,0,0,3950,3),(3956,'化学与自然资源的开发利用',17,0,51,25,0,3),(3957,'金属矿物的开发利用',18,0,0,0,3956,3),(3958,'海水资源的开发利用',18,0,0,0,3956,3),(3959,'资源综合利用',18,0,0,0,3956,3),(3960,'环境保护',18,0,0,0,3956,3),(3961,'化学实验方法',17,0,51,25,0,3),(3962,'化学实验安全',18,0,0,0,3961,3),(3963,'混合物的分离和提纯',18,0,0,0,3961,3),(3964,'化学计量',17,0,51,25,0,3),(3965,'物质的量',18,0,0,0,3964,3),(3966,'气体摩尔体积',18,0,0,0,3964,3),(3967,'物质的量在化学实验中的应用',18,0,0,0,3964,3),(3968,'烃的含氧衍生物',17,0,51,25,0,3),(3969,'醇',18,0,0,0,3968,3),(3970,'酚',18,0,0,0,3968,3),(3971,'醛',18,0,0,0,3968,3),(3972,'羧酸',18,0,0,0,3968,3),(3973,'酯',18,0,0,0,3968,3),(3974,'有机合成的过程',18,0,0,0,3968,3),(3975,'逆合成分析法',18,0,0,0,3968,3),(3976,'金属及其化合物',17,0,51,25,0,3),(3977,'金属单质的性质',18,0,0,0,3976,3),(3978,'钠的化合物',18,0,0,0,3976,3),(3979,'铝的化合物',18,0,0,0,3976,3),(3980,'铁的化合物',18,0,0,0,3976,3),(3981,'其他金属及其化合物',18,0,0,0,3976,3),(3982,'金属材料的用途',18,0,0,0,3976,3),(3983,'化学与生活',17,0,51,25,0,3),(3984,'糖类',18,0,0,0,3983,3),(3985,'油脂',18,0,0,0,3983,3),(3986,'蛋白质',18,0,0,0,3983,3),(3987,'维生素和纤维素',18,0,0,0,3983,3),(3988,'合理饮食',18,0,0,0,3983,3),(3989,'正确使用药物',18,0,0,0,3983,3),(3990,'合金',18,0,0,0,3983,3),(3991,'金属的腐蚀和防护',18,0,0,0,3983,3),(3992,'玻璃、陶瓷和水泥',18,0,0,0,3983,3),(3993,'塑料、纤维和橡胶',18,0,0,0,3983,3),(3994,'改善大气质量',18,0,0,0,3983,3),(3995,'爱护水资源',18,0,0,0,3983,3),(3996,'垃圾资源化',18,0,0,0,3983,3),(3997,'电化学',17,0,51,25,0,3),(3998,'铜锌双液原电池',18,0,0,0,3997,3),(3999,'一次电池',18,0,0,0,3997,3),(4000,'二次电池',18,0,0,0,3997,3),(4001,'燃料电池',18,0,0,0,3997,3),(4002,'电解原理',18,0,0,0,3997,3),(4003,'电解原理的应用',18,0,0,0,3997,3),(4004,'金属的电化学腐蚀',18,0,0,0,3997,3),(4005,'金属的电化学防护',18,0,0,0,3997,3),(4006,'烃和卤代烃',17,0,51,25,0,3),(4007,'烷烃和烯烃的性质',18,0,0,0,4006,3),(4008,'烯烃的顺反异构',18,0,0,0,4006,3),(4009,'炔烃的性质',18,0,0,0,4006,3),(4010,'脂肪烃的来源及应用',18,0,0,0,4006,3),(4011,'苯的结构和化学性质',18,0,0,0,4006,3),(4012,'苯的同系物',18,0,0,0,4006,3),(4013,'芳香烃的来源和应用',18,0,0,0,4006,3),(4014,'卤代烃',18,0,0,0,4006,3),(4015,'近代社会的民主思想与实践',17,0,51,27,0,3),(4016,'中外历史人物评说',17,0,51,27,0,3),(4017,'科学社会主义理论和国际工人运动',17,0,51,27,0,3),(4018,'《共产党宣言》',18,0,0,0,4017,3),(4019,'巴黎公社',18,0,0,0,4017,3),(4020,'现代中国的政治建设和祖国统一',17,0,51,27,0,3),(4021,'新中国民主政治建设',18,0,0,0,4020,3),(4022,'民主政治建设的曲折发展',18,0,0,0,4020,3),(4023,'“一国两制”的理论和祖国统一',18,0,0,0,4020,3),(4024,'新中国的外交',17,0,51,27,0,3),(4025,'新中国的外交',18,0,0,0,4024,3),(4026,'开创外交新局面',18,0,0,0,4024,3),(4027,'近现代中国的思想解放潮流和重大思想理论成果',17,0,51,27,0,3),(4028,'从师夷长技、体用之争到维新思想',18,0,0,0,4027,3),(4029,'新旧三民主义',18,0,0,0,4027,3),(4030,'新文化运动与马克思主义的传播',18,0,0,0,4027,3),(4031,'毛泽东思想',18,0,0,0,4027,3),(4032,'邓小平理论',18,0,0,0,4027,3),(4033,'“三个代表”',18,0,0,0,4027,3),(4034,'当今世界政治格局的多极化趋势',17,0,51,27,0,3),(4035,'两极格局的形成',18,0,0,0,4034,3),(4036,'世界多极化趋势',18,0,0,0,4034,3),(4037,'跨世纪世界新格局',18,0,0,0,4034,3),(4038,'中国近现代社会生活的变迁',17,0,51,27,0,3),(4039,'物质生活和社会习俗的变化',18,0,0,0,4038,3),(4040,'交通、通讯工具的进步',18,0,0,0,4038,3),(4041,'大众传媒的发展',18,0,0,0,4038,3),(4042,'古代中国的科学技术和文学艺术',17,0,51,27,0,3),(4043,'科学技术',18,0,0,0,4042,3),(4044,'书画与戏曲艺术',18,0,0,0,4042,3),(4045,'文学成就',18,0,0,0,4042,3),(4046,'西方人文精神和民主思想的发展',17,0,51,27,0,3),(4047,'西方人文精神的起源',18,0,0,0,4046,3),(4048,'文艺复兴',18,0,0,0,4046,3),(4049,'宗教改革',18,0,0,0,4046,3),(4050,'启蒙运动',18,0,0,0,4046,3),(4051,'现代中国的经济建设',17,0,51,27,0,3),(4052,'社会主义经济建设的曲折发展',18,0,0,0,4051,3),(4053,'经济体制改革',18,0,0,0,4051,3),(4054,'对外开放格局',18,0,0,0,4051,3),(4055,'近代中国经济结构的变动和资本主义曲折发展',17,0,51,27,0,3),(4056,'晚清时期经济结构的变动',18,0,0,0,4055,3),(4057,'民族资本主义的兴起及初步发展',18,0,0,0,4055,3),(4058,'民国时期民族资本主义的曲折发展',18,0,0,0,4055,3),(4059,'民族资本主义在历史发展进程中的地位和作用',18,0,0,0,4055,3),(4060,'古代希腊罗马的制度',17,0,51,27,0,3),(4061,'雅典的民主政治',18,0,0,0,4060,3),(4062,'罗马法',18,0,0,0,4060,3),(4063,'近代西方资本主义政治制度的确立与发展',17,0,51,27,0,3),(4064,'英国革命与近代英国政治制度的发展',18,0,0,0,4063,3),(4065,'美国独立战争与美国共和制的确立',18,0,0,0,4063,3),(4066,'法国大革命与19世纪法国政体的变迁',18,0,0,0,4063,3),(4067,'德意志帝国君主立宪制的确立',18,0,0,0,4063,3),(4068,'古代中国主流思想的演变',17,0,51,27,0,3),(4069,'春秋战国时期的百家争鸣',18,0,0,0,4068,3),(4070,'汉代儒学',18,0,0,0,4068,3),(4071,'宋明理学',18,0,0,0,4068,3),(4072,'明清之际的儒家思想',18,0,0,0,4068,3),(4073,'近代以来世界的科学发展',17,0,51,27,0,3),(4074,'物理学的重大进展',18,0,0,0,4073,3),(4075,'进化论',18,0,0,0,4073,3),(4076,'从蒸汽机到互联网',18,0,0,0,4073,3),(4077,'近代列强入侵与旧民主主义革命',17,0,51,27,0,3),(4078,'近代前期列强侵华与中国人民的反抗斗争',18,0,0,0,4077,3),(4079,'太平天国运动',18,0,0,0,4077,3),(4080,'戊戌变法和清末新版',18,0,0,0,4077,3),(4081,'辛亥革命与中华民国成立',18,0,0,0,4077,3),(4082,'新民主主义革命',17,0,51,27,0,3),(4083,'五四运动',18,0,0,0,4082,3),(4084,'中国共产党成立',18,0,0,0,4082,3),(4085,'国共合作与国民革命',18,0,0,0,4082,3),(4086,'国共十年对峙',18,0,0,0,4082,3),(4087,'抗日战争',18,0,0,0,4082,3),(4088,'解放战争',18,0,0,0,4082,3),(4089,'近现代世界文学艺术',17,0,51,27,0,3),(4090,'19到20世纪的世界文学艺术',18,0,0,0,4089,3),(4091,'现代中国的科技、教育与文学艺术',17,0,51,27,0,3),(4092,'建国以来的重大科技成就',18,0,0,0,4091,3),(4093,'“百花齐放、百家争鸣”的方针',18,0,0,0,4091,3),(4094,'现代中国教育事业的发展',18,0,0,0,4091,3),(4095,'资本主义世界市场的形成和发展过程',17,0,51,27,0,3),(4096,'新航路的开辟',18,0,0,0,4095,3),(4097,'殖民扩张与掠夺',18,0,0,0,4095,3),(4098,'第一次工业革命',18,0,0,0,4095,3),(4099,'第二次工业革命',18,0,0,0,4095,3),(4100,'资本主义世界市场的形成和拓展',18,0,0,0,4095,3),(4101,'俄国十月革命和苏联的社会主义建设',17,0,51,27,0,3),(4102,'俄国十月革命',18,0,0,0,4101,3),(4103,'战时共产主义和新经济政策',18,0,0,0,4101,3),(4104,'斯大林模式',18,0,0,0,4101,3),(4105,'二战后苏联的改革',18,0,0,0,4101,3),(4106,'古代中国的政治制度',17,0,51,27,0,3),(4107,'西周的分封制与宗法制',18,0,0,0,4106,3),(4108,'秦朝中央集权制度',18,0,0,0,4106,3),(4109,'从汉到元的政治制度演变',18,0,0,0,4106,3),(4110,'明清君主专制的加强',18,0,0,0,4106,3),(4111,'古代中国的经济',17,0,51,27,0,3),(4112,'古代中国的农业',18,0,0,0,4111,3),(4113,'古代中国的手工业',18,0,0,0,4111,3),(4114,'古代中国的商业',18,0,0,0,4111,3),(4115,'古代的经济政策',18,0,0,0,4111,3),(4116,'二战后世界经济的全球化趋势',17,0,51,27,0,3),(4117,'战后资本主义世界经济体系',18,0,0,0,4116,3),(4118,'世界经济的区域集团化',18,0,0,0,4116,3),(4119,'世界贸易组织和中国的加入',18,0,0,0,4116,3),(4120,'经济全球化的趋势',18,0,0,0,4116,3),(4121,'资本主义经济的调整',17,0,51,27,0,3),(4122,'1929年至1933年资本主义世界经济危机',18,0,0,0,4121,3),(4123,'罗斯福新政',18,0,0,0,4121,3),(4124,'二战后资本主义的新变化',18,0,0,0,4121,3),(4125,'历史上重大改革回眸',17,0,51,27,0,3),(4126,'商鞅变法',18,0,0,0,4125,3),(4127,'梭伦改革',18,0,0,0,4125,3),(4128,'北魏孝文帝改革',18,0,0,0,4125,3),(4129,'王安石变法',18,0,0,0,4125,3),(4130,'宗教改革',18,0,0,0,4125,3),(4131,'默罕默德·阿里改革',18,0,0,0,4125,3),(4132,'1861年俄国农奴制改革',18,0,0,0,4125,3),(4133,'日本明治维新',18,0,0,0,4125,3),(4134,'戊戌变法',18,0,0,0,4125,3),(4135,'地球上的水',17,0,51,28,0,3),(4136,'水循环与水资源的合理利用',18,0,0,0,4135,3),(4137,'海水运动',18,0,0,0,4135,3),(4138,'人口的变化',17,0,51,28,0,3),(4139,'人口的数量变化与人口的合理容量',18,0,0,0,4138,3),(4140,'人口的空间变化',18,0,0,0,4138,3),(4141,'自然环境的整体性与差异性',17,0,51,28,0,3),(4142,'自然地理环境的整体性',18,0,0,0,4141,3),(4143,'自然地理环境的差异性',18,0,0,0,4141,3),(4144,'城市与城市化',17,0,51,28,0,3),(4145,'城市的空间结构与城市的服务功能',18,0,0,0,4144,3),(4146,'城市化及其对环境的影响',18,0,0,0,4144,3),(4147,'地域文化对城市的影响',18,0,0,0,4144,3),(4148,'地表形态的塑造',17,0,51,28,0,3),(4149,'地壳物质循环',18,0,0,0,4148,3),(4150,'营造地表形态的力量',18,0,0,0,4148,3),(4151,'农业地域的形成与发展',17,0,51,28,0,3),(4152,'农业的区位选择',18,0,0,0,4151,3),(4153,'农业的地域类型及农业生产活动对地理环境的影响',18,0,0,0,4151,3),(4154,'区域生态环境建设',17,0,51,28,0,3),(4155,'荒漠化的防治',18,0,0,0,4154,3),(4156,'森林的开发和保护',18,0,0,0,4154,3),(4157,'区域水土流失及其治理',18,0,0,0,4154,3),(4158,'湿地资源的开发与保护',18,0,0,0,4154,3),(4159,'工业地域的形成与发展',17,0,51,28,0,3),(4160,'工业的区位选择',18,0,0,0,4159,3),(4161,'工业地域的形成及工业生产活动对地理环境的影响',18,0,0,0,4159,3),(4162,'选修地理',17,0,51,28,0,3),(4163,'宇宙和地球',18,0,0,0,4162,3),(4164,'海洋地理',18,0,0,0,4162,3),(4165,'旅游地理',18,0,0,0,4162,3),(4166,'城乡规划',18,0,0,0,4162,3),(4167,'自然灾害与防治',18,0,0,0,4162,3),(4168,'环境保护',18,0,0,0,4162,3),(4169,'中国地理',17,0,51,28,0,3),(4170,'区域地理环境与人类活动',17,0,51,28,0,3),(4171,'地理环境对区域发展的影响',18,0,0,0,4170,3),(4172,'地理信息技术的应用',18,0,0,0,4170,3),(4173,'自然环境对人类活动的影响',17,0,51,28,0,3),(4174,'自然资源与人类活动',18,0,0,0,4173,3),(4175,'自然灾害与人类活动',18,0,0,0,4173,3),(4176,'地表形态对聚落及交通线路分布的影响',18,0,0,0,4173,3),(4177,'全球气候变化对人类活动的影响',18,0,0,0,4173,3),(4178,'世界地理',17,0,51,28,0,3),(4179,'人类与地理环境的协调发展',17,0,51,28,0,3),(4180,'人地关系思想的演变',18,0,0,0,4179,3),(4181,'可持续发展的基本内涵与协调人地关系的途径',18,0,0,0,4179,3),(4182,'区域经济发展',17,0,51,28,0,3),(4183,'区域农业发展',18,0,0,0,4182,3),(4184,'区域工业化与城市化',18,0,0,0,4182,3),(4185,'地球与地图',17,0,51,28,0,3),(4186,'地球和地球仪',18,0,0,0,4185,3),(4187,'地图基础知识',18,0,0,0,4185,3),(4188,'人类活动的地域联系',17,0,51,28,0,3),(4189,'交通运输方式和布局',18,0,0,0,4188,3),(4190,'交通运输布局对区域发展的影响',18,0,0,0,4188,3),(4191,'区域联系与区域协调发展',17,0,51,28,0,3),(4192,'资源的跨区域调配',18,0,0,0,4191,3),(4193,'产业转移',18,0,0,0,4191,3),(4194,'宇宙中的地球',17,0,51,28,0,3),(4195,'地球的宇宙环境与地球的圈层结构',18,0,0,0,4194,3),(4196,'地球自转及其地理意义',18,0,0,0,4194,3),(4197,'地球公转及其地理意义',18,0,0,0,4194,3),(4198,'区域自然资源综合开发利用',17,0,51,28,0,3),(4199,'能源资源的开发',18,0,0,0,4198,3),(4200,'流域的综合开发',18,0,0,0,4198,3),(4201,'地球上的大气',17,0,51,28,0,3),(4202,'大气的受热过程',18,0,0,0,4201,3),(4203,'大气的运动',18,0,0,0,4201,3),(4204,'气压带和风带',18,0,0,0,4201,3),(4205,'常见天气系统',18,0,0,0,4201,3),(4206,'气候的形成与变化',18,0,0,0,4201,3),(4207,'收入与分配',17,0,51,29,0,3),(4208,'收入分配与社会公平',18,0,0,0,4207,3),(4209,'财政与税收',18,0,0,0,4207,3),(4210,'发展社会主义民主政治',17,0,51,29,0,3),(4211,'我国的人民代表大会制度',18,0,0,0,4210,3),(4212,'中国共产党领导的多党合作和政治协商制度',18,0,0,0,4210,3),(4213,'民族区域自治制度和宗教政策',18,0,0,0,4210,3),(4214,'当代国际社会',17,0,51,29,0,3),(4215,'国际社会的主体及国际关系的决定因素',18,0,0,0,4214,3),(4216,'世界政治经济发展的基本趋势',18,0,0,0,4214,3),(4217,'我国独立自主的和平外交政策',18,0,0,0,4214,3),(4218,'发展社会主义市场经济',17,0,51,29,0,3),(4219,'市场配置资源与宏观调控',18,0,0,0,4218,3),(4220,'科学发展观和小康社会的经济建设',18,0,0,0,4218,3),(4221,'面对经济全球化，全面提高开放型经济水平',18,0,0,0,4218,3),(4222,'生活智慧与时代精神',17,0,51,29,0,3),(4223,'哲学是什么',18,0,0,0,4222,3),(4224,'哲学的基本问题',18,0,0,0,4222,3),(4225,'唯物主义及其形态',18,0,0,0,4222,3),(4226,'唯心主义及其形态',18,0,0,0,4222,3),(4227,'哲学史概述',18,0,0,0,4222,3),(4228,'为人民服务的政府',17,0,51,29,0,3),(4229,'政府的性质、责任及其基本职能',18,0,0,0,4228,3),(4230,'政府权力的运行：决策、执行、监督',18,0,0,0,4228,3),(4231,'文化与生活',17,0,51,29,0,3),(4232,'文化及其社会作用',18,0,0,0,4231,3),(4233,'文化对人的影响',18,0,0,0,4231,3),(4234,'思维方法与创新意识',17,0,51,29,0,3),(4235,'唯物辩证法的联系观',18,0,0,0,4234,3),(4236,'唯物辩证法的发展观',18,0,0,0,4234,3),(4237,'唯物辩证法的实质与核心',18,0,0,0,4234,3),(4238,'唯物辩证法与创新意识',18,0,0,0,4234,3),(4239,'公民的政治生活',17,0,51,29,0,3),(4240,'我国的国体及其本质',18,0,0,0,4239,3),(4241,'我国公民的政治权利、义务及其实现途径',18,0,0,0,4239,3),(4242,'我国公民参与政治生活的基本原则和主要内容',18,0,0,0,4239,3),(4243,'文化传承与创新',17,0,51,29,0,3),(4244,'世界文化的多样性',18,0,0,0,4243,3),(4245,'文化的交流和传播',18,0,0,0,4243,3),(4246,'文化的继承和发展',18,0,0,0,4243,3),(4247,'文化创新',18,0,0,0,4243,3),(4248,'发展中国特色社会主义文化',17,0,51,29,0,3),(4249,'走进文化生活',18,0,0,0,4248,3),(4250,'建设社会主义文化强国',18,0,0,0,4248,3),(4251,'加强社会主义思想道德建设',18,0,0,0,4248,3),(4252,'生活与消费',17,0,51,29,0,3),(4253,'货币及其本质',18,0,0,0,4252,3),(4254,'信用工具及外汇',18,0,0,0,4252,3),(4255,'影响价格的因素',18,0,0,0,4252,3),(4256,'价格变动的影响',18,0,0,0,4252,3),(4257,'消费及消费观',18,0,0,0,4252,3),(4258,'中华文化与民族精神',17,0,51,29,0,3),(4259,'中华文化基本特征',18,0,0,0,4258,3),(4260,'培育和弘扬民族精神',18,0,0,0,4258,3),(4261,'探索世界与追求真理',17,0,51,29,0,3),(4262,'物质与运动',18,0,0,0,4261,3),(4263,'物质与意识',18,0,0,0,4261,3),(4264,'客观规律与主观能动性',18,0,0,0,4261,3),(4265,'实践、真理和认识',18,0,0,0,4261,3),(4266,'经济学常识',17,0,51,29,0,3),(4267,'古典经济学巨匠的理论遗产',18,0,0,0,4266,3),(4268,'马克思主义经济学的伟大贡献',18,0,0,0,4266,3),(4269,'西方国家现代市场经济的兴起于主要模式',18,0,0,0,4266,3),(4270,'社会主义经济理论的初期探讨',18,0,0,0,4266,3),(4271,'中国社会主义市场经济的探索',18,0,0,0,4266,3),(4272,'生产、劳动与经营',17,0,51,29,0,3),(4273,'生产与消费的关系',18,0,0,0,4272,3),(4274,'我国的基本经济制度',18,0,0,0,4272,3),(4275,'企业及其经营发展',18,0,0,0,4272,3),(4276,'劳动与就业',18,0,0,0,4272,3),(4277,'商业银行与投资',18,0,0,0,4272,3),(4278,'认识社会与价值选择',17,0,51,29,0,3),(4279,'社会存在和社会意识',18,0,0,0,4278,3),(4280,'社会基本矛盾及历史发展总趋势',18,0,0,0,4278,3),(4281,'人民群众是社会历史的主体',18,0,0,0,4278,3),(4282,'价值与价值观的导向作用',18,0,0,0,4278,3),(4283,'价值判断与价值选择',18,0,0,0,4278,3),(4284,'创造与实现人生价值',18,0,0,0,4278,3),(4285,'国家和国际组织常识',17,0,51,29,0,3),(4286,'各具特色的国家和国际组织',18,0,0,0,4285,3),(4287,'君主立宪制和民主共和制',18,0,0,0,4285,3),(4288,'联邦制、两党制、三权分立',18,0,0,0,4285,3),(4289,'民主集中制',18,0,0,0,4285,3),(4290,'日益重要的国际组织',18,0,0,0,4285,3),(4291,'统计',17,0,51,22,0,3),(4292,'简单随机抽样',18,0,0,0,4291,3),(4293,'系统抽样',18,0,0,0,4291,3),(4294,'分层抽样',18,0,0,0,4291,3),(4295,'用样本的频率分布估计总体的频率分布',18,0,0,0,4291,3),(4296,'频率分布折线图、密度曲线',18,0,0,0,4291,3),(4297,'用样本的数字特征估计总体的数字特征',18,0,0,0,4291,3),(4298,'两个变量的线性相关',18,0,0,0,4291,3),(4299,'散点图、最小二乘法',18,0,0,0,4291,3),(4300,'线性回归方程',18,0,0,0,4291,3),(4301,'独立性检验',18,0,0,0,4291,3),(4302,'回归分析',18,0,0,0,4291,3),(4303,'数列',17,0,51,22,0,3),(4304,'数列的概念及表示',18,0,0,0,4303,3),(4305,'数列前n项和与通项关系及数列的递推式公式',18,0,0,0,4303,3),(4306,'等差数列概念与通项公式',18,0,0,0,4303,3),(4307,'等差数列前n项和公式',18,0,0,0,4303,3),(4308,'等比数列的概念与通项公式',18,0,0,0,4303,3),(4309,'等比数列前n项和公式',18,0,0,0,4303,3),(4310,'等差与等比数列综合',18,0,0,0,4303,3),(4311,'利用递推公式求数列通项公式',18,0,0,0,4303,3),(4312,'求数列前n项和的方法',18,0,0,0,4303,3),(4313,'数列综合应用',18,0,0,0,4303,3),(4314,'点、直线、平面之间的位置关系',17,0,51,22,0,3),(4315,'平面的概念、画法及表示',18,0,0,0,4314,3),(4316,'空间两条直线的位置关系及异面直线的概念',18,0,0,0,4314,3),(4317,'直线与平面平行的判定与性质',18,0,0,0,4314,3),(4318,'平面与平面平行的判定与性质',18,0,0,0,4314,3),(4319,'直线与平面垂直的判定与性质',18,0,0,0,4314,3),(4320,'平面与平面垂直的判定与性质',18,0,0,0,4314,3),(4321,'基本初等函数（Ⅰ）',17,0,51,22,0,3),(4322,'一次函数的图象与性质',18,0,0,0,4321,3),(4323,'二次函数的图象与性质',18,0,0,0,4321,3),(4324,'实数指数幂及其运算',18,0,0,0,4321,3),(4325,'指数函数的图象及性质',18,0,0,0,4321,3),(4326,'对数的概念及其运算',18,0,0,0,4321,3),(4327,'对数函数的图象及性质',18,0,0,0,4321,3),(4328,'指数函数与对数函数的关系',18,0,0,0,4321,3),(4329,'反函数',18,0,0,0,4321,3),(4330,'幂函数的定义、图象及性质',18,0,0,0,4321,3),(4331,'函数的应用（Ⅱ）',18,0,0,0,4321,3),(4332,'概率',17,0,51,22,0,3),(4333,'分类加法计数原理',18,0,0,0,4332,3),(4334,'分步乘法计数原理',18,0,0,0,4332,3),(4335,'排列及排列数公式',18,0,0,0,4332,3),(4336,'组合及组合数公式',18,0,0,0,4332,3),(4337,'排列组合的综合应用',18,0,0,0,4332,3),(4338,'二项式定理',18,0,0,0,4332,3),(4339,'随机事件的概念',18,0,0,0,4332,3),(4340,'随机事件的频率与概率',18,0,0,0,4332,3),(4341,'互斥事件及概率的加法公式',18,0,0,0,4332,3),(4342,'等可能事件及其概率',18,0,0,0,4332,3),(4343,'古典概型',18,0,0,0,4332,3),(4344,'几何概型',18,0,0,0,4332,3),(4345,'条件概率',18,0,0,0,4332,3),(4346,'独立事件与乘法公式',18,0,0,0,4332,3),(4347,'n次独立重复试验',18,0,0,0,4332,3),(4348,'离散型随机变量',18,0,0,0,4332,3),(4349,'离散型随机变量分布列',18,0,0,0,4332,3),(4350,'超几何分布及其应用',18,0,0,0,4332,3),(4351,'二项分布及其应用',18,0,0,0,4332,3),(4352,'离散型随机变量的数学期望',18,0,0,0,4332,3),(4353,'离散型随机变量的方差',18,0,0,0,4332,3),(4354,'正态分布曲线的特点及曲线所表示的意义',18,0,0,0,4332,3),(4355,'直线的方程',17,0,51,22,0,3),(4356,'平面直角坐标系中的基本公式',18,0,0,0,4355,3),(4357,'直线的倾斜角与斜率',18,0,0,0,4355,3),(4358,'直线方程的概念',18,0,0,0,4355,3),(4359,'直线的点斜式方程与斜截式方程',18,0,0,0,4355,3),(4360,'直线的两点式方程与截距式方程',18,0,0,0,4355,3),(4361,'直线的一般式方程',18,0,0,0,4355,3),(4362,'两条直线相交、平行、重合的条件',18,0,0,0,4355,3),(4363,'两条直线垂直的条件',18,0,0,0,4355,3),(4364,'点到直线的距离公式与两平行线之间的距离',18,0,0,0,4355,3),(4365,'有关直线的对称问题',18,0,0,0,4355,3),(4366,'三角函数',17,0,51,22,0,3),(4367,'任意角的概念',18,0,0,0,4366,3),(4368,'弧度与角度的互化',18,0,0,0,4366,3),(4369,'任意角三角函数的定义',18,0,0,0,4366,3),(4370,'单位圆中三角函数线',18,0,0,0,4366,3),(4371,'同角三角函数间的基本关系及应用',18,0,0,0,4366,3),(4372,'诱导公式',18,0,0,0,4366,3),(4373,'正弦函数的图象与性质',18,0,0,0,4366,3),(4374,'余弦函数的图象与性质',18,0,0,0,4366,3),(4375,'正切函数的图象与性质',18,0,0,0,4366,3),(4376,'已知三角函数值求角',18,0,0,0,4366,3),(4377,'反三角函数',18,0,0,0,4366,3),(4378,'函数y=Asin（wx+φ）的图象与性质',18,0,0,0,4366,3),(4379,'两角和与差的余弦',18,0,0,0,4366,3),(4380,'两角和与差的正弦',18,0,0,0,4366,3),(4381,'两角和与差的正切',18,0,0,0,4366,3),(4382,'二倍角的正弦、余弦、正切',18,0,0,0,4366,3),(4383,'半角的正弦、余弦、正切',18,0,0,0,4366,3),(4384,'三角函数的积化和差与和差化积',18,0,0,0,4366,3),(4385,'正弦定理',18,0,0,0,4366,3),(4386,'余弦定理',18,0,0,0,4366,3),(4387,'正、余弦定理的应用',18,0,0,0,4366,3),(4388,'平面向量',17,0,51,22,0,3),(4389,'向量的概念及向量的几何表示',18,0,0,0,4388,3),(4390,'向量加、减法法则及几何意义',18,0,0,0,4388,3),(4391,'数乘向量及几何意义',18,0,0,0,4388,3),(4392,'向量的共线定理',18,0,0,0,4388,3),(4393,'平面向量的基本定理及其意义',18,0,0,0,4388,3),(4394,'平面向量的正交分解及坐标表示',18,0,0,0,4388,3),(4395,'平面向量坐标表示下的线性运算',18,0,0,0,4388,3),(4396,'向量数量积的定义',18,0,0,0,4388,3),(4397,'平面向量数量积的运算律及性质',18,0,0,0,4388,3),(4398,'数量积的坐标表示',18,0,0,0,4388,3),(4399,'数量积性质的应用（求角、求模长）',18,0,0,0,4388,3),(4400,'向量在几何中的应用',18,0,0,0,4388,3),(4401,'向量在物理中的应用',18,0,0,0,4388,3),(4402,'不等式选讲',17,0,51,22,0,3),(4403,'绝对值不等式',18,0,0,0,4402,3),(4404,'绝对值的三角不等式',18,0,0,0,4402,3),(4405,'证明不等式的基本方法（1）：比较法',18,0,0,0,4402,3),(4406,'证明不等式的基本方法（2）：综合法和分析法',18,0,0,0,4402,3),(4407,'证明不等式的基本方法（3）：反证法和放缩法',18,0,0,0,4402,3),(4408,'柯西不等式',18,0,0,0,4402,3),(4409,'排序不等式',18,0,0,0,4402,3),(4410,'均值不等式',18,0,0,0,4402,3),(4411,'最大值与最小值问题，优化的数学模型',18,0,0,0,4402,3),(4412,'数学归纳法原理',18,0,0,0,4402,3),(4413,'用数学归纳法证明不等式、贝努利不等式',18,0,0,0,4402,3),(4414,'常用逻辑用语',17,0,51,22,0,3),(4415,'简单命题与逻辑联结词',18,0,0,0,4414,3),(4416,'含有全称量词与存在量词命题的含义与真假',18,0,0,0,4414,3),(4417,'全称命题与特称（存在）命题的否定',18,0,0,0,4414,3),(4418,'四种命题及其关系',18,0,0,0,4414,3),(4419,'充分条件与必要条件',18,0,0,0,4414,3),(4420,'圆锥曲线',17,0,51,22,0,3),(4421,'曲线与方程的概念',18,0,0,0,4420,3),(4422,'椭圆的定义及标准方程',18,0,0,0,4420,3),(4423,'椭圆的几何性质及应用',18,0,0,0,4420,3),(4424,'直线与椭圆',18,0,0,0,4420,3),(4425,'双曲线的定义及标准方程',18,0,0,0,4420,3),(4426,'双曲线的几何性质及应用',18,0,0,0,4420,3),(4427,'直线与双曲线',18,0,0,0,4420,3),(4428,'抛物线的定义及标准方程',18,0,0,0,4420,3),(4429,'抛物线的几何性质及应用',18,0,0,0,4420,3),(4430,'直线与抛物线',18,0,0,0,4420,3),(4431,'几何证明选讲',17,0,51,22,0,3),(4432,'相似三角形的性质与判定',18,0,0,0,4431,3),(4433,'平行截割定理',18,0,0,0,4431,3),(4434,'射影定理',18,0,0,0,4431,3),(4435,'圆周角定理与弦切角定理',18,0,0,0,4431,3),(4436,'圆幂定理与圆内接四边形',18,0,0,0,4431,3),(4437,'算法初步与框图',17,0,51,22,0,3),(4438,'算法的概念',18,0,0,0,4437,3),(4439,'程序框图',18,0,0,0,4437,3),(4440,'三种基本逻辑结构和框图表示',18,0,0,0,4437,3),(4441,'应用设计程序框图解决实际问题',18,0,0,0,4437,3),(4442,'赋值语句和输入输出语句',18,0,0,0,4437,3),(4443,'条件语句与循环语句',18,0,0,0,4437,3),(4444,'更相减损术',18,0,0,0,4437,3),(4445,'辗转相除求最大公约数',18,0,0,0,4437,3),(4446,'秦九韶算法',18,0,0,0,4437,3),(4447,'流程图、结构图',18,0,0,0,4437,3),(4448,'不等式',17,0,51,22,0,3),(4449,'不等式的性质',18,0,0,0,4448,3),(4450,'均值不等式及应用',18,0,0,0,4448,3),(4451,'一元二次不等式及其解法',18,0,0,0,4448,3),(4452,'二元一次不等式（组）所表示的平面区域',18,0,0,0,4448,3),(4453,'简单线性规划',18,0,0,0,4448,3),(4454,'简单线性规划的应用',18,0,0,0,4448,3),(4455,'线性规划思想的应用',18,0,0,0,4448,3),(4456,'函数及其应用',17,0,51,22,0,3),(4457,'函数的概念与函数的表示方法',18,0,0,0,4456,3),(4458,'函数的定义域及求法',18,0,0,0,4456,3),(4459,'函数的解析式及求法',18,0,0,0,4456,3),(4460,'函数的值域及求法',18,0,0,0,4456,3),(4461,'函数图象的作法',18,0,0,0,4456,3),(4462,'分段函数',18,0,0,0,4456,3),(4463,'函数的基本性质(1):单调性及单调区间',18,0,0,0,4456,3),(4464,'函数的基本性质(2):函数的奇偶性',18,0,0,0,4456,3),(4465,'函数的基本性质(3):函数的周期性',18,0,0,0,4456,3),(4466,'函数的基本性质(4):函数图象的对称性',18,0,0,0,4456,3),(4467,'函数零点的概念及函数零点存在性判定定理',18,0,0,0,4456,3),(4468,'函数零点的应用',18,0,0,0,4456,3),(4469,'求函数零点近似解的一种计算方法——二分法',18,0,0,0,4456,3),(4470,'函数的应用（Ⅰ）',18,0,0,0,4456,3),(4471,'空间向量',17,0,51,22,0,3),(4472,'空间直角坐标系及两点间的距离公式',18,0,0,0,4471,3),(4473,'空间向量的线性运算',18,0,0,0,4471,3),(4474,'空间向量的基本定理',18,0,0,0,4471,3),(4475,'两个向量的数量积',18,0,0,0,4471,3),(4476,'空间向量的直角坐标运算',18,0,0,0,4471,3),(4477,'直线的方向向量与直线的向量方程',18,0,0,0,4471,3),(4478,'平面的法向量与平面的向量表示',18,0,0,0,4471,3),(4479,'空间中平行关系的向量证明',18,0,0,0,4471,3),(4480,'空间中垂直关系的向量证明',18,0,0,0,4471,3),(4481,'直线与平面的夹角',18,0,0,0,4471,3),(4482,'二面角及其度量',18,0,0,0,4471,3),(4483,'导数及其应用',17,0,51,22,0,3),(4484,'函数的平均变化率',18,0,0,0,4483,3),(4485,'瞬时速度与导数概念',18,0,0,0,4483,3),(4486,'导数的几何意义',18,0,0,0,4483,3),(4487,'常见函数、幂函数的导数及导数公式表',18,0,0,0,4483,3),(4488,'导数的四则运算法则',18,0,0,0,4483,3),(4489,'复合函数求导',18,0,0,0,4483,3),(4490,'利用导数判断函数的单调性',18,0,0,0,4483,3),(4491,'利用导数求函数的极值、最值',18,0,0,0,4483,3),(4492,'导数的实际应用',18,0,0,0,4483,3),(4493,'曲边梯形的面积与定积分',18,0,0,0,4483,3),(4494,'微积分基本定理',18,0,0,0,4483,3),(4495,'定积分的应用',18,0,0,0,4483,3),(4496,'集合',17,0,51,22,0,3),(4497,'集合的概念与表示方法',18,0,0,0,4496,3),(4498,'元素与集合、集合之间的关系',18,0,0,0,4496,3),(4499,'集合的基本运算',18,0,0,0,4496,3),(4500,'应用集合表示数学中的特殊集合',18,0,0,0,4496,3),(4501,'高等数学',17,0,51,22,0,3),(4502,'矩阵与变换',18,0,0,0,4501,3),(4503,'逆变换与逆矩阵',18,0,0,0,4501,3),(4504,'优选法的概念',18,0,0,0,4501,3),(4505,'常用优选法',18,0,0,0,4501,3),(4506,'数列与差分',18,0,0,0,4501,3),(4507,'初等数论初步、优选法与试验设计初步',18,0,0,0,4501,3),(4508,'统筹法与图论初步、风险与决策',18,0,0,0,4501,3),(4509,'开关电路与布尔代数',18,0,0,0,4501,3),(4510,'圆的方程',17,0,51,22,0,3),(4511,'圆的标准方程与一般方程',18,0,0,0,4510,3),(4512,'点与圆的位置关系',18,0,0,0,4510,3),(4513,'直线与圆的位置关系及其条件',18,0,0,0,4510,3),(4514,'圆的切线方程',18,0,0,0,4510,3),(4515,'直线与圆的综合应用',18,0,0,0,4510,3),(4516,'圆与圆的位置关系',18,0,0,0,4510,3),(4517,'数学知识拓展',17,0,51,22,0,3),(4518,'数学史选讲',18,0,0,0,4517,3),(4519,'初等数论的有关知识',18,0,0,0,4517,3),(4520,'信息安全与密码',18,0,0,0,4517,3),(4521,'球面上的几何',18,0,0,0,4517,3),(4522,'对称与群',18,0,0,0,4517,3),(4523,'欧拉公式与闭曲面分类',18,0,0,0,4517,3),(4524,'三等分角与数域扩充',18,0,0,0,4517,3),(4525,'复数',17,0,51,22,0,3),(4526,'复数的概念与复数系',18,0,0,0,4525,3),(4527,'复数的几何意义',18,0,0,0,4525,3),(4528,'复数的加法与减法',18,0,0,0,4525,3),(4529,'复数的乘法与除法',18,0,0,0,4525,3),(4530,'推理与证明',17,0,51,22,0,3),(4531,'归纳推理和类比推理',18,0,0,0,4530,3),(4532,'演绎推理',18,0,0,0,4530,3),(4533,'综合法与分析法',18,0,0,0,4530,3),(4534,'反证法',18,0,0,0,4530,3),(4535,'数学归纳法',18,0,0,0,4530,3),(4536,'数学归纳法应用举例',18,0,0,0,4530,3),(4537,'空间几何体',17,0,51,22,0,3),(4538,'构成空间几何体的基本元素',18,0,0,0,4537,3),(4539,'棱柱、棱锥和棱台的概念及简单性质',18,0,0,0,4537,3),(4540,'圆柱、圆锥、圆台和球的概念及简单性质',18,0,0,0,4537,3),(4541,'（中心投影）平行投影与直观图',18,0,0,0,4537,3),(4542,'斜二测画法',18,0,0,0,4537,3),(4543,'三视图',18,0,0,0,4537,3),(4544,'柱体、锥体、台体的侧面积和表面积及球的表面积',18,0,0,0,4537,3),(4545,'柱体、锥体、台体、球的体积',18,0,0,0,4537,3),(4546,'坐标系与参数方程',17,0,51,22,0,3),(4547,'极坐标系',18,0,0,0,4546,3),(4548,'极坐标系与直角坐标系的互化',18,0,0,0,4546,3),(4549,'曲线的极坐标方程',18,0,0,0,4546,3),(4550,'圆的极坐标方程',18,0,0,0,4546,3),(4551,'参数方程的概念',18,0,0,0,4546,3),(4552,'直线和圆的参数方程',18,0,0,0,4546,3),(4553,'圆锥曲线的参数方程',18,0,0,0,4546,3),(4554,'一些常见曲线的参数方程',18,0,0,0,4546,3),(4555,'分子动理论',17,0,51,24,0,3),(4556,'分子运动论',18,0,0,0,4555,3),(4557,'分子间的作用力',18,0,0,0,4555,3),(4558,'物体的内能',18,0,0,0,4555,3),(4559,'估测分子大小',18,0,0,0,4555,3),(4560,'功和机械能',17,0,51,24,0,3),(4561,'功',18,0,0,0,4560,3),(4562,'功率',18,0,0,0,4560,3),(4563,'动能定理',18,0,0,0,4560,3),(4564,'常见力做功与相应能量变化',18,0,0,0,4560,3),(4565,'机械能及其守恒条件',18,0,0,0,4560,3),(4566,'动能定理综合应用',18,0,0,0,4560,3),(4567,'机械能守恒综合应用',18,0,0,0,4560,3),(4568,'电场',17,0,51,24,0,3),(4569,'电荷及电荷守恒',18,0,0,0,4568,3),(4570,'库仑定律',18,0,0,0,4568,3),(4571,'电场强度',18,0,0,0,4568,3),(4572,'电势差、电势、电势能',18,0,0,0,4568,3),(4573,'电场线和等势面',18,0,0,0,4568,3),(4574,'匀强电场电势差与场强的关系',18,0,0,0,4568,3),(4575,'静电感应',18,0,0,0,4568,3),(4576,'电容器',18,0,0,0,4568,3),(4577,'带电粒子在匀强电场中的加速和偏转',18,0,0,0,4568,3),(4578,'带电粒子在交变电场中的运动',18,0,0,0,4568,3),(4579,'示波管的原理与使用',18,0,0,0,4568,3),(4580,'牛顿运动定律',17,0,51,24,0,3),(4581,'牛顿第一定律',18,0,0,0,4580,3),(4582,'牛顿第二定律',18,0,0,0,4580,3),(4583,'牛顿第三定律',18,0,0,0,4580,3),(4584,'牛顿运动定律的应用——物体的平衡',18,0,0,0,4580,3),(4585,'牛顿运动定律的应用——连接体问题',18,0,0,0,4580,3),(4586,'牛顿运动定律的应用——超重失重',18,0,0,0,4580,3),(4587,'交变电流',17,0,51,24,0,3),(4588,'交变电流的产生',18,0,0,0,4587,3),(4589,'交变电流的描述',18,0,0,0,4587,3),(4590,'理想变压器',18,0,0,0,4587,3),(4591,'远距离输电',18,0,0,0,4587,3),(4592,'电磁振荡',18,0,0,0,4587,3),(4593,'电磁波',18,0,0,0,4587,3),(4594,'电感和电容对交变电流的影响',18,0,0,0,4587,3),(4595,'原子结构与原子核',17,0,51,24,0,3),(4596,'原子的组成',18,0,0,0,4595,3),(4597,'能级、玻尔理论',18,0,0,0,4595,3),(4598,'原子核结构',18,0,0,0,4595,3),(4599,'原子核的衰变',18,0,0,0,4595,3),(4600,'核反应方程',18,0,0,0,4595,3),(4601,'质能方程',18,0,0,0,4595,3),(4602,'核能、裂变与聚变',18,0,0,0,4595,3),(4603,'相对论初步',18,0,0,0,4595,3),(4604,'曲线运动',17,0,51,24,0,3),(4605,'运动的合成与分解',18,0,0,0,4604,3),(4606,'小船过河问题',18,0,0,0,4604,3),(4607,'平抛运动',18,0,0,0,4604,3),(4608,'描述圆周运动的物理量',18,0,0,0,4604,3),(4609,'向心加速度和向心力',18,0,0,0,4604,3),(4610,'圆周运动',18,0,0,0,4604,3),(4611,'离心现象',18,0,0,0,4604,3),(4612,'万有引力定律',18,0,0,0,4604,3),(4613,'天体的匀速圆周运动模型',18,0,0,0,4604,3),(4614,'人造卫星与宇宙速度',18,0,0,0,4604,3),(4615,'动量',17,0,51,24,0,3),(4616,'动量和冲量',18,0,0,0,4615,3),(4617,'动量定理',18,0,0,0,4615,3),(4618,'动量守恒定律',18,0,0,0,4615,3),(4619,'碰撞、爆炸、反冲运动',18,0,0,0,4615,3),(4620,'磁场',17,0,51,24,0,3),(4621,'磁现象和磁场',18,0,0,0,4620,3),(4622,'磁感应强度',18,0,0,0,4620,3),(4623,'安培力',18,0,0,0,4620,3),(4624,'洛伦兹力',18,0,0,0,4620,3),(4625,'电荷在匀强磁场中的运动',18,0,0,0,4620,3),(4626,'质谱仪和回旋加速器',18,0,0,0,4620,3),(4627,'粒子在有界磁场中的运动',18,0,0,0,4620,3),(4628,'粒子在复合场中的运动',18,0,0,0,4620,3),(4629,'机械振动机械波',17,0,51,24,0,3),(4630,'简谐运动及其图象',18,0,0,0,4629,3),(4631,'弹簧振子',18,0,0,0,4629,3),(4632,'单摆',18,0,0,0,4629,3),(4633,'受迫振动和共振',18,0,0,0,4629,3),(4634,'机械波的形成和传播',18,0,0,0,4629,3),(4635,'波的图象',18,0,0,0,4629,3),(4636,'波的反射和折射',18,0,0,0,4629,3),(4637,'波的干涉和衍射',18,0,0,0,4629,3),(4638,'物理学史和研究方法',17,0,51,24,0,3),(4639,'物理学史',18,0,0,0,4638,3),(4640,'整体法隔离法',18,0,0,0,4638,3),(4641,'控制变量法',18,0,0,0,4638,3),(4642,'假设法',18,0,0,0,4638,3),(4643,'等效法',18,0,0,0,4638,3),(4644,'图象法',18,0,0,0,4638,3),(4645,'极限法',18,0,0,0,4638,3),(4646,'估算法',18,0,0,0,4638,3),(4647,'微元法',18,0,0,0,4638,3),(4648,'直线运动',17,0,51,24,0,3),(4649,'运动的基本概念',18,0,0,0,4648,3),(4650,'匀变速直线运动基本公式应用',18,0,0,0,4648,3),(4651,'匀变速直线运动导出公式应用',18,0,0,0,4648,3),(4652,'自由落体运动',18,0,0,0,4648,3),(4653,'竖直上抛运动',18,0,0,0,4648,3),(4654,'运动的图象',18,0,0,0,4648,3),(4655,'追及相遇问题',18,0,0,0,4648,3),(4656,'恒定电流',17,0,51,24,0,3),(4657,'电路的基本概念',18,0,0,0,4656,3),(4658,'欧姆定律',18,0,0,0,4656,3),(4659,'电阻定律',18,0,0,0,4656,3),(4660,'电功率和焦耳定律',18,0,0,0,4656,3),(4661,'闭合电路欧姆定律',18,0,0,0,4656,3),(4662,'含容电路',18,0,0,0,4656,3),(4663,'光',17,0,51,24,0,3),(4664,'光的折射',18,0,0,0,4663,3),(4665,'光的全反射',18,0,0,0,4663,3),(4666,'光的干涉',18,0,0,0,4663,3),(4667,'光的衍射',18,0,0,0,4663,3),(4668,'光的偏振',18,0,0,0,4663,3),(4669,'光电效应',18,0,0,0,4663,3),(4670,'物质波(德布罗意波)',18,0,0,0,4663,3),(4671,'相互作用',17,0,51,24,0,3),(4672,'重力',18,0,0,0,4671,3),(4673,'弹力',18,0,0,0,4671,3),(4674,'滑动摩擦力',18,0,0,0,4671,3),(4675,'静摩擦力',18,0,0,0,4671,3),(4676,'平行四边形定则',18,0,0,0,4671,3),(4677,'正交分解',18,0,0,0,4671,3),(4678,'单位制及量纲',17,0,51,24,0,3),(4679,'电磁感应',17,0,51,24,0,3),(4680,'磁通量',18,0,0,0,4679,3),(4681,'楞次定律',18,0,0,0,4679,3),(4682,'法拉第电磁感应定律',18,0,0,0,4679,3),(4683,'自感现象与涡流',18,0,0,0,4679,3),(4684,'电磁感应与电路',18,0,0,0,4679,3),(4685,'电磁感应与图象',18,0,0,0,4679,3),(4686,'电磁感应中切割类问题',18,0,0,0,4679,3),(4687,'电磁感应中磁变类问题',18,0,0,0,4679,3),(4688,'热力学定律与能量守恒',17,0,51,24,0,3),(4689,'热力学第一定律',18,0,0,0,4688,3),(4690,'热力学第二定律',18,0,0,0,4688,3),(4691,'热力学第三定律',18,0,0,0,4688,3),(4692,'固体、液体、气体',17,0,51,24,0,3),(4693,'玻意耳定律',18,0,0,0,4692,3),(4694,'查理定律和盖吕定律',18,0,0,0,4692,3),(4695,'气体的状态方程',18,0,0,0,4692,3),(4696,'气体的压强',18,0,0,0,4692,3),(4697,'液体',18,0,0,0,4692,3),(4698,'固体',18,0,0,0,4692,3),(4699,'门电路、传感器',17,0,51,24,0,3),(4700,'与门、或门、非门',18,0,0,0,4699,3),(4701,'门电路设计与应用',18,0,0,0,4699,3),(4702,'传感器',18,0,0,0,4699,3),(4703,'现代生物科技专题',17,0,51,26,0,3),(4704,'基因工程',18,0,0,0,4703,3),(4705,'克隆技术（细胞工程）',18,0,0,0,4703,3),(4706,'胚胎工程',18,0,0,0,4703,3),(4707,'生态工程',18,0,0,0,4703,3),(4708,'安全伦理',18,0,0,0,4703,3),(4709,'新陈代谢的条件',17,0,51,26,0,3),(4710,'细胞的吸水和失水',18,0,0,0,4709,3),(4711,'物质跨膜运输的方式',18,0,0,0,4709,3),(4712,'酶的本质与特性',18,0,0,0,4709,3),(4713,'ATP的结构和功能',18,0,0,0,4709,3),(4714,'传统发酵技术',17,0,51,26,0,3),(4715,'果酒和果醋的制作',18,0,0,0,4714,3),(4716,'腐乳的制作',18,0,0,0,4714,3),(4717,'制作泡菜并检测亚硝酸盐含量',18,0,0,0,4714,3),(4718,'遗传的物质基础',17,0,51,26,0,3),(4719,'寻找遗传物质的实验',18,0,0,0,4718,3),(4720,'DNA分子的结构',18,0,0,0,4718,3),(4721,'DNA的复制',18,0,0,0,4718,3),(4722,'基因的概念和结构',18,0,0,0,4718,3),(4723,'遗传信息的转录和翻译',18,0,0,0,4718,3),(4724,'群落',17,0,51,26,0,3),(4725,'群落及其结构',18,0,0,0,4724,3),(4726,'群落的特征',18,0,0,0,4724,3),(4727,'群落的演替',18,0,0,0,4724,3),(4728,'基因与染色体的关系',17,0,51,26,0,3),(4729,'减数分裂和受精作用',18,0,0,0,4728,3),(4730,'基因与染色体的关系',18,0,0,0,4728,3),(4731,'伴性遗传',18,0,0,0,4728,3),(4732,'性别决定方式',18,0,0,0,4728,3),(4733,'生态系统',17,0,51,26,0,3),(4734,'生态系统的成分和营养结构',18,0,0,0,4733,3),(4735,'生态系统的物质循环、能量流动与信息传递',18,0,0,0,4733,3),(4736,'生态系统的稳定性',18,0,0,0,4733,3),(4737,'生态因素',18,0,0,0,4733,3),(4738,'生物的多样性与保护',18,0,0,0,4733,3),(4739,'生物的基本特征',17,0,51,26,0,3),(4740,'元素和化合物',17,0,51,26,0,3),(4741,'细胞中的元素',18,0,0,0,4740,3),(4742,'蛋白质的基本单位、结构和功能',18,0,0,0,4740,3),(4743,'DNA的基本单位、结构和功能',18,0,0,0,4740,3),(4744,'RNA的基本单位、结构和功能',18,0,0,0,4740,3),(4745,'糖类和脂质的种类和作用',18,0,0,0,4740,3),(4746,'无机物的种类和作用',18,0,0,0,4740,3),(4747,'种群',17,0,51,26,0,3),(4748,'种群及其特征',18,0,0,0,4747,3),(4749,'种群数量的变化',18,0,0,0,4747,3),(4750,'植物生命活动调节',17,0,51,26,0,3),(4751,'微生物的培养与应用',17,0,51,26,0,3),(4752,'微生物的实验室培养',18,0,0,0,4751,3),(4753,'土壤中微生物的分离与计数',18,0,0,0,4751,3),(4754,'分解纤维素的微生物的分离',18,0,0,0,4751,3),(4755,'微生物的生长与利用',18,0,0,0,4751,3),(4756,'植物组织培养',17,0,51,26,0,3),(4757,'菊花的组织培养',18,0,0,0,4756,3),(4758,'月季的花药培养',18,0,0,0,4756,3),(4759,'细胞结构',17,0,51,26,0,3),(4760,'细胞膜',18,0,0,0,4759,3),(4761,'细胞质基质',18,0,0,0,4759,3),(4762,'细胞器',18,0,0,0,4759,3),(4763,'细胞壁',18,0,0,0,4759,3),(4764,'生物膜系统',18,0,0,0,4759,3),(4765,'细胞核',18,0,0,0,4759,3),(4766,'细胞核的结构',18,0,0,0,4759,3),(4767,'酶的研究与应用',17,0,51,26,0,3),(4768,'酶的制备和活力的测定',18,0,0,0,4767,3),(4769,'乳酸脱氢酶同功酶的分离',18,0,0,0,4767,3),(4770,'果胶酶在果汁生产中的作用',18,0,0,0,4767,3),(4771,'探讨加酶洗衣粉的洗涤效果',18,0,0,0,4767,3),(4772,'细胞和酶的固定化',18,0,0,0,4767,3),(4773,'遗传定律',17,0,51,26,0,3),(4774,'基因的分离定律',18,0,0,0,4773,3),(4775,'基因的自由组合定律',18,0,0,0,4773,3),(4776,'基因型和表现型的关系',18,0,0,0,4773,3),(4777,'不完全显性和共显性',18,0,0,0,4773,3),(4778,'细胞的生命历程',17,0,51,26,0,3),(4779,'细胞周期',18,0,0,0,4778,3),(4780,'染色体与染色质的关系',18,0,0,0,4778,3),(4781,'有丝分裂和无丝分裂',18,0,0,0,4778,3),(4782,'细胞的分化',18,0,0,0,4778,3),(4783,'细胞的全能性',18,0,0,0,4778,3),(4784,'细胞的衰老',18,0,0,0,4778,3),(4785,'细胞的凋亡',18,0,0,0,4778,3),(4786,'细胞的癌变',18,0,0,0,4778,3),(4787,'生物的进化',17,0,51,26,0,3),(4788,'达尔文进化论',18,0,0,0,4787,3),(4789,'现代生物进化理论',18,0,0,0,4787,3),(4790,'光合作用',17,0,51,26,0,3),(4791,'光合作用的探究历程',18,0,0,0,4790,3),(4792,'光合作用的过程',18,0,0,0,4790,3),(4793,'环境因素对光合速率的影响',18,0,0,0,4790,3),(4794,'呼吸作用',17,0,51,26,0,3),(4795,'有氧呼吸',18,0,0,0,4794,3),(4796,'无氧呼吸',18,0,0,0,4794,3),(4797,'动物生命活动的调节',17,0,51,26,0,3),(4798,'神经调节',18,0,0,0,4797,3),(4799,'体液调节',18,0,0,0,4797,3),(4800,'免疫调节',18,0,0,0,4797,3),(4801,'细胞概述',17,0,51,26,0,3),(4802,'生命系统的结构层次',18,0,0,0,4801,3),(4803,'原核细胞和真核细胞',18,0,0,0,4801,3),(4804,'细胞学说',18,0,0,0,4801,3),(4805,'三大营养物质代谢',17,0,51,26,0,3),(4806,'新陈代谢的类型',17,0,51,26,0,3),(4807,'内环境的组成和稳态',17,0,51,26,0,3),(4808,'生物的变异',17,0,51,26,0,3),(4809,'基因突变',18,0,0,0,4808,3),(4810,'基因重组',18,0,0,0,4808,3),(4811,'染色体变异',18,0,0,0,4808,3),(4812,'人类遗传病',18,0,0,0,4808,3),(4813,'生物育种的方式和特点',18,0,0,0,4808,3),(4814,'DNA和蛋白质技术',17,0,51,26,0,3),(4815,'DNA的粗提取与鉴定',18,0,0,0,4814,3),(4816,'多聚酶链式反应扩增DNA片段',18,0,0,0,4814,3),(4817,'血红蛋白的提取和分离',18,0,0,0,4814,3),(4818,'生物科学与社会',17,0,51,26,0,3),(4819,'生物科学与健康',18,0,0,0,4818,3),(4820,'生物科学与农业',18,0,0,0,4818,3),(4821,'生物科学与工业',18,0,0,0,4818,3),(4822,'生物科学与环境保护',18,0,0,0,4818,3),(4823,'时态与语态',17,0,51,23,0,3),(4824,'动词的时态',18,0,0,0,4823,3),(4825,'动词的语态',18,0,0,0,4823,3),(4826,'非谓语动词',18,0,0,0,4823,3),(4827,'实词与虚词',17,0,51,23,0,3),(4828,'名词',18,0,0,0,4827,3),(4829,'动词',18,0,0,0,4827,3),(4830,'形容词',18,0,0,0,4827,3),(4831,'副词',18,0,0,0,4827,3),(4832,'代词',18,0,0,0,4827,3),(4833,'数量词',18,0,0,0,4827,3),(4834,'介词',18,0,0,0,4827,3),(4835,'连词',18,0,0,0,4827,3),(4836,'冠词',18,0,0,0,4827,3),(4837,'情态动词',18,0,0,0,4827,3),(4838,'不同题型写作',17,0,51,23,0,3),(4839,'提纲作文',18,0,0,0,4838,3),(4840,'图表作文',18,0,0,0,4838,3),(4841,'图画作文',18,0,0,0,4838,3),(4842,'任务型阅读解题策略',17,0,51,23,0,3),(4843,'阅读填空',18,0,0,0,4842,3),(4844,'阅读表达',18,0,0,0,4842,3),(4845,'信息匹配',18,0,0,0,4842,3),(4846,'信息还原（七选五）',18,0,0,0,4842,3),(4847,'简单句与复合句',17,0,51,23,0,3),(4848,'五种简单句',18,0,0,0,4847,3),(4849,'并列复合句',18,0,0,0,4847,3),(4850,'主语从句',18,0,0,0,4847,3),(4851,'宾语从句',18,0,0,0,4847,3),(4852,'表语从句',18,0,0,0,4847,3),(4853,'同位语从句',18,0,0,0,4847,3),(4854,'时间状语从句',18,0,0,0,4847,3),(4855,'地点状语从句',18,0,0,0,4847,3),(4856,'原因状语从句',18,0,0,0,4847,3),(4857,'目的状语从句',18,0,0,0,4847,3),(4858,'结果状语从句',18,0,0,0,4847,3),(4859,'条件状语从句',18,0,0,0,4847,3),(4860,'方式状语从句',18,0,0,0,4847,3),(4861,'比较状语从句',18,0,0,0,4847,3),(4862,'让步状语从句',18,0,0,0,4847,3),(4863,'限制性定语从句',18,0,0,0,4847,3),(4864,'非限制性定语从句',18,0,0,0,4847,3),(4865,'特殊句式',17,0,51,23,0,3),(4866,'There be句式',18,0,0,0,4865,3),(4867,'it的用法',18,0,0,0,4865,3),(4868,'省略句',18,0,0,0,4865,3),(4869,'倒装句',18,0,0,0,4865,3),(4870,'独立主格和with的复合结构',18,0,0,0,4865,3),(4871,'直接引语和间接引语',18,0,0,0,4865,3),(4872,'主谓一致',18,0,0,0,4865,3),(4873,'强调句',18,0,0,0,4865,3),(4874,'反义疑问句',18,0,0,0,4865,3),(4875,'插入语',18,0,0,0,4865,3),(4876,'完形',17,0,51,23,0,3),(4877,'完形解题方法指导',18,0,0,0,4876,3),(4878,'完形高频同义词辨析',18,0,0,0,4876,3),(4879,'听力与口语',17,0,51,23,0,3),(4880,'口语表达技巧',18,0,0,0,4879,3),(4881,'谚语、习语',18,0,0,0,4879,3),(4882,'常见话题交际用语',18,0,0,0,4879,3),(4883,'听力策略指导',18,0,0,0,4879,3),(4884,'单词速记方法指导',18,0,0,0,4879,3),(4885,'不同体裁文章的阅读策略',17,0,51,23,0,3),(4886,'应用文阅读',18,0,0,0,4885,3),(4887,'说明文阅读',18,0,0,0,4885,3),(4888,'议论文阅读',18,0,0,0,4885,3),(4889,'记叙文阅读',18,0,0,0,4885,3),(4890,'真实语气与虚拟语气',17,0,51,23,0,3),(4891,'肯定、否定、疑问句',18,0,0,0,4890,3),(4892,'祈使句',18,0,0,0,4890,3),(4893,'感叹句',18,0,0,0,4890,3),(4894,'If条件句虚拟语气',18,0,0,0,4890,3),(4895,'虚拟语气特殊句式',18,0,0,0,4890,3),(4896,'单词与词组',17,0,51,23,0,3),(4897,'万能词讲解',18,0,0,0,4896,3),(4898,'高频名词词组',18,0,0,0,4896,3),(4899,'高频介词词组',18,0,0,0,4896,3),(4900,'高频动词词组',18,0,0,0,4896,3),(4901,'短文改错',17,0,51,23,0,3),(4902,'方法与技巧指导',18,0,0,0,4901,3),(4903,'不同题材文章的阅读策略',17,0,51,23,0,3),(4904,'人物故事类阅读',18,0,0,0,4903,3),(4905,'广告信息类阅读',18,0,0,0,4903,3),(4906,'时文报道类阅读',18,0,0,0,4903,3),(4907,'科普知识类阅读',18,0,0,0,4903,3),(4908,'史地常识类阅读',18,0,0,0,4903,3),(4909,'逸闻趣事类阅读',18,0,0,0,4903,3),(4910,'社会文化类阅读',18,0,0,0,4903,3),(4911,'健康环保类阅读',18,0,0,0,4903,3),(4912,'说理议论类阅读',18,0,0,0,4903,3),(4913,'阅读理解解题微技巧',17,0,51,23,0,3),(4914,'细节理解',18,0,0,0,4913,3),(4915,'词义猜测',18,0,0,0,4913,3),(4916,'主旨大意',18,0,0,0,4913,3),(4917,'文章标题',18,0,0,0,4913,3),(4918,'推理判断',18,0,0,0,4913,3),(4919,'不同话题写作',17,0,51,23,0,3),(4920,'志愿者',18,0,0,0,4919,3),(4921,'社会现象',18,0,0,0,4919,3),(4922,'网络科技',18,0,0,0,4919,3),(4923,'校园生活',18,0,0,0,4919,3),(4924,'习惯爱好',18,0,0,0,4919,3),(4925,'生态环保',18,0,0,0,4919,3),(4926,'友谊亲情',18,0,0,0,4919,3),(4927,'健康与幸福',18,0,0,0,4919,3),(4928,'突发事件',18,0,0,0,4919,3),(4929,'交通安全',18,0,0,0,4919,3),(4930,'信心与希望',18,0,0,0,4919,3),(4931,'努力与成功',18,0,0,0,4919,3),(4932,'自然灾害与疾病',18,0,0,0,4919,3),(4933,'活动类',18,0,0,0,4919,3),(4934,'健康',18,0,0,0,4919,3),(4935,'感恩',18,0,0,0,4919,3),(4936,'文化与交流',18,0,0,0,4919,3),(4937,'旅游参观',18,0,0,0,4919,3),(4938,'不同文体写作',17,0,51,23,0,3),(4939,'应用文体',18,0,0,0,4938,3),(4940,'记叙文体',18,0,0,0,4938,3),(4941,'议论文体',18,0,0,0,4938,3),(4942,'说明文体',18,0,0,0,4938,3),(4943,'词语',17,0,51,21,0,3),(4944,'近义词辨析与运用',18,0,0,0,4943,3),(4945,'成语熟语的理解与运用',18,0,0,0,4943,3),(4946,'句子',17,0,51,21,0,3),(4947,'病句的辨析与修改',18,0,0,0,4946,3),(4948,'表达简明、连贯、得体',18,0,0,0,4946,3),(4949,'常见修辞方法与运用',18,0,0,0,4946,3),(4950,'对联常识与运用',18,0,0,0,4946,3),(4951,'文言文阅读',17,0,51,21,0,3),(4952,'常见实词、虚词的含义和用法',18,0,0,0,4951,3),(4953,'常见句式的理解',18,0,0,0,4951,3),(4954,'文本内容的理解（断句和翻译）',18,0,0,0,4951,3),(4955,'文中内容的分析、筛选和概括',18,0,0,0,4951,3),(4956,'名句名篇的识记、理解和运用',18,0,0,0,4951,3),(4957,'文化文学常识',17,0,51,21,0,3),(4958,'中外重要作家作品基本常识',18,0,0,0,4957,3),(4959,'文学体裁基本常识',18,0,0,0,4957,3),(4960,'中华传统文化基本常识',18,0,0,0,4957,3),(4961,'论说实用类文本阅读',17,0,51,21,0,3),(4962,'重要词语的理解',18,0,0,0,4961,3),(4963,'重要句子的理解',18,0,0,0,4961,3),(4964,'信息的分析、筛选、整合',18,0,0,0,4961,3),(4965,'内容的归纳和概括',18,0,0,0,4961,3),(4966,'依据文本内容合理推断',18,0,0,0,4961,3),(4967,'对文本内容的运用和阐发',18,0,0,0,4961,3),(4968,'大作文',17,0,51,21,0,3),(4969,'审题立意',18,0,0,0,4968,3),(4970,'布局谋篇',18,0,0,0,4968,3),(4971,'修改升格',18,0,0,0,4968,3),(4972,'文学类作品阅读',17,0,51,21,0,3),(4973,'重要词语的理解',18,0,0,0,4972,3),(4974,'重要句子的理解',18,0,0,0,4972,3),(4975,'作者思路的梳理分析',18,0,0,0,4972,3),(4976,'作者情感的把握和评价',18,0,0,0,4972,3),(4977,'语言、手法、形象的赏析',18,0,0,0,4972,3),(4978,'对文本意蕴的思考与领悟',18,0,0,0,4972,3),(4979,'古典诗歌阅读',17,0,51,21,0,3),(4980,'诗歌内容理解',18,0,0,0,4979,3),(4981,'诗歌情感体察',18,0,0,0,4979,3),(4982,'诗歌语言、技巧和意境赏析',18,0,0,0,4979,3),(4983,'名句名篇的识记、理解和运用',18,0,0,0,4979,3),(4984,'微写作',17,0,51,21,0,3),(4985,'描述类微写作',18,0,0,0,4984,3),(4986,'议论类微写作',18,0,0,0,4984,3),(4987,'抒情类微写作',18,0,0,0,4984,3),(4988,'应用类微写作',18,0,0,0,4984,3),(4989,'汉字',17,0,51,21,0,3),(4990,'字音识记',18,0,0,0,4989,3),(4991,'字形书写',18,0,0,0,4989,3);

/*Table structure for table `GL_PERMISSION` */

DROP TABLE IF EXISTS `GL_PERMISSION`;

CREATE TABLE `GL_PERMISSION` (
  `code` varchar(30) NOT NULL COMMENT '主键',
  `name` varchar(255) NOT NULL COMMENT '名称',
  `pCode` varchar(30) DEFAULT '0' COMMENT '父CODE,NULL:权限组,非NULL:具体权限',
  `type` bit(1) DEFAULT NULL COMMENT 'ture：区权限，false:校权限',
  `orderNum` tinyint(4) DEFAULT NULL COMMENT '排序',
  PRIMARY KEY (`code`)
) ENGINE=InnoDB DEFAULT CHARSET=utf8mb4 COMMENT='权限表';

/*Data for the table `GL_PERMISSION` */

insert  into `GL_PERMISSION`(`code`,`name`,`pCode`,`type`,`orderNum`) values ('distric_book','区教材管理','distric_manage','',4),('distric_dept','区部门管理','distric_manage','',2),('distric_edu','区教学管理','distric_manage','',3),('distric_manage','区后台管理','0','',0),('distric_module','区应用权限管理','distric_manage','',8),('distric_permi','区人员权限管理','distric_manage','',9),('distric_school','校区管理','distric_manage','',1),('distric_source','区资源库管理','distric_manage','',6),('distric_statistics','区资源使用统计管理','distric_manage','',7),('distric_user','区人员管理','distric_manage','',5),('school_book','校教材管理','school_manage','\0',3),('school_course','校课程管理','school_manage','\0',2),('school_dept','校部门管理','school_manage','\0',1),('school_manage','校后台管理','0','\0',1),('school_permi','校权限管理','school_manage','\0',8),('school_source','校资源库管理','school_manage','\0',5),('school_statistics','校资源使用统计管理','school_manage','\0',7),('school_teach','校任教管理','school_manage','\0',6),('school_user','校人员管理','school_manage','\0',4);

/*Table structure for table `GL_PHASE` */

DROP TABLE IF EXISTS `GL_PHASE`;

CREATE TABLE `GL_PHASE` (
  `id` bigint(20) NOT NULL COMMENT '主键',
  `name` varchar(255) NOT NULL COMMENT '名称',
  `status` tinyint(4) DEFAULT NULL COMMENT '状态,1:启用,2:删除',
  `crTime` datetime DEFAULT NULL COMMENT '创建时间',
  `crUserId` bigint(20) DEFAULT NULL COMMENT '创建人',
  PRIMARY KEY (`id`)
) ENGINE=InnoDB DEFAULT CHARSET=utf8mb4 COMMENT='学段表';

/*Data for the table `GL_PHASE` */

insert  into `GL_PHASE`(`id`,`name`,`status`,`crTime`,`crUserId`) values (51,'高中',1,'2016-06-13 10:33:22',1),(52,'初中',1,'2016-06-17 10:34:27',1),(53,'小学',1,'2016-06-13 13:41:37',1);

/*Table structure for table `GL_ROLE` */

DROP TABLE IF EXISTS `GL_ROLE`;

CREATE TABLE `GL_ROLE` (
  `id` bigint(20) NOT NULL COMMENT '主键',
  `name` varchar(255) NOT NULL COMMENT '名称',
  `pid` bigint(20) NOT NULL DEFAULT '0' COMMENT '父ID',
  `type` tinyint(4) NOT NULL COMMENT '类型,1:部门,2:角色',
  `schoolId` bigint(20) DEFAULT NULL COMMENT '所属学校，区id:0',
  `crTime` datetime DEFAULT NULL COMMENT '创建时间',
  `crUserId` bigint(20) DEFAULT NULL COMMENT '创建人',
  PRIMARY KEY (`id`)
) ENGINE=InnoDB DEFAULT CHARSET=utf8mb4 COMMENT='部门角色表';

/*Data for the table `GL_ROLE` */

insert  into `GL_ROLE`(`id`,`name`,`pid`,`type`,`schoolId`,`crTime`,`crUserId`) values (1,'区超级管理员',0,100,0,NULL,NULL),(2,'校超级管理员',0,100,1,NULL,NULL),(4,'管理部副主任',1,1,0,'2016-06-01 13:17:48',NULL),(8,'管理部主任',1,1,0,'2016-05-31 13:31:32',NULL),(432825711074476032,'打发士大夫',3,1,0,NULL,0),(432825757467672576,'撒旦飞洒的',432805159853096960,1,0,NULL,0),(434178425687638016,'教研主任',434178366367596544,1,0,NULL,0),(434178524857761792,'教研副主任',434178366367596544,1,0,NULL,0),(434244439704076288,'山东分公司',3,1,0,NULL,0),(434262240544161792,'大股东',434261893889130496,1,0,NULL,0),(434262264372002816,'的法国韩国',434261893889130496,1,0,NULL,0),(434262284030705664,'一天要逆天呢',434261893889130496,1,0,NULL,0),(434262348857868288,'放过机会',434261893889130496,1,0,NULL,0),(434593249827487744,'规划局原',434593233037688832,1,0,NULL,0),(434593261399572480,'啊归还借款',434593233037688832,1,0,NULL,0),(434598645686337536,'阿斯蒂芬的',434593233037688832,1,0,NULL,0),(434601475331588096,'阿迪斯',3,1,0,NULL,0),(434611807210962944,'人3',434611749199544320,1,0,NULL,0),(434611834234863616,'收天天',434611749199544320,1,0,NULL,0),(434611993329008640,'偶遇i 55',434611749199544320,1,0,NULL,0),(434612323009691648,'都是法国和地方',434612297525100544,1,0,NULL,0),(436086002965020672,'就会返回',436085766402080768,1,0,NULL,0),(436086417873960960,'一天集团',436054432300400640,1,0,NULL,0),(437062694676201472,'的风格和地方',436814761959620608,1,0,NULL,0),(437538795122851840,'鱼人有规范',437538761497116672,1,0,NULL,0),(437879620499406848,'sdfgs是大法官',437879593685221376,1,0,NULL,0),(438899162327547904,'sdfgs',0,1,NULL,NULL,0),(438958325946646528,'和国家法规和就',436792610955198464,1,0,NULL,0),(447276891561263104,'分工会告诉对方',447276834392899584,1,0,NULL,0),(447578925460094976,'dfghdfg',436814761959620608,1,0,NULL,0),(447661806207369216,'sfghdfghd',447661786548666368,1,0,NULL,0),(447942884650385408,'额外确认去玩儿',436792777540370432,1,0,NULL,0),(447944135555416064,'的法国恢复规划',447944117150810112,1,0,NULL,0),(449468258089697280,'fghdfghdf ',447944231374290944,1,0,NULL,0),(449468380374630400,'双方公司分公司',449463653771509760,1,0,NULL,0),(450163613919870976,'sdfgsdfg',449468899826597888,1,0,NULL,0),(450166341320572928,'sdfgsdfg',450166309833932800,1,0,NULL,0),(450486506268655616,'asdfasdf',450486490233831424,1,0,NULL,0),(450486528779485184,'阿斯顿发送到',450486490233831424,1,0,NULL,0),(472219610490339328,'jhkgh',465779001512689664,1,0,NULL,0),(483186748789096448,'分过后花',479155451875819520,1,0,NULL,0),(485374485935947776,'公司的分公司',484537289406414848,1,0,NULL,0),(485394142415814656,'asdfad',484530635856150528,1,0,NULL,0),(485692992267485184,'阿斯顿发烧',485692974592688128,1,0,NULL,0),(485709386019241984,'功夫大使馆',485709361931354112,1,6,NULL,0),(485709416054652928,'sdfgs',485709402519633920,1,6,NULL,0),(485721576214364160,'sdfas',485704745852338176,1,6,NULL,0),(485730332704768000,'阿斯顿发送到',485730315759779840,1,6,NULL,0),(485756746652975104,'afsdfasdf',485756725043920896,1,6,NULL,0),(485757117794353152,'fgh',485757095275134976,1,6,NULL,0),(485760279771086848,'fasdfa',485757095275134976,1,6,NULL,0),(485760354501001216,'的更好地给',485757095275134976,1,6,NULL,0),(485761418977607680,'人都干啥',485705271214080000,1,6,NULL,0),(485761539333160960,'的风格和地方就',485760373203402752,1,6,NULL,0),(485761883542913024,'说广东话的风格 c',485761839683076096,1,6,NULL,0),(485772348000043008,'hj',484533847602495488,1,0,NULL,0),(485773188878303232,'dsfsad',485691916566921216,1,0,NULL,0),(485775105977221120,'食德福供市店好',485775058606751744,1,6,NULL,0),(485776081186455552,'发',0,2,6,NULL,NULL),(485776552471035904,'阿斯顿发',0,2,6,NULL,NULL),(485987039347474432,'车载',484537289406414848,1,0,NULL,0),(486065270863953920,'发生的 发',485691001856327680,1,0,NULL,0),(487063149418119168,'告诉对方',0,2,6,NULL,NULL),(487142336342523904,'回复',487142282072424448,1,6,NULL,0),(487142363962015744,' 发货',487142282072424448,1,6,NULL,0),(487170971833204736,'好',0,1,6,NULL,0),(487170982948110336,'好',0,1,6,NULL,0),(487171775180832768,'发的',487170971833204736,1,6,NULL,0),(487171851886264320,'发',487170982948110336,1,6,NULL,0),(487171919678799872,'个',0,1,6,NULL,0),(487171937651392512,'个',487171919678799872,1,6,NULL,0),(487939538275008512,'教务处主任',487939472575430656,1,0,NULL,0),(487939569593876480,'教务处副主任',487939472575430656,1,0,NULL,0),(487942104278892544,'教导处1',0,1,1,NULL,0),(487942157630439424,'科研工作室',0,1,1,NULL,0),(487942270473994240,'体育室',487942104278892544,1,1,NULL,0),(487942360093687808,'心理室',487942104278892544,1,1,NULL,0),(487942388279410688,'备课组',487942104278892544,1,1,NULL,0),(488175701095088128,'eser',487942157630439424,1,1,NULL,0),(488900469209432064,'政教处副主任',488900391002439680,1,0,NULL,0),(489706114724659200,'部长',489706077315661824,1,0,NULL,0),(489706150292357120,'副部长',489706077315661824,1,0,NULL,0),(489706184547237888,'职员',489706077315661824,1,0,NULL,0),(490427990048505856,'部长',490427942107611136,1,0,NULL,0),(501263204018552832,'组长',487939472575430656,1,0,NULL,0),(501301640196784128,'音乐',487942104278892544,1,1,NULL,0),(501301696404652032,'组长',487942157630439424,1,1,NULL,0),(501301768005615616,'值班',501301605451169792,1,1,NULL,0),(504522769862492160,'主任',504522698227974144,1,0,NULL,0),(504522828339478528,'副主任',504522698227974144,1,0,NULL,0),(504523405404405760,'物理',0,2,0,NULL,NULL),(584539776015663104,'校长',501263120308633600,1,0,NULL,0),(587077256044609536,'小学部负责人',0,2,0,NULL,NULL),(587080032757743616,'二年级班主任',587077152692764672,1,0,NULL,0),(591148123573714944,'test',0,2,0,NULL,NULL),(591797621153071104,'小学一年级',587077152692764672,1,0,NULL,0),(592619283587006464,'组长',490427942107611136,1,0,NULL,0),(592630392540889088,'测试',0,2,0,NULL,NULL),(593709512829960192,'普通人员',487939472575430656,1,0,NULL,0),(601331042724347904,'test222',0,2,0,NULL,NULL),(601595707597520896,'体育部',0,1,0,NULL,0),(601595873897480192,'器材管理',601595707597520896,1,0,NULL,0);

/*Table structure for table `GL_ROLE_PERMISSION` */

DROP TABLE IF EXISTS `GL_ROLE_PERMISSION`;

CREATE TABLE `GL_ROLE_PERMISSION` (
  `id` bigint(20) NOT NULL COMMENT '主键',
  `roleId` bigint(20) NOT NULL COMMENT '角色id',
  `permissionCode` varchar(30) NOT NULL COMMENT '权限值',
  PRIMARY KEY (`id`)
) ENGINE=InnoDB DEFAULT CHARSET=utf8mb4 COMMENT='角色权限表';

/*Data for the table `GL_ROLE_PERMISSION` */

insert  into `GL_ROLE_PERMISSION`(`id`,`roleId`,`permissionCode`) values (1,1,'destric_manage'),(2,1,'distric_book'),(3,1,'distric_dept'),(4,1,'distric_permi'),(5,1,'distric_school'),(6,1,'distric_source'),(7,1,'distric_statistics'),(8,1,'distric_manage'),(9,1,'distric_school'),(10,2,'school_manage'),(11,2,'school_book'),(12,2,'school_course'),(13,2,'school_dept'),(14,2,'school_permi'),(15,2,'school_source'),(16,2,'school_statistics'),(17,2,'school_teach'),(18,2,'school_user'),(440021896105295872,437062694676201472,'distric_manage'),(440021896105295873,437062694676201472,'distric_school'),(440021896105295874,437062694676201472,'distric_user'),(440025514812375040,437118036973977600,'destric_manage'),(440025514812375041,437118036973977600,'distric_permi'),(440025514812375042,437118036973977600,'distric_user'),(440323439102787584,437882619045085184,'distric_manage'),(440323439102787585,437882619045085184,'distric_school'),(440388059863711744,437118048353124352,'distric_manage'),(440388059863711745,437118048353124352,'distric_dept'),(440388059863711746,437118048353124352,'distric_school'),(442608503832444928,438958342941966336,'distric_manage'),(442608503832444929,438958342941966336,'distric_dept'),(442608503832444930,438958342941966336,'distric_edu'),(442608503832444931,438958342941966336,'distric_school'),(442608503832444932,438958342941966336,'distric_source'),(442608503832444933,438958342941966336,'distric_statistics'),(443947393835073536,437062786342715392,'distric_manage'),(443947393835073537,437062786342715392,'distric_dept'),(443947393835073538,437062786342715392,'distric_school'),(443947393835073539,437062786342715392,'distric_user'),(444014938122354688,436792703284412416,'destric_manage'),(444014938122354689,436792703284412416,'distric_book'),(445124001749008384,436792655574204416,'destric_manage'),(445124001749008385,436792655574204416,'distric_dept'),(445124001749008386,436792655574204416,'distric_school'),(445124001749008387,436792655574204416,'distric_source'),(445447735701667840,438952356730634240,'destric_manage'),(445447735701667841,438952356730634240,'distric_user'),(447274290119704576,436817013046771712,'destric_manage'),(447274290119704577,436817013046771712,'distric_dept'),(447274290119704578,436817013046771712,'distric_school'),(447274290119704579,436817013046771712,'distric_source'),(447279859589185536,436792824315248640,'destric_manage'),(447279859589185537,436792824315248640,'distric_book'),(447279859589185538,436792824315248640,'distric_edu'),(447279859589185539,436792824315248640,'distric_module'),(447279859589185540,436792824315248640,'distric_permi'),(447279859589185541,436792824315248640,'distric_source'),(447279859589185542,436792824315248640,'distric_user'),(447279927079731200,438899178601447424,'destric_manage'),(447279927079731201,438899178601447424,'distric_permi'),(447280640509870080,436816921573195776,'destric_manage'),(447280640509870081,436816921573195776,'distric_book'),(447280640509870082,436816921573195776,'distric_permi'),(447293788776300544,447276891561263104,'destric_manage'),(447315452624896000,438958373044486144,'destric_manage'),(447315452624896001,438958373044486144,'distric_dept'),(447315452624896002,438958373044486144,'distric_source'),(447315452624896003,438958373044486144,'distric_user'),(447319850818207744,447275118452801536,'destric_manage'),(447321064721088512,438958325946646528,'destric_manage'),(447976425207627776,447944274382684160,'destric_manage'),(447976425207627777,447944274382684160,'distric_book'),(447976425207627778,447944274382684160,'distric_permi'),(447976529033428992,447942884650385408,'destric_manage'),(447976529033428993,447942884650385408,'distric_book'),(447976529033428994,447942884650385408,'distric_dept'),(447976529033428995,447942884650385408,'distric_edu'),(447976529033428996,447942884650385408,'distric_module'),(447976529033428997,447942884650385408,'distric_permi'),(447976529033428998,447942884650385408,'distric_school'),(447976529033428999,447942884650385408,'distric_source'),(447976529033429000,447942884650385408,'distric_statistics'),(447976529033429001,447942884650385408,'distric_user'),(447976560054501376,447976354097397760,'destric_manage'),(447976560054501377,447976354097397760,'distric_permi'),(447976560054501378,447976354097397760,'distric_user'),(447976609354350592,447975809672544256,'destric_manage'),(447976609354350593,447975809672544256,'distric_user'),(448007434959585280,447944316875177984,'destric_manage'),(448007434959585281,447944316875177984,'distric_book'),(448007434959585282,447944316875177984,'distric_dept'),(448007434959585283,447944316875177984,'distric_edu'),(448007434959585284,447944316875177984,'distric_module'),(448007434959585285,447944316875177984,'distric_permi'),(448007434959585286,447944316875177984,'distric_school'),(448007434959585287,447944316875177984,'distric_source'),(448007434959585288,447944316875177984,'distric_statistics'),(448007434959585289,447944316875177984,'distric_user'),(448007666078318592,437876673619165184,'destric_manage'),(448007666078318593,437876673619165184,'distric_permi'),(448007666078318594,437876673619165184,'distric_source'),(448007666078318595,437876673619165184,'distric_user'),(448007691512578048,437118177869037568,'destric_manage'),(448007691512578049,437118177869037568,'distric_book'),(448007724391727104,437118025439641600,'destric_manage'),(448007724391727105,437118025439641600,'distric_edu'),(448007724391727106,437118025439641600,'distric_school'),(448007724391727107,437118025439641600,'distric_source'),(449012206177091584,448004427614257152,'destric_manage'),(449012206177091585,448004427614257152,'distric_book'),(449012206177091586,448004427614257152,'distric_dept'),(449012206177091587,448004427614257152,'distric_edu'),(449012206177091588,448004427614257152,'distric_module'),(449012206177091589,448004427614257152,'distric_permi'),(449012206177091590,448004427614257152,'distric_school'),(449012206177091591,448004427614257152,'distric_source'),(449012206177091592,448004427614257152,'distric_statistics'),(449470280042020864,437118010637942784,'destric_manage'),(449470280042020865,437118010637942784,'distric_book'),(449470280042020866,437118010637942784,'distric_dept'),(449470280042020867,437118010637942784,'distric_edu'),(449470280042020868,437118010637942784,'distric_module'),(449470280042020869,437118010637942784,'distric_source'),(449470280042020870,437118010637942784,'distric_statistics'),(449820192336248832,449468923511832576,'destric_manage'),(449820192336248833,449468923511832576,'distric_book'),(449820192336248834,449468923511832576,'distric_dept'),(449820192336248835,449468923511832576,'distric_edu'),(449820192336248836,449468923511832576,'distric_module'),(449820192336248837,449468923511832576,'distric_permi'),(449820192336248838,449468923511832576,'distric_school'),(449820192336248839,449468923511832576,'distric_source'),(449820192336248840,449468923511832576,'distric_statistics'),(449820192336248841,449468923511832576,'distric_user'),(450164476801449984,450163613919870976,'destric_manage'),(450164476801449985,450163613919870976,'distric_book'),(450164476801449986,450163613919870976,'distric_dept'),(450164476801449987,450163613919870976,'distric_edu'),(450164476801449988,450163613919870976,'distric_module'),(450164476801449989,450163613919870976,'distric_permi'),(450164476801449990,450163613919870976,'distric_school'),(450164476801449991,450163613919870976,'distric_source'),(450164476801449992,450163613919870976,'distric_statistics'),(450164476801449993,450163613919870976,'distric_user'),(472960541388701696,450486528779485184,'destric_manage'),(472960541388701697,450486528779485184,'distric_permi'),(472960541388701698,450486528779485184,'distric_school'),(472960541388701699,450486528779485184,'distric_source'),(474804176463855616,450486506268655616,'destric_manage'),(474804176463855617,450486506268655616,'distric_permi'),(474804241991467008,472219610490339328,'destric_manage'),(474804241991467009,472219610490339328,'distric_dept'),(474804241991467010,472219610490339328,'distric_school'),(484626760952971264,484537092802609152,'destric_manage'),(484626760952971265,484537092802609152,'distric_book'),(484636130117943296,450166341320572928,'destric_manage'),(484636130122137600,450166341320572928,'distric_dept'),(484636130122137601,450166341320572928,'distric_permi'),(484636130122137602,450166341320572928,'distric_school'),(484636130122137603,450166341320572928,'distric_statistics'),(484636130122137604,450166341320572928,'distric_user'),(484968554941120512,449497303745560576,'destric_manage'),(484968554945314816,449497303745560576,'distric_permi'),(484968554945314817,449497303745560576,'distric_statistics'),(484968554945314818,449497303745560576,'distric_user'),(485694325112438784,483186748789096448,'destric_manage'),(485694325112438785,483186748789096448,'distric_statistics'),(486450050872901632,485987039347474432,'destric_manage'),(486450050872901633,485987039347474432,'distric_school'),(486463489938817024,485772348000043008,'destric_manage'),(486463489938817025,485772348000043008,'distric_book'),(486463489938817026,485772348000043008,'distric_edu'),(486463489938817027,485772348000043008,'distric_module'),(486463489938817028,485772348000043008,'distric_permi'),(486463489938817029,485772348000043008,'distric_source'),(487077737907879936,485761539333160960,'destric_manage'),(487077737907879937,485761539333160960,'distric_dept'),(487077737907879938,485761539333160960,'distric_edu'),(487077737907879939,485761539333160960,'distric_module'),(487077737907879940,485761539333160960,'distric_school'),(487077737907879941,485761539333160960,'distric_source'),(487077737907879942,485761539333160960,'distric_statistics'),(487082805386280960,485776552471035904,'destric_manage'),(487082805386280961,485776552471035904,'distric_source'),(487082805386280962,485776552471035904,'distric_statistics'),(487088514022768640,485761418977607680,'destric_manage'),(487088514022768641,485761418977607680,'distric_edu'),(487088555642847232,485776081186455552,'destric_manage'),(487088555642847233,485776081186455552,'distric_book'),(487127201481752576,449794687771869184,'destric_manage'),(487127201481752577,449794687771869184,'distric_module'),(487127201481752578,449794687771869184,'distric_source'),(487127201481752579,449794687771869184,'distric_statistics'),(487127201481752580,449794687771869184,'distric_user'),(487127259828715520,484969327552888832,'destric_manage'),(487127259828715521,484969327552888832,'distric_module'),(487127259828715522,484969327552888832,'distric_statistics'),(487127305735372800,485394181393481728,'destric_manage'),(487127305735372801,485394181393481728,'distric_module'),(487127305735372802,485394181393481728,'distric_statistics'),(487141807004581888,487063149418119168,'destric_manage'),(487141807004581889,487063149418119168,'distric_module'),(487141807004581890,487063149418119168,'distric_school'),(488994020626792448,487944095826706432,'school_manage'),(488994020626792449,487944095826706432,'school_book'),(488994020626792450,487944095826706432,'school_course'),(488994020626792451,487944095826706432,'school_dept'),(488994020630986752,487944095826706432,'school_permi'),(488994020630986753,487944095826706432,'school_source'),(488994020630986754,487944095826706432,'school_statistics'),(488994020630986755,487944095826706432,'school_teach'),(488994020630986756,487944095826706432,'school_user'),(488994043678687232,488864966489669632,'school_manage'),(488994043678687233,488864966489669632,'school_book'),(488994043678687234,488864966489669632,'school_course'),(488994043678687235,488864966489669632,'school_dept'),(488994043678687236,488864966489669632,'school_permi'),(488994043678687237,488864966489669632,'school_source'),(488994043682881536,488864966489669632,'school_statistics'),(488994043682881537,488864966489669632,'school_teach'),(488994043682881538,488864966489669632,'school_user'),(489608619608768512,488900469209432064,'destric_manage'),(489608619608768513,488900469209432064,'distric_edu'),(490430088072921088,487939996834070528,'destric_manage'),(490430088072921089,487939996834070528,'distric_permi'),(490720726634987520,490720637866737664,'destric_manage'),(490720726634987521,490720637866737664,'distric_book'),(490720726634987522,490720637866737664,'distric_dept'),(490720726639181824,490720637866737664,'distric_edu'),(490720726639181825,490720637866737664,'distric_module'),(490720726639181826,490720637866737664,'distric_permi'),(490720726639181827,490720637866737664,'distric_school'),(490720726639181828,490720637866737664,'distric_source'),(490720726639181829,490720637866737664,'distric_statistics'),(490720726639181830,490720637866737664,'distric_user'),(501306854849118208,487942360093687808,'school_manage'),(501306854849118209,487942360093687808,'school_book'),(501306854849118210,487942360093687808,'school_permi'),(501306854849118211,487942360093687808,'school_teach'),(501306939909603328,487942388279410688,'school_manage'),(501306939909603329,487942388279410688,'school_source'),(501306939909603330,487942388279410688,'school_user'),(504539616590692352,487939569593876480,'distric_manage'),(504539616590692353,487939569593876480,'distric_module'),(504539616590692354,487939569593876480,'distric_permi'),(504539616590692355,487939569593876480,'distric_user'),(504539925635399680,487939893557723136,'distric_manage'),(504539925635399681,487939893557723136,'distric_book'),(504539925635399682,487939893557723136,'distric_permi'),(504539967481970688,487939829099659264,'distric_manage'),(504539967481970689,487939829099659264,'distric_book'),(504539967481970690,487939829099659264,'distric_source'),(584539979582013440,489706114724659200,'school_manage'),(584539979582013441,489706114724659200,'school_book'),(584539979582013442,489706114724659200,'school_course'),(584539979582013443,489706114724659200,'school_dept'),(584539979582013444,489706114724659200,'school_permi'),(584539979582013445,489706114724659200,'school_source'),(584539979582013446,489706114724659200,'school_statistics'),(584539979582013447,489706114724659200,'school_teach'),(584539979582013448,489706114724659200,'school_user'),(586498457456345088,489706150292357120,'school_manage'),(586498457456345089,489706150292357120,'school_book'),(587096008492580864,487939538275008512,'distric_manage'),(587096008492580865,487939538275008512,'distric_book'),(587096008492580866,487939538275008512,'distric_dept'),(587096008492580867,487939538275008512,'distric_edu'),(587096008492580868,487939538275008512,'distric_module'),(587096008492580869,487939538275008512,'distric_permi'),(587096008492580870,487939538275008512,'distric_school'),(587096008492580871,487939538275008512,'distric_source'),(587096008492580872,487939538275008512,'distric_statistics'),(587096008492580873,487939538275008512,'distric_user'),(587187858712821760,587144958180327424,'school_manage'),(587187858712821761,587144958180327424,'school_permi'),(587187858712821762,587144958180327424,'school_teach'),(587197063071006720,501264042229235712,'distric_manage'),(587197063071006721,501264042229235712,'distric_book'),(587197063071006722,501264042229235712,'distric_module'),(591801232029384704,501263204018552832,'distric_manage'),(591801232029384705,501263204018552832,'distric_book'),(591801232029384706,501263204018552832,'distric_module'),(591801232029384707,501263204018552832,'distric_source'),(591801443934011392,591797621153071104,'school_manage'),(591801443934011393,591797621153071104,'school_statistics'),(598801369373081600,501301696404652032,'school_manage'),(598801369373081601,501301696404652032,'school_dept'),(598801369373081602,501301696404652032,'school_statistics'),(598801404370354176,488175701095088128,'school_manage'),(598801404370354177,488175701095088128,'school_dept'),(598801486809399296,501301768005615616,'school_manage'),(598801486809399297,501301768005615616,'school_permi'),(599485359893512192,490427990048505856,'school_manage'),(599485359893512193,490427990048505856,'school_book'),(599485359893512194,490427990048505856,'school_course'),(599485359893512195,490427990048505856,'school_dept'),(599485359893512196,490427990048505856,'school_permi'),(599485359893512197,490427990048505856,'school_source'),(599485359893512198,490427990048505856,'school_statistics'),(599485359893512199,490427990048505856,'school_teach'),(599485359893512200,490427990048505856,'school_user'),(599491613902766080,584539776015663104,'school_manage'),(599491613902766081,584539776015663104,'school_book'),(599491613902766082,584539776015663104,'school_course'),(599491613902766083,584539776015663104,'school_teach'),(600195324467740672,504523405404405760,'school_manage'),(600195324467740673,504523405404405760,'school_book'),(600195324467740674,504523405404405760,'school_permi'),(600195324467740675,504523405404405760,'school_teach'),(600220812204572672,487942270473994240,'school_manage'),(600220812204572673,487942270473994240,'school_course'),(600220812204572674,487942270473994240,'school_dept'),(600220812204572675,487942270473994240,'school_source'),(600220812204572676,487942270473994240,'school_statistics'),(600220812204572677,487942270473994240,'school_teach'),(600220812204572678,487942270473994240,'school_user'),(601685403786805248,601595873897480192,'distric_manage'),(601685403786805249,601595873897480192,'distric_book'),(601685403786805250,601595873897480192,'distric_dept'),(601685403786805251,601595873897480192,'distric_edu'),(601685403786805252,601595873897480192,'distric_module'),(601685403786805253,601595873897480192,'distric_permi'),(601685403786805254,601595873897480192,'distric_school'),(601685403786805255,601595873897480192,'distric_source'),(601685403786805256,601595873897480192,'distric_statistics'),(601685403786805257,601595873897480192,'distric_user');

/*Table structure for table `GL_ROLE_TEACHER` */

DROP TABLE IF EXISTS `GL_ROLE_TEACHER`;

CREATE TABLE `GL_ROLE_TEACHER` (
  `id` bigint(20) NOT NULL COMMENT '主键',
  `roleId` bigint(20) NOT NULL COMMENT '角色id',
  `teacherId` bigint(20) NOT NULL COMMENT '教师id',
  `type` tinyint(4) NOT NULL COMMENT '类型,1:部门岗位,2:角色',
  PRIMARY KEY (`id`)
) ENGINE=InnoDB DEFAULT CHARSET=utf8mb4 COMMENT='部门角色教师表';

/*Data for the table `GL_ROLE_TEACHER` */

insert  into `GL_ROLE_TEACHER`(`id`,`roleId`,`teacherId`,`type`) values (434608062926422016,434601475331588096,27,1),(434608062926422017,434601475331588096,28,1),(434608062926422018,434601475331588096,31,1),(434608062926422019,434601475331588096,32,1),(434608093221879808,434244439704076288,10,1),(434608093221879809,434244439704076288,12,1),(434608093221879810,434244439704076288,17,1),(434608118781968384,432825711074476032,9,1),(434608118781968385,432825711074476032,10,1),(434608118781968386,432825711074476032,11,1),(434608118781968387,432825711074476032,12,1),(434608168132149248,434593249827487744,10,1),(434608168132149249,434593249827487744,12,1),(434608168132149250,434593249827487744,22,1),(434608168132149251,434593249827487744,13,1),(434608168132149252,434593249827487744,36,1),(434608200642199552,434593261399572480,12,1),(434608200642199553,434593261399572480,17,1),(434608200642199554,434593261399572480,3,1),(434608200642199555,434593261399572480,8,1),(434608221156540416,434598645686337536,17,1),(434608221160734720,434598645686337536,22,1),(434608221160734721,434598645686337536,3,1),(434611895639474176,434611807210962944,12,1),(434611895639474177,434611807210962944,45,1),(434611895639474178,434611807210962944,50,1),(434611914341875712,434611834234863616,22,1),(434612034227666944,434611993329008640,9,1),(434612034227666945,434611993329008640,10,1),(434612346858504192,434612323009691648,12,1),(434612346858504193,434612323009691648,22,1),(436761146968506368,436428360596324352,2,1),(436761297283973120,1,1,1),(436766076840181760,436427621182472192,2,1),(436770061609336832,6,2,1),(436770061609336833,6,1,1),(436770061609336834,6,3,1),(436773694493163520,434178524857761792,2,1),(436773694493163521,434178524857761792,1,1),(436773694493163522,434178524857761792,3,1),(436773749908307968,434178425687638016,2,1),(436773749908307969,434178425687638016,3,1),(436779073499299840,436428643363717120,2,1),(436779073499299841,436428643363717120,1,1),(436782222008123392,436764707257319424,2,1),(436782222008123393,436764707257319424,1,1),(436782222008123394,436764707257319424,3,1),(436782321576706048,436428621746274304,1,1),(436785608451424256,5,1,1),(436785608451424257,5,3,1),(436785631000002560,436785526750576640,2,1),(436785660456599552,436785560808325120,3,1),(436792536086872064,436792362845339648,1,1),(436792682052845568,436792655574204416,3,1),(436792760108843009,436792703284412416,1,1),(436804981044019200,436804734205034496,2,1),(436804997846401024,436804753322672128,1,1),(436808841540141056,436805112459952128,2,1),(436808841540141057,436805112459952128,1,1),(436808841540141058,436805112459952128,3,1),(436810537192390656,436805044415758336,2,1),(436810537192390657,436805044415758336,1,1),(436810537192390658,436805044415758336,3,1),(436812779668635648,436812700186574848,2,1),(436812779668635649,436812700186574848,1,1),(436812779668635650,436812700186574848,3,1),(436815251510394881,436812744503590912,3,1),(436815971827580928,436815924444528640,1,1),(436817036845252608,436816989432840192,2,1),(436817036845252609,436816989432840192,1,1),(437062844182167552,437062786342715392,1,1),(437062844182167553,437062786342715392,3,1),(437068929345519616,436816464633135104,2,1),(437068929345519617,436816464633135104,1,1),(437068929345519618,436816464633135104,3,1),(437069038141571072,437068495427993600,2,1),(437069038141571073,437068495427993600,1,1),(437069038141571074,437068495427993600,3,1),(437069076364263424,437068636100755456,2,1),(437069076364263425,437068636100755456,1,1),(437069076364263426,437068636100755456,3,1),(437538858473619456,437538795122851840,2,1),(437538858473619457,437538795122851840,1,1),(437538858473619458,437538795122851840,3,1),(437856499390218240,437118036973977600,3,1),(437856529727619072,437118025439641600,1,1),(437856529727619073,437118025439641600,3,1),(437860521731948544,437117997589463040,13,1),(437860521731948545,437117997589463040,1,1),(437860521731948546,437117997589463040,3,1),(437876715503484928,437876673619165184,13,1),(437879645900111872,437879620499406848,1,1),(437879645900111873,437879620499406848,3,1),(437882638494072832,437882619045085184,1,1),(437882638494072833,437882619045085184,3,1),(438899241973186560,436792824315248640,185,1),(438952430214840320,438952356730634240,186,1),(438956379856699392,436816921573195776,205,1),(438956379856699393,436816921573195776,206,1),(438956439537451008,437118048353124352,82,1),(444014774762602496,436817013046771712,1,1),(447271224297390080,444005144812584960,1,1),(447271242450337792,438958373044486144,1,1),(447276913048682496,447276891561263104,1,1),(447327030321610752,447275118452801536,1,1),(447578965175959552,437062694676201472,1,1),(447661855368806400,447661806207369216,1,1),(447927985283006464,447927930639613952,1,1),(447942936638783488,447942884650385408,1,1),(447944161685929984,447944135555416064,1,1),(447944299024220160,447944274382684160,1,1),(447944446428839936,447944334138933248,1,1),(448008064268763136,448004427614257152,1,1),(449468307062390784,449468258089697280,1,1),(449468393964175360,449468380374630400,1,1),(449483353213632512,437118010637942784,1,1),(450163640574672896,450163613919870976,1,1),(450501206918299648,449497303745560576,1,1),(485695657605070848,485695635341705216,31,1),(485705763616980992,485705706817716224,256,1),(485705763616980993,485705706817716224,258,1),(485717025595850752,485394142415814656,31,1),(485719017080750080,485709416054652928,256,1),(485719017080750081,485709416054652928,258,1),(485719017080750082,485709416054652928,254,1),(485721594539278336,485721576214364160,258,1),(485730359862886401,485730332704768000,258,1),(485760414861230080,485705477678694400,256,1),(485760414861230082,485705477678694400,254,1),(485761499407581185,485761418977607680,254,1),(485761583666954240,485761539333160960,256,1),(485768735932547072,485768671256379392,29,1),(485768735932547073,485768671256379392,31,1),(485775195957624832,485775105977221120,256,1),(485775195957624834,485775105977221120,254,1),(485987014970179584,485374485935947776,29,1),(485987014970179585,485374485935947776,31,1),(486065338077675520,486065270863953920,29,1),(486065338077675522,486065270863953920,32,1),(486337309667491840,485761883542913024,256,1),(486337309667491842,485761883542913024,254,1),(487061696121143297,485772348000043008,32,1),(487068248454463488,485776081186455552,256,1),(487068248454463490,485776081186455552,254,1),(487142396589506560,487142363962015744,258,1),(487142457918619648,487142336342523904,256,1),(487142457918619649,487142336342523904,258,1),(487142457918619651,487142336342523904,255,1),(487171819082612736,487171775180832768,256,1),(487171819082612738,487171775180832768,254,1),(487171890415140864,487171851886264320,254,1),(487171890415140865,487171851886264320,257,1),(487171989702705152,487171937651392512,258,1),(487568267829837825,487568232807399424,25,1),(487940047312519168,487939893557723136,3,1),(487940047312519169,487939893557723136,1,1),(488336555954405377,487944095826706432,5,1),(488336555954405378,487944095826706432,9,1),(488336555954405380,487944095826706432,10,1),(488865051340439553,487942270473994240,5,1),(489588364861767680,487942388279410688,9,1),(489666726376505344,488900469209432064,2,1),(489666726376505345,488900469209432064,3,1),(489666726376505346,488900469209432064,1,1),(489666726376505347,488900469209432064,4,1),(490720667390443520,490720637866737664,1,1),(490741681314856960,490741659328315392,5,1),(501301822682562560,487942360093687808,6,1),(584690697823584257,489706114724659200,3,1),(584690697823584258,489706114724659200,4,1),(587146835907313664,488864966489669632,6,1),(587146835907313665,488864966489669632,5,1),(587146835907313666,488864966489669632,9,1),(587146835907313667,488864966489669632,8,1),(587146835907313668,488864966489669632,7,1),(587160829497966592,487939829099659264,1,1),(587180251268775936,487939569593876480,2,1),(587180251268775938,487939569593876480,1,1),(587180251268775939,487939569593876480,4,1),(587183065458016257,487939996834070528,3,1),(587183065458016258,487939996834070528,1,1),(587183065458016259,487939996834070528,4,1),(591797645647806464,587080032757743616,4,1),(591797681857232896,591797621153071104,4,1),(592620570382696448,586831385562447872,2,1),(592620570382696449,586831385562447872,3,1),(592620570382696450,586831385562447872,1,1),(592620570382696451,586831385562447872,4,1),(592620605145088000,587160476429844480,2,1),(592620605145088001,587160476429844480,3,1),(592620605145088002,587160476429844480,1,1),(592620605145088003,587160476429844480,4,1),(592620633460834304,591148123573714944,2,1),(592620633460834305,591148123573714944,3,1),(592620633460834306,591148123573714944,1,1),(592620633460834307,591148123573714944,4,1),(593743102015963136,501263204018552832,2,1),(593743102015963137,501263204018552832,3,1),(593743102015963138,501263204018552832,1,1),(593743102015963139,501263204018552832,4,1),(600155719437647872,587144958180327424,6,1),(600187965167108096,504523405404405760,3,1),(600187965167108097,504523405404405760,1,1),(600250837268168704,587077256044609536,3,1),(600250837268168705,587077256044609536,1,1),(600253507269820416,2,3,2),(600253507269820417,2,1,2),(601339212641337344,2,6,2),(601339212641337345,2,5,2),(601339212641337346,2,9,2),(601339212641337347,2,8,2),(601339212641337348,2,7,2),(601643071808995328,601595873897480192,3,1),(601663854451097600,601337742399373312,6,1);

/*Table structure for table `GL_SCHOOL` */

DROP TABLE IF EXISTS `GL_SCHOOL`;

CREATE TABLE `GL_SCHOOL` (
  `ID` bigint(20) NOT NULL COMMENT 'ID',
  `name` varchar(100) DEFAULT NULL COMMENT '名称',
  `address` varchar(100) DEFAULT NULL COMMENT '地址',
  `logo` varchar(100) DEFAULT NULL COMMENT 'logo',
  `status` tinyint(4) DEFAULT NULL COMMENT '状态',
  `crTime` datetime DEFAULT NULL COMMENT '创建时间',
  `crUserId` bigint(20) DEFAULT NULL COMMENT '创建人',
  PRIMARY KEY (`ID`)
) ENGINE=InnoDB DEFAULT CHARSET=utf8mb4 COMMENT='学校表';

/*Data for the table `GL_SCHOOL` */

insert  into `GL_SCHOOL`(`ID`,`name`,`address`,`logo`,`status`,`crTime`,`crUserId`) values (0,'海淀教委','海淀区1号','zhangd',1,'2016-12-12 15:08:28',1),(1,'北京第一中学','海淀区1号','zhangsan',1,'2016-05-30 14:37:03',1),(2,'北京第二中学','北京市海淀211111135号','wangwu',1,'2016-05-30 14:38:47',1),(3,'北京第三中学','北京第三中学','1',1,'2017-08-03 09:51:31',1);

/*Table structure for table `GL_SCHOOL_ADMIN` */

DROP TABLE IF EXISTS `GL_SCHOOL_ADMIN`;

CREATE TABLE `GL_SCHOOL_ADMIN` (
  `id` bigint(20) NOT NULL COMMENT '主键',
  `schoolId` bigint(20) NOT NULL COMMENT '校ID',
  `userId` bigint(20) NOT NULL COMMENT '用户ID',
  PRIMARY KEY (`id`)
) ENGINE=InnoDB DEFAULT CHARSET=utf8mb4 COMMENT='校管理员';

/*Data for the table `GL_SCHOOL_ADMIN` */

insert  into `GL_SCHOOL_ADMIN`(`id`,`schoolId`,`userId`) values (600253507274014720,0,3),(600253507274014721,0,1),(601339212645531648,1,6),(601339212645531649,1,5),(601339212649725952,1,9),(601339212649725953,1,8),(601339212649725954,1,7);

/*Table structure for table `GL_SECTION` */

DROP TABLE IF EXISTS `GL_SECTION`;

CREATE TABLE `GL_SECTION` (
  `id` bigint(20) NOT NULL COMMENT '主键',
  `name` varchar(255) NOT NULL COMMENT '名称',
  `bookId` bigint(20) NOT NULL COMMENT '书籍Id',
  `pid` bigint(20) NOT NULL COMMENT '父Id',
  PRIMARY KEY (`id`)
) ENGINE=InnoDB DEFAULT CHARSET=utf8mb4 COMMENT='教材维护';

/*Data for the table `GL_SECTION` */

insert  into `GL_SECTION`(`id`,`name`,`bookId`,`pid`) values (487940980872314880,'第一单元',487938175029739520,0),(488339664889970688,'111',488338629018517504,0),(488852006102892544,'111111',488338629018517504,488339664889970688),(491082814461050880,'第二单元',487938175029739520,0),(501266116111237120,'第三单元',487938175029739520,0),(501266199988928512,'文言文',487938175029739520,0),(501266878514069504,'第一节',487938175029739520,491082814461050880),(504525940802453504,'1.沁园春,长沙',487938175029739520,487940980872314880),(505989495808589824,'第一章',487940492797935616,0),(505989523788791808,'第二章',487940492797935616,0),(505989561470418944,'第三章',487940492797935616,0),(505989648237985792,'3.1力的左右',487940492797935616,505989561470418944),(505989698942926848,'3.2反作用力',487940492797935616,505989561470418944),(505989782254387200,'2.1动滑轮实验',487940492797935616,505989523788791808),(505989854933286912,'1.1初识物理',487940492797935616,505989495808589824),(584912000929234944,'测试',502361407560351744,0),(584912046387101696,'高一英语',502361407560351744,584912000929234944),(586417476170940416,'物理',502361315294052352,0),(586417531372175360,'光学',502361315294052352,586417476170940416),(586434805286043648,'第一章 集合',586433125211439104,0),(586434855726743552,'第二章 一次函数',586433125211439104,0),(586435086610595840,'1.1 一元一次函数的概念',586433125211439104,586434855726743552),(586435154503794688,'1.2 一元一次函数的表达式',586433125211439104,586434855726743552),(586436192455622656,'第十章 圆锥曲线',586433461468790784,0),(586436254028005376,'第十一章 参数方程',586433461468790784,0),(586436321224949760,'10.1 椭圆',586433461468790784,586436192455622656),(586436348890578944,'10.2 双曲线',586433461468790784,586436192455622656),(586436389537579008,'11.1 参数方程的概念',586433461468790784,586436254028005376),(586436433560993792,'11.2 参数方程的练习',586433461468790784,586436254028005376),(586701069980008448,'12',586433125211439104,586434805286043648),(587174487972118528,'阿斯达多',487938175029739520,0),(588545343021383680,'测试',587192489698394112,0),(588549142255501312,'112啊时代发生',588548679485358080,0),(588549161134063616,'113',588548679485358080,0),(588549185033207808,'115',588548679485358080,0),(588549203685277696,'12啊沙发上地方',588548679485358080,588549142255501312),(588549216603734016,'11',588548679485358080,588549142255501312),(588549501090791424,'富士达',586433420222005248,0),(588549515611471872,'时代发生地方',586433420222005248,588549501090791424),(588549529393954816,'对发生的发生的',586433420222005248,588549501090791424),(588550004033978368,'是短发短发',588549883321909248,0),(588550021352259584,'鞍山市',588549883321909248,588550004033978368),(591166968963268608,'1`11111',587192489698394112,588545343021383680),(591171592407482368,'等等',587192489698394112,588545343021383680),(591783266231517184,'二级测试目录',587192489698394112,588545343021383680),(591783389585997824,'一级栏目',587192489698394112,0),(592621802367221760,'二级目录',587192489698394112,591783389585997824),(601286640115122176,'第一节',586433532310585344,601286694204866560),(601286694204866560,'第一章',586433532310585344,0),(601286760718139392,'第一节',586433532310585344,601286932143538176),(601286932143538176,'第一章',586433532310585344,0),(601289359462760448,'第一节',586433532310585344,601289530821050368),(601289530821050368,'第一章',586433532310585344,22),(601293913499631616,'绝句',587508514042150912,601294023306510336),(601294023306510336,'文言文',587508514042150912,0),(601295089536335872,'元曲',587508514042150912,601295260676521984),(601295089536335873,'鲁迅',587508514042150912,601295260735242240),(601295260676521984,'文言文',587508514042150912,0),(601295260735242240,'现代文',587508514042150912,0),(601295599270100992,'唐诗',587508514042150912,601295260676521984),(601295629796245504,'宋词',587508514042150912,601295260676521984),(601335927884742656,'古汉语文学',587508514042150912,0),(601335974642843648,'篆体',587508514042150912,601335927884742656),(601336033786724352,'甲骨文',587508514042150912,601335927884742656),(601595961927532544,'车辆统计',586433532310585344,601596123391459328),(601595961927532545,'四色概率',586433532310585344,601596126293917696),(601596123391459328,'统计',586433532310585344,0),(601596126293917696,'概率',586433532310585344,0),(601597446862143488,'车辆统计',586433461468790784,601597613183074304),(601597446862143489,'四色概率',586433461468790784,601597613266960384),(601597613183074304,'统计',586433461468790784,0),(601597613266960384,'概率',586433461468790784,0),(601657982324834304,'复杂统计学',586433461468790784,601597613183074304),(601662348674990080,'勾股定理',586433461468790784,601662513649549312),(601662513649549312,'几何',586433461468790784,0),(601666549345943552,'测试',587508514042150912,601294023306510336),(601666571521228800,'测试1',587508514042150912,601294023306510336),(601667974905987072,'test',587508514042150912,601294023306510336),(601667995705540608,'test',587508514042150912,601294023306510336),(601682928610574336,'面积求和',586433461468790784,601662513649549312),(601684286113841152,'东东',586433461468790784,601662513649549312),(601685618459672576,'勾三股四',586433461468790784,601662513649549312);

/*Table structure for table `GL_STUDENT_PARENT` */

DROP TABLE IF EXISTS `GL_STUDENT_PARENT`;

CREATE TABLE `GL_STUDENT_PARENT` (
  `id` bigint(20) NOT NULL COMMENT '主键',
  `studentId` bigint(20) NOT NULL COMMENT '学生id',
  `parentId` bigint(20) NOT NULL COMMENT '家长id',
  `relationId` bigint(20) DEFAULT NULL COMMENT '与学生关系',
  PRIMARY KEY (`id`)
) ENGINE=InnoDB DEFAULT CHARSET=utf8mb4 COMMENT='学生家长关系表';

/*Data for the table `GL_STUDENT_PARENT` */

insert  into `GL_STUDENT_PARENT`(`id`,`studentId`,`parentId`,`relationId`) values (1,11,31,1),(2,12,32,1),(3,13,33,1),(4,14,34,1);

/*Table structure for table `GL_SUBJECT` */

DROP TABLE IF EXISTS `GL_SUBJECT`;

CREATE TABLE `GL_SUBJECT` (
  `id` bigint(20) NOT NULL COMMENT '主键',
  `name` varchar(255) NOT NULL COMMENT '名称',
  `type` tinyint(2) DEFAULT NULL COMMENT '类型,1:基础,2:自定义',
  `status` tinyint(4) DEFAULT NULL COMMENT '状态,1:启用,2:删除',
  `schoolId` bigint(20) DEFAULT NULL COMMENT '所属学校',
  `crTime` datetime DEFAULT NULL COMMENT '创建时间',
  `crUserId` bigint(20) DEFAULT NULL COMMENT '创建人',
  PRIMARY KEY (`id`)
) ENGINE=InnoDB DEFAULT CHARSET=utf8mb4 COMMENT='学科表';

/*Data for the table `GL_SUBJECT` */

insert  into `GL_SUBJECT`(`id`,`name`,`type`,`status`,`schoolId`,`crTime`,`crUserId`) values (21,'语文',1,1,0,NULL,NULL),(22,'数学',1,1,0,NULL,NULL),(23,'英语',1,1,0,NULL,NULL),(24,'物理',1,1,0,NULL,NULL),(25,'化学',1,1,0,NULL,NULL),(26,'生物',1,1,0,NULL,NULL),(27,'历史',1,1,0,NULL,NULL),(28,'地理',1,1,0,NULL,NULL),(29,'政治',1,1,0,NULL,NULL),(504524068335124480,'生命科学',2,1,0,NULL,NULL),(504524130784116736,'心理',2,2,0,NULL,NULL),(584673364723892224,'测试',2,2,1,NULL,NULL),(586438199677550592,'3D设计',2,2,1,NULL,NULL),(586438248503443456,'Java',2,1,1,NULL,NULL),(587166990636941312,'自然科学',2,1,0,NULL,NULL),(589707066478690304,'自然',2,1,0,NULL,NULL),(592620744089796608,'音乐',2,1,0,NULL,NULL);

/*Table structure for table `GL_TEACHER_WORK` */

DROP TABLE IF EXISTS `GL_TEACHER_WORK`;

CREATE TABLE `GL_TEACHER_WORK` (
  `id` bigint(20) NOT NULL COMMENT '主键',
  `teacherId` bigint(20) NOT NULL COMMENT '教师id',
  `teachId` bigint(20) NOT NULL COMMENT '任教学段id或学科id',
  `type` tinyint(4) NOT NULL COMMENT '类型1:学段,2:学科',
  PRIMARY KEY (`id`)
) ENGINE=InnoDB DEFAULT CHARSET=utf8mb4 COMMENT='教师任教信息';

/*Data for the table `GL_TEACHER_WORK` */

/*Table structure for table `GL_USER` */

DROP TABLE IF EXISTS `GL_USER`;

CREATE TABLE `GL_USER` (
  `id` bigint(20) NOT NULL COMMENT 'ID',
  `name` varchar(50) DEFAULT NULL COMMENT '姓名',
  `spell` varchar(100) DEFAULT NULL COMMENT '拼音',
  `loginName` varchar(50) DEFAULT NULL COMMENT '登录名',
  `password` varchar(50) DEFAULT NULL COMMENT '密码',
  `gender` tinyint(4) DEFAULT NULL COMMENT '性别',
  `nation` varchar(6) DEFAULT NULL COMMENT '民族',
  `studentCode` varchar(20) DEFAULT NULL COMMENT '学籍号',
  `idCardNo` varchar(18) DEFAULT NULL COMMENT '身份证号',
  `mobile` varchar(11) DEFAULT NULL COMMENT '手机号',
  `headUrl` varchar(100) DEFAULT NULL COMMENT '头像',
  `birthday` date DEFAULT NULL COMMENT '出生年月',
  `type` tinyint(4) DEFAULT NULL COMMENT '用户类型,1:学生,2:教师,3:家长',
  `status` tinyint(4) DEFAULT NULL COMMENT '用户状态,1:在岗,在校,2:离岗,离校',
  `schoolId` bigint(20) DEFAULT NULL COMMENT '所属学校，区id:0',
  `positionId` bigint(20) DEFAULT NULL COMMENT '职位',
  `crTime` datetime DEFAULT NULL COMMENT '创建时间',
  `crUserId` bigint(20) DEFAULT NULL COMMENT '创建人',
  PRIMARY KEY (`id`)
) ENGINE=InnoDB DEFAULT CHARSET=utf8mb4 COMMENT='用户表';

/*Data for the table `GL_USER` */

insert  into `GL_USER`(`id`,`name`,`spell`,`loginName`,`password`,`gender`,`nation`,`studentCode`,`idCardNo`,`mobile`,`headUrl`,`birthday`,`type`,`status`,`schoolId`,`positionId`,`crTime`,`crUserId`) values (1,'张三','zhangsan','q_zhangsan','e10adc3949ba59abbe56e057f20f883e',2,NULL,NULL,'130826198005052146','13232320206','http://edu.vko.cn:90/up/mooc/EsXegZ9Rq9E6PcbPaAwBAA.__avatar1',NULL,2,2,0,NULL,'2016-11-04 08:53:34',12),(3,'王五','wangwu','q_wu','e10adc3949ba59abbe56e057f20f883e',1,'汉','0022','1101102000010111X3','15812346548',NULL,'2016-09-27',2,1,0,NULL,'2016-09-27 15:34:56',NULL),(5,'顾春红','guchunhong','js_gchunhong','e10adc3949ba59abbe56e057f20f883e',1,NULL,NULL,NULL,NULL,'http://edu.vko.cn:90/up/mooc/EKANJd28EK6tKsSn6VNBZe.__avatar1',NULL,2,1,1,NULL,'2016-06-07 15:37:43',NULL),(6,'房易','fangyi','js__fangyi','e10adc3949ba59abbe56e057f20f883e',2,NULL,NULL,NULL,NULL,NULL,NULL,2,1,1,NULL,'2016-06-07 15:37:43',NULL),(7,'彭琼枝','pengqiongzhi','js__pqiongzhi','e10adc3949ba59abbe56e057f20f883e',2,NULL,NULL,NULL,NULL,NULL,NULL,2,1,1,NULL,'2016-06-07 15:37:43',NULL),(8,'侯雅涵','houyahan','js__hyahan','e10adc3949ba59abbe56e057f20f883e',2,NULL,NULL,NULL,NULL,NULL,NULL,2,1,1,NULL,'2016-06-07 15:37:43',NULL),(9,'桂荣','guirong','js__guirong','e10adc3949ba59abbe56e057f20f883e',1,NULL,NULL,'111111111111111111','15812345678','http://edu.vko.cn:81/up/mooc/3QD46Xpcv3dbUtnH82GuyK.__avatar1',NULL,2,1,1,NULL,'2016-06-07 15:37:43',NULL),(11,'任硕','renshuo','xs_renshuo','e10adc3949ba59abbe56e057f20f883e',1,NULL,NULL,'411422198401102773',NULL,'http://edu.vko.cn:90/up/mooc/6kmfoXjx8DKzQ4bP1F25Z5.__avatar1',NULL,1,1,1,NULL,'2016-06-07 15:37:43',NULL),(12,'李丹','lidan','xs_lidan','e10adc3949ba59abbe56e057f20f883e',1,NULL,NULL,'411422198401102774',NULL,'/up/mooc/2wSmAEM1tMUTMkTgDLPrMJ.jpg',NULL,1,1,1,NULL,'2016-06-07 15:37:43',NULL),(13,'沙芃祎','shapengyi','xs_spengyi','e10adc3949ba59abbe56e057f20f883e',2,NULL,NULL,NULL,NULL,NULL,NULL,1,1,1,NULL,'2016-06-07 15:37:43',NULL),(14,'张静','zhangjing','xs_zhangjing','e10adc3949ba59abbe56e057f20f883e',1,NULL,NULL,NULL,NULL,NULL,NULL,1,1,1,NULL,'2016-06-07 15:37:43',NULL),(15,'王芊予','wangqianyu','xs_wqianyu','e10adc3949ba59abbe56e057f20f883e',2,NULL,NULL,NULL,NULL,NULL,NULL,1,1,1,NULL,'2016-06-07 15:37:43',NULL),(16,'张若华','zhangruohua','xs_zruohua','e10adc3949ba59abbe56e057f20f883e',1,NULL,NULL,NULL,NULL,'/up/mooc/2wSmAEM1tMUTMkTgDLPrMJ.jpg',NULL,1,1,1,NULL,'2016-06-07 15:37:43',NULL),(17,'李响','lixiang','xs_lixiang','e10adc3949ba59abbe56e057f20f883e',1,NULL,NULL,NULL,NULL,NULL,NULL,1,1,1,NULL,'2016-06-07 15:37:43',NULL),(18,'宋涛','songtao','xs_songtao','e10adc3949ba59abbe56e057f20f883e',1,NULL,NULL,NULL,NULL,NULL,NULL,1,1,1,NULL,'2016-06-07 15:37:43',NULL),(19,'刘宇珏','liuyujue','xs_lyujue','e10adc3949ba59abbe56e057f20f883e',2,NULL,NULL,NULL,NULL,NULL,NULL,1,1,1,NULL,'2016-06-07 15:37:43',NULL),(20,'王丹','wangdan','xs_wangdan','e10adc3949ba59abbe56e057f20f883e',1,NULL,NULL,NULL,NULL,NULL,NULL,1,1,1,NULL,'2016-06-07 15:37:43',NULL),(21,'马嘉仪','majiayi','xs_mjiayi','e10adc3949ba59abbe56e057f20f883e',2,NULL,NULL,NULL,NULL,NULL,NULL,1,1,1,NULL,'2016-06-07 15:37:43',NULL),(31,'任硕家长','jinrongjie','jz_renshuo','e10adc3949ba59abbe56e057f20f883e',1,NULL,NULL,NULL,NULL,'http://edu.vko.cn:90/up/mooc/QEwhkbVY1PqFsYFxSbmLxW.__avatar1',NULL,3,31,1,NULL,'2016-06-07 15:37:43',NULL),(32,'李丹家长','wangxizhang','jz_lidan','e10adc3949ba59abbe56e057f20f883e',1,NULL,NULL,NULL,NULL,'/up/mooc/2wSmAEM1tMUTMkTgDLPrMJ.jpg',NULL,3,1,1,NULL,'2016-06-07 15:37:43',NULL),(33,'沙芃祎家长','zhangyi','jz_spengyi','e10adc3949ba59abbe56e057f20f883e',2,NULL,NULL,NULL,NULL,NULL,NULL,3,1,1,NULL,'2016-06-07 15:37:43',NULL),(34,'张静家长','weizeyue','jz_zhangjing','e10adc3949ba59abbe56e057f20f883e',1,NULL,NULL,NULL,NULL,NULL,NULL,3,1,1,NULL,'2016-06-07 15:37:43',NULL),(600191983264202752,'暂住证',NULL,NULL,NULL,1,NULL,NULL,'130526199201166777','13256895689',NULL,NULL,2,1,0,NULL,'2017-09-08 14:04:22',1),(600193227143774208,'刘伟',NULL,NULL,NULL,1,NULL,NULL,'130526199201166713','18611223456',NULL,NULL,2,1,0,NULL,'2017-09-08 14:09:18',1),(600253644058656768,'顾春红',NULL,NULL,NULL,2,NULL,NULL,'130526199201166711','13056565656',NULL,NULL,2,1,0,NULL,'2017-09-08 18:10:07',1),(601237055086788608,'胡八一',NULL,NULL,NULL,1,NULL,NULL,'142431198605280689','18617172785',NULL,NULL,2,1,0,NULL,'2017-09-11 11:17:30',1),(601237856119160832,'美丽',NULL,NULL,NULL,2,NULL,NULL,'130526199201166762','15656565656',NULL,NULL,2,1,0,NULL,'2017-09-11 11:20:58',1),(601589284645896192,'糊糊',NULL,NULL,NULL,1,NULL,NULL,'142411198605262231','18618182424',NULL,NULL,2,1,0,NULL,'2017-09-12 10:36:44',1),(601590617352437760,'张三',NULL,NULL,NULL,1,NULL,NULL,'142431198605280689','13112121212',NULL,NULL,2,1,0,NULL,'2017-09-12 10:42:42',1),(601590617352437761,'王五',NULL,NULL,NULL,2,NULL,NULL,'142431198605280689','13112121212',NULL,NULL,2,1,0,NULL,'2017-09-12 10:42:42',1),(601590617352437762,'赵四',NULL,NULL,NULL,1,NULL,NULL,'130526199201166762','13112121212',NULL,NULL,2,1,0,NULL,'2017-09-12 10:42:42',1),(601590617352437763,'张三',NULL,NULL,NULL,2,NULL,NULL,'130526199201166762','13112121212',NULL,NULL,2,1,0,NULL,'2017-09-12 10:42:42',1);

/*Table structure for table `TJ_LOGIN_STATISTICS` */

DROP TABLE IF EXISTS `TJ_LOGIN_STATISTICS`;

CREATE TABLE `TJ_LOGIN_STATISTICS` (
  `id` bigint(20) NOT NULL DEFAULT '0' COMMENT 'id',
  `schoolId` bigint(20) DEFAULT NULL COMMENT '学校Id',
  `schoolName` varchar(50) DEFAULT NULL COMMENT '学校名称',
  `gradeId` bigint(20) DEFAULT NULL COMMENT '班级Id',
  `klassId` bigint(20) DEFAULT NULL COMMENT '班级id',
  `klassName` varchar(50) DEFAULT NULL COMMENT ' 班级名称',
  `userId` bigint(20) DEFAULT NULL COMMENT '用户Id',
  `pageView` int(11) DEFAULT '0' COMMENT '页面访问次数',
  `loginCount` int(11) DEFAULT '1' COMMENT '用户登录次数',
  `loginIp` varchar(20) DEFAULT NULL COMMENT '用户登录ip',
  `crDate` date DEFAULT NULL COMMENT '登录日期',
  PRIMARY KEY (`id`)
) ENGINE=InnoDB DEFAULT CHARSET=utf8mb4 COMMENT='用户登录浏览页面统计';

/*Data for the table `TJ_LOGIN_STATISTICS` */

insert  into `TJ_LOGIN_STATISTICS`(`id`,`schoolId`,`schoolName`,`gradeId`,`klassId`,`klassName`,`userId`,`pageView`,`loginCount`,`loginIp`,`crDate`) values (492258893502611456,1,'北京第一中学',NULL,NULL,NULL,5,53,1,'192.168.1.9','2016-11-14'),(492500896698073088,1,'北京第一中学',NULL,NULL,NULL,5,4,1,'192.168.1.21','2016-11-15'),(492529114406715392,1,'北京第一中学',NULL,NULL,NULL,5,19,2,'192.168.1.9','2016-11-15'),(492567126381428736,1,'北京第一中学',NULL,NULL,NULL,5,6,1,'192.168.1.175','2016-11-15'),(492573280335560704,1,'北京第一中学',NULL,NULL,NULL,5,5,1,'192.168.1.5','2016-11-15'),(492621932903006208,1,'北京第一中学',3,NULL,'高一(1)班',12,17,1,'192.168.1.21','2016-11-15'),(493286810399539200,1,'北京第一中学',NULL,NULL,NULL,5,3,1,'192.168.1.21','2016-11-17'),(493288339982516224,1,'北京第一中学',NULL,NULL,NULL,5,4,1,'192.168.1.5','2016-11-17'),(494788322363703296,0,NULL,NULL,NULL,NULL,1,2,1,'192.168.1.7','2016-11-21'),(500578615751081984,0,NULL,NULL,NULL,NULL,1,47,1,'192.168.1.239','2016-12-07'),(500958308111220736,0,NULL,NULL,NULL,NULL,1,30,1,'192.168.1.239','2016-12-08'),(500959102281711616,1,'北京第一中学',NULL,NULL,NULL,5,20,1,'192.168.1.239','2016-12-08'),(501210718704500736,0,NULL,NULL,NULL,NULL,1,53,3,'192.168.1.165','2016-12-09'),(501221058829877248,1,'北京第一中学',NULL,NULL,NULL,5,153,2,'192.168.1.239','2016-12-09'),(501226786399453184,0,NULL,NULL,NULL,NULL,1,11,2,'211.103.221.95','2016-12-09'),(501226820402675712,1,'北京第一中学',NULL,NULL,NULL,5,16,2,'192.168.1.165','2016-12-09'),(501227036660989952,1,'北京第一中学',NULL,NULL,NULL,5,216,2,'211.103.221.95','2016-12-09'),(501256371711246336,0,NULL,NULL,NULL,NULL,1,16,1,'124.200.185.78','2016-12-09'),(501256812822003712,0,NULL,NULL,NULL,NULL,4,15,1,'124.200.185.78','2016-12-09'),(501257093198643200,0,NULL,NULL,NULL,NULL,2,9,1,'124.200.185.78','2016-12-09'),(501257327467298816,0,NULL,NULL,NULL,NULL,3,197,1,'124.200.185.78','2016-12-09'),(501275770635681792,1,'北京第一中学',NULL,NULL,NULL,5,253,1,'124.200.185.78','2016-12-09'),(501290187377082368,0,NULL,NULL,NULL,NULL,1,233,1,'192.168.1.239','2016-12-09'),(502346958967406592,1,'北京第一中学',NULL,NULL,NULL,5,358,10,'192.168.1.239','2016-12-12'),(502355287810768896,0,NULL,NULL,NULL,NULL,1,252,6,'192.168.1.21','2016-12-12'),(502359471540928512,0,NULL,NULL,NULL,NULL,1,557,4,'192.168.1.239','2016-12-12'),(502365221176737792,0,'海淀教委',NULL,NULL,NULL,1,5,1,'127.0.0.1','2016-12-12'),(502380355660021760,1,'北京第一中学',NULL,NULL,NULL,5,247,4,'192.168.1.21','2016-12-12'),(502381780603502592,1,'北京第一中学',3,NULL,'高一(1)班',12,222,10,'192.168.1.239','2016-12-12'),(502388219359264768,1,'北京第一中学',3,NULL,'高一(1)班',12,84,3,'192.168.1.21','2016-12-12'),(502391959172677632,1,'北京第一中学',3,NULL,'高一(1)班',12,8,2,'127.0.0.1','2016-12-12'),(502403608042536960,1,'北京第一中学',NULL,NULL,NULL,5,152,2,'127.0.0.1','2016-12-12'),(502409555171344384,1,'北京第一中学',NULL,NULL,NULL,32,40,1,'192.168.1.239','2016-12-12'),(502410038913007616,1,'北京第一中学',3,NULL,'高一(1)班',12,25,3,'192.168.1.5','2016-12-12'),(502413940806909952,1,'北京第一中学',NULL,NULL,NULL,8,12,2,'192.168.1.5','2016-12-12'),(502418535260094464,1,'北京第一中学',3,NULL,'高一(1)班',13,12,1,'192.168.1.239','2016-12-12'),(502645563003502592,1,'北京第一中学',3,NULL,'高一(1)班',12,39,1,'192.168.1.5','2016-12-13'),(502673250468233216,1,'北京第一中学',3,NULL,'高一(1)班',13,5,1,'192.168.1.5','2016-12-13'),(502673513287516160,1,'北京第一中学',NULL,NULL,NULL,5,59,1,'192.168.1.5','2016-12-13'),(502715490389458944,0,'海淀教委',NULL,NULL,NULL,1,28,1,'192.168.1.21','2016-12-13'),(503006137449185280,0,'海淀教委',NULL,NULL,NULL,1,24,1,'127.0.0.1','2016-12-14'),(503009897172959232,1,'北京第一中学',NULL,NULL,NULL,5,84,4,'127.0.0.1','2016-12-14'),(503014211933175808,1,'北京第一中学',NULL,NULL,NULL,5,117,4,'192.168.1.21','2016-12-14'),(503075988758855680,0,'海淀教委',NULL,NULL,NULL,1,5,1,'192.168.1.239','2016-12-14'),(503076402250121216,0,'海淀教委',NULL,NULL,NULL,1,9,1,'124.200.185.78','2016-12-14'),(503493116414656512,0,'海淀教委',NULL,NULL,NULL,1,12,1,'192.168.1.239','2016-12-15'),(503493251324444672,1,'北京第一中学',NULL,NULL,NULL,5,4,1,'192.168.1.239','2016-12-15'),(503863111061602304,0,'海淀教委',NULL,NULL,NULL,1,3,1,'211.103.221.95','2016-12-16'),(503863174127157248,1,'北京第一中学',NULL,NULL,NULL,5,174,2,'211.103.221.95','2016-12-16'),(503864939039948800,1,'北京第一中学',NULL,NULL,NULL,31,17,1,'211.103.221.95','2016-12-16'),(503865123790651392,1,'北京第一中学',3,NULL,'高一(1)班',12,6,1,'211.103.221.95','2016-12-16'),(504518881696546816,0,'海淀教委',NULL,NULL,NULL,1,197,2,'115.183.240.122','2016-12-18'),(504530580889665536,1,'北京第一中学',3,NULL,'高一(1)班',12,48,1,'115.183.240.122','2016-12-18'),(504626154594893824,1,'北京第一中学',NULL,NULL,NULL,5,138,1,'115.183.240.122','2016-12-18'),(504637250747760640,1,'北京第一中学',NULL,NULL,NULL,32,13,1,'115.183.240.122','2016-12-18'),(504832717901266944,0,'海淀教委',NULL,NULL,NULL,1,614,8,'211.103.221.95','2016-12-19'),(504838191031779328,1,'北京第一中学',NULL,NULL,NULL,5,829,9,'211.103.221.95','2016-12-19'),(504894136495636480,0,'海淀教委',NULL,NULL,NULL,1,274,5,'127.0.0.1','2016-12-19'),(504897058654650368,1,'北京第一中学',NULL,NULL,NULL,32,34,3,'211.103.221.95','2016-12-19'),(504897271456858112,1,'北京第一中学',3,NULL,'高一(1)班',12,72,2,'211.103.221.95','2016-12-19'),(504914587087273984,1,'北京第一中学',NULL,NULL,NULL,5,74,6,'127.0.0.1','2016-12-19'),(504919191007002624,1,'北京第一中学',3,NULL,'高一(1)班',12,38,2,'127.0.0.1','2016-12-19'),(504921013780217856,1,'北京第一中学',NULL,NULL,NULL,32,34,1,'127.0.0.1','2016-12-19'),(504924351137579008,0,'海淀教委',NULL,NULL,NULL,1,8,1,'192.168.1.21','2016-12-19'),(504924473695141888,1,'北京第一中学',NULL,NULL,NULL,5,11,1,'192.168.1.21','2016-12-19'),(504924631224811520,1,'北京第一中学',3,NULL,'高一(1)班',12,17,1,'192.168.1.21','2016-12-19'),(504924817372217344,1,'北京第一中学',NULL,NULL,NULL,32,9,1,'192.168.1.21','2016-12-19'),(505204113491886080,0,'海淀教委',NULL,NULL,NULL,1,13,1,'192.168.1.239','2016-12-20'),(505241876241055744,0,'海淀教委',NULL,NULL,NULL,1,31,2,'211.103.221.95','2016-12-20'),(505242064380755968,1,'北京第一中学',NULL,NULL,NULL,5,115,2,'211.103.221.95','2016-12-20'),(505248942338867200,1,'北京第一中学',3,NULL,'高一(1)班',12,64,1,'211.103.221.95','2016-12-20'),(505546483232145408,1,'北京第一中学',NULL,NULL,NULL,5,85,1,'211.103.221.95','2016-12-21'),(505964196706385920,1,'北京第一中学',3,NULL,'高一(1)班',11,274,4,'211.103.221.95','2016-12-22'),(505964275089539072,1,'北京第一中学',NULL,NULL,NULL,5,78,5,'211.103.221.95','2016-12-22'),(505966354398969856,0,'海淀教委',NULL,NULL,NULL,1,80,2,'211.103.221.95','2016-12-22'),(505991833407455232,1,'北京第一中学',3,NULL,'高一(1)班',12,20,1,'211.103.221.95','2016-12-22'),(505994863485911040,1,'北京第一中学',NULL,NULL,NULL,32,55,1,'211.103.221.95','2016-12-22'),(507490798049165312,0,'海淀教委',NULL,NULL,NULL,1,17,1,'211.103.221.95','2016-12-26'),(507491010150924288,1,'北京第一中学',NULL,NULL,NULL,5,104,1,'211.103.221.95','2016-12-26'),(507808356354752512,0,'海淀教委',NULL,NULL,NULL,1,11,1,'211.103.221.95','2016-12-27'),(507808489599401984,1,'北京第一中学',NULL,NULL,NULL,5,5,1,'211.103.221.95','2016-12-27'),(535285051802255360,0,'海淀教委',NULL,NULL,NULL,1,43,1,'192.168.1.239','2017-03-13'),(535691704620023808,0,'海淀教委',NULL,NULL,NULL,1,23,1,'192.168.1.239','2017-03-14'),(558542532246503424,0,'海淀教委',NULL,NULL,NULL,1,27,2,'192.168.1.35','2017-05-16'),(558543718794133504,0,'海淀教委',NULL,NULL,NULL,2,14,1,'192.168.1.35','2017-05-16'),(559185312585089024,0,'海淀教委',NULL,NULL,NULL,1,57,1,'192.168.1.63','2017-05-18'),(569482152677212160,0,'海淀教委',NULL,NULL,NULL,1,124,2,'192.168.1.185','2017-06-15'),(569485241677250560,1,'北京第一中学',NULL,NULL,NULL,5,111,2,'192.168.1.185','2017-06-15'),(569493627324071936,0,'海淀教委',NULL,NULL,NULL,1,12,1,'192.168.1.40','2017-06-15'),(569493949316595712,0,'海淀教委',NULL,NULL,NULL,1,4,1,'192.168.1.194','2017-06-15'),(569772240514580480,0,'海淀教委',NULL,NULL,NULL,1,29,5,'192.168.1.40','2017-06-16'),(570829398605824000,0,'海淀教委',NULL,NULL,NULL,1,40,2,'192.168.1.40','2017-06-19'),(573400607046500352,0,'海淀教委',NULL,NULL,NULL,1,57,2,'192.168.1.239','2017-06-26'),(573405710096793600,0,'海淀教委',NULL,NULL,NULL,1,3,1,'192.168.1.194','2017-06-26'),(574127239277314048,0,'海淀教委',NULL,NULL,NULL,1,92,2,'192.168.1.239','2017-06-28'),(574127637631336448,0,'海淀教委',NULL,NULL,NULL,1,64,1,'192.168.1.163','2017-06-28'),(574464383497797632,0,'海淀教委',NULL,NULL,NULL,1,3,1,'192.168.1.163','2017-06-29'),(575840875234459648,0,'海淀教委',NULL,NULL,NULL,1,21,1,'192.168.1.239','2017-07-03'),(576585120794804224,0,'海淀教委',NULL,NULL,NULL,2,14,1,'192.168.1.194','2017-07-05'),(577290806944071680,0,'海淀教委',NULL,NULL,NULL,1,64,1,'192.168.1.194','2017-07-07'),(577297618053365760,0,'海淀教委',NULL,NULL,NULL,1,133,1,'192.168.1.206','2017-07-07'),(578372771109666816,0,'海淀教委',NULL,NULL,NULL,1,57,1,'192.168.1.163','2017-07-10'),(578414961328390144,0,'海淀教委',NULL,NULL,NULL,1,107,3,'192.168.1.206','2017-07-10'),(578450046169645056,0,'海淀教委',NULL,NULL,NULL,2,41,1,'192.168.1.239','2017-07-10'),(578749105052844032,0,'海淀教委',NULL,NULL,NULL,1,69,1,'192.168.1.206','2017-07-11'),(578858457231261696,0,'海淀教委',NULL,NULL,NULL,1,9,1,'192.168.1.163','2017-07-11'),(579129313870217216,0,'海淀教委',NULL,NULL,NULL,1,16,1,'192.168.1.206','2017-07-12'),(579199324458582016,0,'海淀教委',NULL,NULL,NULL,1,53,1,'192.168.1.194','2017-07-12'),(579209994633740288,0,'海淀教委',NULL,NULL,NULL,1,6,1,'192.168.1.163','2017-07-12'),(583496630951477248,0,'海淀教委',NULL,NULL,NULL,1,81,1,'192.168.1.160','2017-07-24'),(583815036619718656,0,'海淀教委',NULL,NULL,NULL,1,99,3,'192.168.1.160','2017-07-25'),(583822183894089728,0,'海淀教委',NULL,NULL,NULL,1,48,2,'192.168.1.69','2017-07-25'),(583825113225363456,0,'海淀教委',NULL,NULL,NULL,1,46,2,'192.168.1.183','2017-07-25'),(583924834065448960,0,'海淀教委',NULL,NULL,NULL,1,37,2,'192.168.1.163','2017-07-25'),(583925516243828736,1,'北京第一中学',NULL,NULL,NULL,9,8,1,'192.168.1.163','2017-07-25'),(583925754211860480,1,'北京第一中学',NULL,NULL,NULL,9,11,1,'192.168.1.160','2017-07-25'),(584167895232151552,0,'海淀教委',NULL,NULL,NULL,1,306,10,'127.0.0.1','2017-07-26'),(584285704675131392,1,'北京第一中学',NULL,NULL,NULL,9,92,3,'192.168.1.160','2017-07-26'),(584287725109116928,0,'海淀教委',NULL,NULL,NULL,1,14,3,'192.168.1.160','2017-07-26'),(584288271970861056,1,'北京第一中学',3,NULL,'高一(1)班',12,10,2,'192.168.1.160','2017-07-26'),(584302894207991808,0,'海淀教委',NULL,NULL,NULL,1,66,1,'192.168.1.194','2017-07-26'),(584308246630629376,1,'北京第一中学',NULL,NULL,NULL,5,3,1,'127.0.0.1','2017-07-26'),(584531170285322240,0,'海淀教委',NULL,NULL,NULL,1,736,6,'127.0.0.1','2017-07-27'),(584538079612633088,0,'海淀教委',NULL,NULL,NULL,1,133,3,'192.168.1.194','2017-07-27'),(584539452320251904,0,'海淀教委',NULL,NULL,NULL,2,57,2,'192.168.1.194','2017-07-27'),(584545932616400896,0,'海淀教委',NULL,NULL,NULL,3,47,1,'192.168.1.194','2017-07-27'),(584906745436962816,0,'海淀教委',NULL,NULL,NULL,1,84,2,'192.168.1.120','2017-07-28'),(584912341053734912,1,'北京第一中学',NULL,NULL,NULL,5,613,21,'127.0.0.1','2017-07-28'),(584912676967153664,0,'海淀教委',NULL,NULL,NULL,1,326,26,'127.0.0.1','2017-07-28'),(584915538661081088,1,'北京第一中学',NULL,NULL,NULL,6,385,9,'127.0.0.1','2017-07-28'),(584915550673567744,0,'海淀教委',NULL,NULL,NULL,2,7,1,'192.168.1.194','2017-07-28'),(584915690914316288,0,'海淀教委',NULL,NULL,NULL,1,14,1,'192.168.1.194','2017-07-28'),(584916660209582080,1,'北京第一中学',NULL,NULL,NULL,9,38,2,'192.168.1.160','2017-07-28'),(584931411476086784,1,'北京第一中学',NULL,NULL,NULL,6,3,1,'192.168.1.183','2017-07-28'),(584933623472324608,1,'北京第一中学',NULL,NULL,NULL,9,21,3,'192.168.1.69','2017-07-28'),(584937486837350400,0,'海淀教委',NULL,NULL,NULL,1,38,1,'192.168.1.69','2017-07-28'),(584992210764693504,1,'北京第一中学',3,NULL,'高一(1)班',12,51,1,'192.168.1.160','2017-07-28'),(584998174058348544,1,'北京第一中学',3,NULL,'高一(1)班',11,40,1,'192.168.1.69','2017-07-28'),(585025092694573056,0,'海淀教委',NULL,NULL,NULL,1,3,1,'219.238.35.19','2017-07-28'),(585042272941244416,1,'北京第一中学',3,NULL,'高一(1)班',11,52,2,'127.0.0.1','2017-07-28'),(585058136021270528,1,'北京第一中学',3,NULL,'高一(1)班',12,20,1,'127.0.0.1','2017-07-28'),(585296743197835264,1,'北京第一中学',3,NULL,'高一(1)班',12,107,7,'127.0.0.1','2017-07-29'),(585297386385965056,1,'北京第一中学',NULL,NULL,NULL,5,183,7,'127.0.0.1','2017-07-29'),(585298024297660416,0,'海淀教委',NULL,NULL,NULL,1,268,9,'127.0.0.1','2017-07-29'),(585299160769495040,1,'北京第一中学',3,NULL,'高一(1)班',11,205,7,'127.0.0.1','2017-07-29'),(585318583823761408,1,'北京第一中学',NULL,NULL,NULL,6,14,1,'127.0.0.1','2017-07-29'),(586068912806821888,0,'海淀教委',NULL,NULL,NULL,1,4,1,'192.168.1.194','2017-07-31'),(586383326139383808,0,'海淀教委',NULL,NULL,NULL,1,5,1,'192.168.1.194','2017-08-01'),(586386016865091584,1,'北京第一中学',NULL,NULL,NULL,9,43,1,'192.168.1.163','2017-08-01'),(586387730640928768,1,'北京第一中学',3,NULL,'高一(1)班',12,17,2,'127.0.0.1','2017-08-01'),(586387875734487040,1,'北京第一中学',NULL,NULL,NULL,5,100,4,'127.0.0.1','2017-08-01'),(586388793825689600,0,'海淀教委',NULL,NULL,NULL,1,44,1,'192.168.1.163','2017-08-01'),(586416032755744768,0,'海淀教委',NULL,NULL,NULL,1,458,5,'192.168.1.25','2017-08-01'),(586421322762944512,0,'海淀教委',NULL,NULL,NULL,2,62,1,'192.168.1.25','2017-08-01'),(586427644166275072,0,'海淀教委',NULL,NULL,NULL,3,3,1,'192.168.1.25','2017-08-01'),(586427938006630400,0,'海淀教委',NULL,NULL,NULL,4,6,1,'192.168.1.25','2017-08-01'),(586430020088496128,1,'北京第一中学',3,NULL,'高一(1)班',12,15,2,'192.168.1.241','2017-08-01'),(586430337970601984,1,'北京第一中学',3,NULL,'高一(1)班',12,7,1,'192.168.1.25','2017-08-01'),(586430558628741120,1,'北京第一中学',NULL,NULL,NULL,9,34,3,'192.168.1.241','2017-08-01'),(586431286562783232,1,'北京第一中学',NULL,NULL,NULL,9,113,2,'192.168.1.25','2017-08-01'),(586435058064162816,0,'海淀教委',NULL,NULL,NULL,1,89,2,'192.168.1.241','2017-08-01'),(586439400494202880,0,'海淀教委',NULL,NULL,NULL,1,98,2,'192.168.1.69','2017-08-01'),(586439729260527616,1,'北京第一中学',NULL,NULL,NULL,9,121,1,'192.168.1.69','2017-08-01'),(586448875007508480,1,'北京第一中学',NULL,NULL,NULL,5,90,2,'192.168.1.69','2017-08-01'),(586451852728467456,1,'北京第一中学',NULL,NULL,NULL,9,12,1,'192.168.1.160','2017-08-01'),(586453333275836416,0,'海淀教委',NULL,NULL,NULL,1,273,2,'127.0.0.1','2017-08-01'),(586455132552560640,0,'海淀教委',NULL,NULL,NULL,1,69,1,'192.168.1.160','2017-08-01'),(586748061192028160,1,'北京第一中学',NULL,NULL,NULL,5,4,2,'127.0.0.1','2017-08-02'),(586812924538912768,0,'海淀教委',NULL,NULL,NULL,1,4,1,'192.168.1.25','2017-08-02'),(586820901656330240,0,'海淀教委',NULL,NULL,NULL,1,179,3,'127.0.0.1','2017-08-02'),(586827609975816192,0,'海淀教委',NULL,NULL,NULL,1,3,1,'192.168.1.194','2017-08-02'),(586831249943822336,0,'海淀教委',NULL,NULL,NULL,1,30,1,'192.168.1.163','2017-08-02'),(586835565257687040,0,'海淀教委',NULL,NULL,NULL,1,20,1,'192.168.1.69','2017-08-02'),(587069322556342272,1,'北京第一中学',NULL,NULL,NULL,5,618,13,'127.0.0.1','2017-08-03'),(587069915358298112,0,'海淀教委',NULL,NULL,NULL,1,623,13,'127.0.0.1','2017-08-03'),(587080704777519104,0,'海淀教委',NULL,NULL,NULL,1,226,4,'192.168.1.69','2017-08-03'),(587082664280850432,1,'北京第一中学',3,NULL,'高一(1)班',11,48,3,'127.0.0.1','2017-08-03'),(587084253024485376,1,'北京第一中学',NULL,NULL,NULL,9,30,1,'192.168.1.160','2017-08-03'),(587089449209298944,1,'北京第一中学',NULL,NULL,NULL,5,18,1,'192.168.1.69','2017-08-03'),(587109365421441024,0,'海淀教委',NULL,NULL,NULL,1,25,1,'192.168.1.160','2017-08-03'),(587152382186487808,1,'北京第一中学',3,NULL,'高一(1)班',12,91,4,'127.0.0.1','2017-08-03'),(587157542170263552,1,'北京第一中学',NULL,NULL,NULL,9,21,1,'192.168.1.163','2017-08-03'),(587431297182334976,1,'北京第一中学',3,NULL,'高一(1)班',11,59,1,'192.168.1.69','2017-08-04'),(587437077176516608,0,'海淀教委',NULL,NULL,NULL,1,261,8,'127.0.0.1','2017-08-04'),(587437271196631040,1,'北京第一中学',3,NULL,'高一(1)班',11,30,2,'127.0.0.1','2017-08-04'),(587437584683106304,1,'北京第一中学',NULL,NULL,NULL,5,226,8,'127.0.0.1','2017-08-04'),(587438295068180480,1,'北京第一中学',NULL,NULL,NULL,9,6,1,'192.168.1.69','2017-08-04'),(587498855482785792,0,'海淀教委',NULL,NULL,NULL,1,131,1,'192.168.1.160','2017-08-04'),(587503750579486720,1,'北京第一中学',3,NULL,'高一(1)班',12,212,3,'127.0.0.1','2017-08-04'),(587542123516002304,1,'北京第一中学',NULL,NULL,NULL,9,39,1,'192.168.1.160','2017-08-04'),(587542785058406400,1,'北京第一中学',3,NULL,'高一(1)班',12,26,1,'192.168.1.160','2017-08-04'),(587891333943787520,1,'北京第一中学',3,NULL,'高一(1)班',11,31,2,'127.0.0.1','2017-08-05'),(587909867524587520,0,'海淀教委',NULL,NULL,NULL,1,19,1,'127.0.0.1','2017-08-05'),(588524971744034816,0,'海淀教委',NULL,NULL,NULL,1,22,2,'127.0.0.1','2017-08-07'),(588525472019644416,1,'北京第一中学',NULL,NULL,NULL,9,21,3,'192.168.1.163','2017-08-07'),(588525656975867904,0,'海淀教委',NULL,NULL,NULL,1,577,4,'192.168.1.163','2017-08-07'),(588556568920850432,1,'北京第一中学',NULL,NULL,NULL,6,3,1,'192.168.1.163','2017-08-07'),(588591531909185536,0,'海淀教委',NULL,NULL,NULL,1,51,1,'192.168.1.69','2017-08-07'),(588878549088206848,1,'北京第一中学',3,NULL,'高一(2)班',20,109,2,'192.168.1.69','2017-08-08'),(588884408639946752,0,'海淀教委',NULL,NULL,NULL,1,201,4,'192.168.1.69','2017-08-08'),(588894544993452032,0,'海淀教委',NULL,NULL,NULL,1,93,4,'192.168.1.187','2017-08-08'),(588898224736043008,1,'北京第一中学',3,NULL,'高一(1)班',11,179,4,'192.168.1.187','2017-08-08'),(588901262301331456,1,'北京第一中学',NULL,NULL,NULL,7,10,1,'192.168.1.69','2017-08-08'),(588901863244431360,1,'北京第一中学',3,NULL,'高一(2)班',16,4,1,'192.168.1.69','2017-08-08'),(588902880996491264,1,'北京第一中学',NULL,NULL,NULL,5,8,1,'192.168.1.69','2017-08-08'),(588910674411782144,1,'北京第一中学',NULL,NULL,NULL,5,57,1,'192.168.1.187','2017-08-08'),(588914333942022144,1,'北京第一中学',3,NULL,'高一(1)班',15,12,1,'192.168.1.69','2017-08-08'),(588957715141754880,1,'北京第一中学',NULL,NULL,NULL,5,29,1,'192.168.1.194','2017-08-08'),(589005765700747264,1,'北京第一中学',NULL,NULL,NULL,5,9,1,'127.0.0.1','2017-08-08'),(589009081658769408,0,'海淀教委',NULL,NULL,NULL,3,3,1,'127.0.0.1','2017-08-08'),(589028890584809472,0,'海淀教委',NULL,NULL,NULL,1,25,2,'127.0.0.1','2017-08-08'),(589705265998200832,0,'海淀教委',NULL,NULL,NULL,1,30,1,'127.0.0.1','2017-08-10'),(589738543367061504,1,'北京第一中学',3,NULL,'高一(1)班',12,11,1,'192.168.1.160','2017-08-10'),(589738887664893952,0,'海淀教委',NULL,NULL,NULL,1,36,1,'192.168.1.160','2017-08-10'),(589986863557640192,0,'海淀教委',NULL,NULL,NULL,1,5,1,'192.168.1.160','2017-08-11'),(590134115068542976,0,'海淀教委',NULL,NULL,NULL,1,2,1,'127.0.0.1','2017-08-11'),(591029706011181056,0,'海淀教委',NULL,NULL,NULL,1,623,9,'127.0.0.1','2017-08-14'),(591044045711605760,1,'北京第一中学',NULL,NULL,NULL,5,78,4,'127.0.0.1','2017-08-14'),(591077217711161344,0,'海淀教委',NULL,NULL,NULL,1,9,3,'192.168.1.69','2017-08-14'),(591537009151967232,0,'海淀教委',NULL,NULL,NULL,1,0,21,'192.168.1.187','2017-08-15'),(591541560454152192,0,'海淀教委',NULL,NULL,NULL,1,26,2,'192.168.1.69','2017-08-15'),(591775372861767680,0,'海淀教委',NULL,NULL,NULL,1,168,18,'192.168.1.69','2017-08-16'),(591775804619227136,0,'海淀教委',NULL,NULL,NULL,1,361,10,'127.0.0.1','2017-08-16'),(591802077047422976,1,'北京第一中学',NULL,NULL,NULL,9,199,6,'192.168.1.69','2017-08-16'),(591802295562272768,1,'北京第一中学',NULL,NULL,NULL,5,261,6,'127.0.0.1','2017-08-16'),(591813367782440960,1,'北京第一中学',3,NULL,'高一(2)班',16,32,1,'192.168.1.69','2017-08-16'),(591823355359789056,1,'北京第一中学',NULL,NULL,NULL,8,39,5,'192.168.1.69','2017-08-16'),(591866928813834240,1,'北京第一中学',3,NULL,'高一(1)班',11,15,1,'127.0.0.1','2017-08-16'),(592009255112933376,1,'北京第一中学',3,NULL,'高一(1)班',11,34,1,'127.0.0.1','2017-08-17'),(592143224190009344,0,'海淀教委',NULL,NULL,NULL,1,59,3,'192.168.1.69','2017-08-17'),(592149488794075136,0,'海淀教委',NULL,NULL,NULL,1,55,1,'127.0.0.1','2017-08-17'),(592157485008158720,1,'北京第一中学',NULL,NULL,NULL,9,15,2,'192.168.1.160','2017-08-17'),(592157828219666432,0,'海淀教委',NULL,NULL,NULL,1,66,1,'192.168.1.160','2017-08-17'),(592254261224538112,0,'海淀教委',NULL,NULL,NULL,2,6,1,'192.168.1.160','2017-08-17'),(592505648529276928,0,'海淀教委',NULL,NULL,NULL,2,10,2,'192.168.1.160','2017-08-18'),(592533380633985024,1,'北京第一中学',NULL,NULL,NULL,9,29,2,'192.168.1.160','2017-08-18'),(592538164631961600,0,'海淀教委',NULL,NULL,NULL,1,18,1,'192.168.1.25','2017-08-18'),(592588109800013824,0,'海淀教委',NULL,NULL,NULL,1,174,3,'127.0.0.1','2017-08-18'),(592591982723858432,1,'北京第一中学',NULL,NULL,NULL,9,25,2,'127.0.0.1','2017-08-18'),(592592376904548352,1,'北京第一中学',3,NULL,'高一(1)班',12,14,1,'127.0.0.1','2017-08-18'),(592595077075828736,1,'北京第一中学',3,NULL,'高一(1)班',12,18,1,'192.168.1.160','2017-08-18'),(592597117424369664,0,'海淀教委',NULL,NULL,NULL,1,532,3,'192.168.1.151','2017-08-18'),(592607962904657920,0,'海淀教委',NULL,NULL,NULL,1,16,2,'192.168.1.187','2017-08-18'),(592632866815344640,1,'北京第一中学',NULL,NULL,NULL,5,466,3,'192.168.1.151','2017-08-18'),(592638690346401792,1,'北京第一中学',3,NULL,'高一(1)班',11,18,1,'127.0.0.1','2017-08-18'),(592649659214725120,1,'北京第一中学',3,NULL,'高一(1)班',11,236,2,'192.168.1.151','2017-08-18'),(592900505533939712,1,'北京第一中学',3,NULL,'高一(1)班',11,217,5,'127.0.0.1','2017-08-19'),(592995199823642624,1,'北京第一中学',NULL,NULL,NULL,5,3,1,'127.0.0.1','2017-08-19'),(592995350214606848,0,'海淀教委',NULL,NULL,NULL,1,43,2,'127.0.0.1','2017-08-19'),(593593303916609536,0,'海淀教委',NULL,NULL,NULL,2,5,1,'192.168.1.160','2017-08-21'),(593620523951325184,1,'北京第一中学',3,NULL,'高一(1)班',11,171,5,'127.0.0.1','2017-08-21'),(593621738051338240,1,'北京第一中学',NULL,NULL,NULL,5,134,4,'127.0.0.1','2017-08-21'),(593685985707950080,1,'北京第一中学',NULL,NULL,NULL,5,135,5,'192.168.1.151','2017-08-21'),(593694945638875136,0,'海淀教委',NULL,NULL,NULL,1,464,4,'192.168.1.151','2017-08-21'),(593705324267962368,0,'海淀教委',NULL,NULL,NULL,1,37,2,'192.168.1.187','2017-08-21'),(593706107180941312,1,'北京第一中学',NULL,NULL,NULL,5,54,2,'192.168.1.187','2017-08-21'),(593713974818635776,0,'海淀教委',NULL,NULL,NULL,1,231,3,'127.0.0.1','2017-08-21'),(593734720420839424,0,'海淀教委',NULL,NULL,NULL,1,19,3,'192.168.1.69','2017-08-21'),(593752447688638464,1,'北京第一中学',NULL,NULL,NULL,9,36,1,'127.0.0.1','2017-08-21'),(593956579246604288,1,'北京第一中学',NULL,NULL,NULL,9,243,9,'127.0.0.1','2017-08-22'),(593959589842518016,0,'海淀教委',NULL,NULL,NULL,1,208,6,'127.0.0.1','2017-08-22'),(593967314756435968,0,'海淀教委',NULL,NULL,NULL,1,15,2,'192.168.1.163','2017-08-22'),(593968166422446080,1,'北京第一中学',NULL,NULL,NULL,6,68,2,'192.168.1.163','2017-08-22'),(593980857765593088,1,'北京第一中学',3,NULL,'高一(1)班',12,130,8,'127.0.0.1','2017-08-22'),(593983019233050624,1,'北京第一中学',3,NULL,'高一(1)班',11,82,1,'127.0.0.1','2017-08-22'),(594025686876815360,1,'北京第一中学',NULL,NULL,NULL,5,441,4,'192.168.1.151','2017-08-22'),(594031643782545408,0,'海淀教委',NULL,NULL,NULL,1,75,2,'192.168.1.151','2017-08-22'),(594067860452540416,1,'北京第一中学',3,NULL,'高一(1)班',11,72,1,'192.168.1.151','2017-08-22'),(594083616447791104,0,'海淀教委',NULL,NULL,NULL,1,46,1,'192.168.1.160','2017-08-22'),(594320912531062784,0,'海淀教委',NULL,NULL,NULL,1,40,4,'127.0.0.1','2017-08-23'),(594321330258575360,1,'北京第一中学',NULL,NULL,NULL,5,8,3,'127.0.0.1','2017-08-23'),(594327133879271424,1,'北京第一中学',NULL,NULL,NULL,6,48,1,'192.168.1.163','2017-08-23'),(594339108009017344,0,'海淀教委',NULL,NULL,NULL,1,7,1,'192.168.1.69','2017-08-23'),(594352259194683392,0,'海淀教委',NULL,NULL,NULL,1,3,1,'192.168.1.120','2017-08-23'),(594352347329593344,1,'北京第一中学',NULL,NULL,NULL,5,246,1,'192.168.1.120','2017-08-23'),(594402099089899520,1,'北京第一中学',3,NULL,'高一(1)班',11,0,4,'127.0.0.1','2017-08-23'),(594402797135331328,0,'海淀教委',NULL,NULL,NULL,1,76,1,'192.168.1.151','2017-08-23'),(594454951317471232,1,'北京第一中学',NULL,NULL,NULL,5,177,2,'192.168.1.151','2017-08-23'),(594457805319045120,1,'北京第一中学',3,NULL,'高一(1)班',11,33,1,'192.168.1.151','2017-08-23'),(594709106770575360,0,'海淀教委',NULL,NULL,NULL,1,0,8,'127.0.0.1','2017-08-24'),(594787368624455680,0,'海淀教委',NULL,NULL,NULL,1,3,1,'192.168.1.187','2017-08-24'),(595052455360724992,1,'北京第一中学',NULL,NULL,NULL,5,107,4,'192.168.1.151','2017-08-25'),(595053886251728896,1,'北京第一中学',NULL,NULL,NULL,5,0,4,'127.0.0.1','2017-08-25'),(595055659624431616,0,'海淀教委',NULL,NULL,NULL,1,39,2,'192.168.1.151','2017-08-25'),(595056267135811584,1,'北京第一中学',NULL,NULL,NULL,5,114,3,'192.168.1.120','2017-08-25'),(595056975331459072,0,'海淀教委',NULL,NULL,NULL,1,51,1,'192.168.1.187','2017-08-25'),(595060650791665664,1,'北京第一中学',3,NULL,'高一(1)班',11,15,1,'192.168.1.151','2017-08-25'),(595119586458730496,1,'北京第一中学',3,NULL,'高一(1)班',11,5,1,'192.168.1.120','2017-08-25'),(596870033561354240,0,'海淀教委',NULL,NULL,NULL,1,16,1,'127.0.0.1','2017-08-30'),(596947390611587072,0,'海淀教委',NULL,NULL,NULL,1,15,1,'117.136.38.230','2017-08-30'),(596947707973599232,1,'北京第一中学',NULL,NULL,NULL,5,20,1,'117.136.38.230','2017-08-30'),(597282542520893440,1,'北京第一中学',NULL,NULL,NULL,5,8,1,'127.0.0.1','2017-08-31'),(597288574567579648,1,'北京第一中学',NULL,NULL,NULL,6,60,1,'192.168.1.163','2017-08-31'),(597291597729628160,0,'海淀教委',NULL,NULL,NULL,1,6,1,'192.168.1.163','2017-08-31'),(597355647830327296,0,'海淀教委',NULL,NULL,NULL,1,83,1,'127.0.0.1','2017-08-31'),(597580288037486592,0,'海淀教委',NULL,NULL,NULL,1,305,8,'127.0.0.1','2017-09-01'),(597592769577353216,1,'北京第一中学',NULL,NULL,NULL,5,46,3,'192.168.1.151','2017-09-01'),(597653515581521920,0,'海淀教委',NULL,NULL,NULL,1,51,1,'192.168.1.120','2017-09-01'),(597656618536009728,1,'北京第一中学',NULL,NULL,NULL,5,52,2,'192.168.1.120','2017-09-01'),(597686993425530880,0,'海淀教委',NULL,NULL,NULL,1,44,2,'192.168.1.151','2017-09-01'),(597709744722935808,1,'北京第一中学',NULL,NULL,NULL,5,27,1,'127.0.0.1','2017-09-01'),(598675561073606656,1,'北京第一中学',NULL,NULL,NULL,5,176,29,'127.0.0.1','2017-09-04'),(598676654461550592,0,'海淀教委',NULL,NULL,NULL,1,314,2,'127.0.0.1','2017-09-04'),(598734622372659200,1,'北京第一中学',NULL,NULL,NULL,5,41,1,'192.168.1.151','2017-09-04'),(598735297349419008,0,'海淀教委',NULL,NULL,NULL,1,315,1,'192.168.1.151','2017-09-04'),(598755495062274048,0,'海淀教委',NULL,NULL,NULL,1,32,1,'192.168.1.187','2017-09-04'),(598765745437933568,1,'北京第一中学',NULL,NULL,NULL,6,325,1,'192.168.1.151','2017-09-04'),(598795559544815616,0,'海淀教委',NULL,NULL,NULL,1,9,1,'192.168.1.163','2017-09-04'),(598795941629132800,1,'北京第一中学',NULL,NULL,NULL,6,8,1,'192.168.1.163','2017-09-04'),(599024157253959680,0,'海淀教委',NULL,NULL,NULL,1,425,15,'127.0.0.1','2017-09-05'),(599031629763051520,1,'北京第一中学',NULL,NULL,NULL,5,130,4,'192.168.1.151','2017-09-05'),(599031966905401344,0,'海淀教委',NULL,NULL,NULL,1,123,4,'192.168.1.151','2017-09-05'),(599039403947458560,1,'北京第一中学',NULL,NULL,NULL,5,391,11,'127.0.0.1','2017-09-05'),(599039662111064064,1,'北京第一中学',3,NULL,'高一(1)班',11,106,3,'127.0.0.1','2017-09-05'),(599040278661169152,1,'北京第一中学',3,NULL,'高一(1)班',11,76,2,'192.168.1.151','2017-09-05'),(599145200631152640,1,'北京第一中学',NULL,NULL,NULL,5,58,1,'192.168.1.187','2017-09-05'),(599386787168649216,1,'北京第一中学',NULL,NULL,NULL,5,404,18,'127.0.0.1','2017-09-06'),(599392694736781312,0,'海淀教委',NULL,NULL,NULL,1,360,6,'127.0.0.1','2017-09-06'),(599404799565234176,1,'北京第一中学',NULL,NULL,NULL,5,216,3,'192.168.1.151','2017-09-06'),(599407352394809344,0,'海淀教委',NULL,NULL,NULL,1,102,2,'192.168.1.151','2017-09-06'),(599408838289915904,1,'北京第一中学',3,NULL,'高一(1)班',11,24,1,'192.168.1.151','2017-09-06'),(599423251940114432,1,'北京第一中学',3,NULL,'高一(1)班',11,264,6,'127.0.0.1','2017-09-06'),(599426153685450752,1,'北京第一中学',3,NULL,'高一(1)班',12,11,1,'127.0.0.1','2017-09-06'),(599431069866917888,1,'北京第一中学',NULL,NULL,NULL,5,119,2,'192.168.1.120','2017-09-06'),(599461415341785088,1,'北京第一中学',NULL,NULL,NULL,6,51,2,'127.0.0.1','2017-09-06'),(599753281144619008,0,'海淀教委',NULL,NULL,NULL,1,6,1,'192.168.1.69','2017-09-07'),(599755807667519488,1,'北京第一中学',NULL,NULL,NULL,5,719,9,'127.0.0.1','2017-09-07'),(599756209578311680,0,'海淀教委',NULL,NULL,NULL,1,552,8,'127.0.0.1','2017-09-07'),(599756973981827072,1,'北京第一中学',3,NULL,'高一(1)班',11,136,4,'127.0.0.1','2017-09-07'),(599781548945833984,1,'北京第一中学',NULL,NULL,NULL,5,37,1,'192.168.1.187','2017-09-07'),(599783861332738048,0,'海淀教委',NULL,NULL,NULL,1,94,1,'192.168.1.187','2017-09-07'),(599811155149455360,0,'海淀教委',NULL,NULL,NULL,1,43,2,'192.168.1.189','2017-09-07'),(599817243550810112,1,'北京第一中学',3,NULL,'高一(1)班',11,25,1,'192.168.1.189','2017-09-07'),(599869375339560960,1,'北京第一中学',NULL,NULL,NULL,5,18,1,'192.168.1.151','2017-09-07'),(600114092962742272,1,'北京第一中学',NULL,NULL,NULL,5,637,9,'127.0.0.1','2017-09-08'),(600117537132249088,0,'海淀教委',NULL,NULL,NULL,1,684,12,'127.0.0.1','2017-09-08'),(600123892639465472,1,'北京第一中学',NULL,NULL,NULL,5,327,6,'192.168.1.151','2017-09-08'),(600125725911023616,0,'海淀教委',NULL,NULL,NULL,1,323,5,'192.168.1.151','2017-09-08'),(600125749478817792,1,'北京第一中学',3,NULL,'高一(1)班',11,18,2,'127.0.0.1','2017-09-08'),(600142569686433792,0,'海淀教委',NULL,NULL,NULL,1,288,5,'192.168.1.187','2017-09-08'),(600143355489288192,1,'北京第一中学',NULL,NULL,NULL,5,148,4,'192.168.1.187','2017-09-08'),(600144514136408064,0,'海淀教委',NULL,NULL,NULL,1,747,5,'192.168.1.249','2017-09-08'),(600145141084192768,1,'北京第一中学',NULL,NULL,NULL,5,135,3,'192.168.1.249','2017-09-08'),(600187734056763392,0,'海淀教委',NULL,NULL,NULL,1,161,1,'192.168.1.189','2017-09-08'),(600188663178985472,1,'北京第一中学',3,NULL,'高一(1)班',11,32,1,'192.168.1.187','2017-09-08'),(600189844534067200,1,'北京第一中学',NULL,NULL,NULL,5,249,1,'192.168.1.112','2017-09-08'),(600192549453299712,1,'北京第一中学',NULL,NULL,NULL,5,39,1,'192.168.1.189','2017-09-08'),(600193620938588160,1,'北京第一中学',3,NULL,'高一(1)班',11,62,4,'192.168.1.151','2017-09-08'),(600204698108035072,1,'北京第一中学',3,NULL,'高一(1)班',11,49,1,'192.168.1.249','2017-09-08'),(600477284607983616,0,'海淀教委',NULL,NULL,NULL,1,3,1,'117.136.38.248','2017-09-09'),(600480620526698496,1,'北京第一中学',NULL,NULL,NULL,31,7,1,'192.168.1.69','2017-09-09'),(600481067652087808,1,'北京第一中学',NULL,NULL,NULL,5,6,1,'192.168.1.69','2017-09-09'),(601200258831089664,1,'北京第一中学',NULL,NULL,NULL,5,457,10,'127.0.0.1','2017-09-11'),(601202624250773504,0,'海淀教委',NULL,NULL,NULL,1,421,12,'127.0.0.1','2017-09-11'),(601203045426003968,1,'北京第一中学',NULL,NULL,NULL,5,34,2,'192.168.1.151','2017-09-11'),(601208500676198400,1,'北京第一中学',3,NULL,'高一(1)班',11,55,2,'192.168.1.151','2017-09-11'),(601208564198932480,0,'海淀教委',NULL,NULL,NULL,1,39,6,'192.168.1.151','2017-09-11'),(601212978712281088,0,'海淀教委',NULL,NULL,NULL,1,116,4,'192.168.1.112','2017-09-11'),(601225942223814656,0,'海淀教委',NULL,NULL,NULL,1,20,2,'192.168.1.187','2017-09-11'),(601229059988389888,1,'北京第一中学',NULL,NULL,NULL,5,3,1,'192.168.1.112','2017-09-11'),(601243896860639232,1,'北京第一中学',3,NULL,'高一(1)班',11,34,1,'192.168.1.187','2017-09-11'),(601296906093592576,1,'北京第一中学',3,NULL,'高一(1)班',11,214,4,'127.0.0.1','2017-09-11'),(601298858810540032,0,'海淀教委',NULL,NULL,NULL,1,102,1,'192.168.1.163','2017-09-11'),(601306223500853248,1,'北京第一中学',NULL,NULL,NULL,5,18,1,'192.168.1.120','2017-09-11'),(601563590209568768,1,'北京第一中学',NULL,NULL,NULL,5,244,8,'127.0.0.1','2017-09-12'),(601565613642481664,0,'海淀教委',NULL,NULL,NULL,1,719,13,'127.0.0.1','2017-09-12'),(601569186090582016,1,'北京第一中学',3,NULL,'高一(1)班',11,13,1,'192.168.1.112','2017-09-12'),(601575290438680576,1,'北京第一中学',3,NULL,'高一(1)班',11,78,3,'127.0.0.1','2017-09-12'),(601584642365063168,1,'北京第一中学',NULL,NULL,NULL,31,48,5,'127.0.0.1','2017-09-12'),(601585947535998976,1,'北京第一中学',NULL,NULL,NULL,5,5,1,'192.168.1.249','2017-09-12'),(601586272607141888,1,'北京第一中学',NULL,NULL,NULL,31,107,4,'192.168.1.151','2017-09-12'),(601586849508491264,0,'海淀教委',NULL,NULL,NULL,1,206,3,'192.168.1.249','2017-09-12'),(601595764522614784,1,'北京第一中学',NULL,NULL,NULL,5,136,12,'192.168.1.151','2017-09-12'),(601599512460394496,0,'海淀教委',NULL,NULL,NULL,1,151,8,'192.168.1.151','2017-09-12'),(601644736582778880,1,'北京第一中学',3,NULL,'高一(1)班',11,91,11,'192.168.1.151','2017-09-12'),(601653951665799168,1,'北京第一中学',NULL,NULL,NULL,31,16,1,'192.168.1.112','2017-09-12'),(601660961614462976,1,'北京第一中学',NULL,NULL,NULL,31,33,2,'192.168.1.187','2017-09-12'),(601662012086288384,1,'北京第一中学',NULL,NULL,NULL,5,39,5,'192.168.1.187','2017-09-12'),(601662142243930112,1,'北京第一中学',3,NULL,'高一(1)班',11,6,2,'192.168.1.187','2017-09-12'),(601670393891127296,0,'海淀教委',NULL,NULL,NULL,1,66,4,'192.168.1.187','2017-09-12'),(601673561827966976,1,'北京第一中学',3,NULL,'高一(1)班',11,3,1,'192.168.1.120','2017-09-12'),(601685424879960064,1,'北京第一中学',NULL,NULL,NULL,5,84,3,'192.168.1.112','2017-09-12');

/*Table structure for table `TJ_STUDENT_TASK_RECORD` */

DROP TABLE IF EXISTS `TJ_STUDENT_TASK_RECORD`;

CREATE TABLE `TJ_STUDENT_TASK_RECORD` (
  `id` bigint(20) NOT NULL COMMENT '主键',
  `taskStatisticsId` bigint(20) DEFAULT NULL COMMENT '任务统计id',
  `isFinished` smallint(2) DEFAULT '0' COMMENT '是否完成(0=否,1=是)',
  `studentId` bigint(20) DEFAULT NULL COMMENT '学生id',
  `crDate` date DEFAULT NULL COMMENT '当前日期',
  PRIMARY KEY (`id`)
) ENGINE=InnoDB DEFAULT CHARSET=utf8mb4 COMMENT='学生任务完成记录';

/*Data for the table `TJ_STUDENT_TASK_RECORD` */

insert  into `TJ_STUDENT_TASK_RECORD`(`id`,`taskStatisticsId`,`isFinished`,`studentId`,`crDate`) values (502394158598586368,502394158577614848,0,11,'2016-12-12'),(502394158615363584,502394158577614848,0,12,'2016-12-12'),(502394158615363585,502394158577614848,0,13,'2016-12-12'),(502394158619557888,502394158577614848,0,14,'2016-12-12'),(502394158623752192,502394158577614848,0,15,'2016-12-12'),(502394158627946496,502394158577614848,0,16,'2016-12-12'),(502394158627946497,502394158577614848,0,17,'2016-12-12'),(502394158632140800,502394158577614848,0,18,'2016-12-12'),(502394158632140801,502394158577614848,0,19,'2016-12-12'),(502394158636335104,502394158577614848,0,20,'2016-12-12'),(502394158636335105,502394158577614848,0,21,'2016-12-12'),(502394456415141888,502394456394170368,0,11,'2016-12-12'),(502394456419336192,502394456394170368,0,12,'2016-12-12'),(502394456423530496,502394456394170368,0,13,'2016-12-12'),(502394456431919104,502394456394170368,0,14,'2016-12-12'),(502394456461279232,502394456394170368,0,15,'2016-12-12'),(502394456469667840,502394456394170368,0,16,'2016-12-12'),(502394456469667841,502394456394170368,0,17,'2016-12-12'),(502394456473862144,502394456394170368,0,18,'2016-12-12'),(502394456473862145,502394456394170368,0,19,'2016-12-12'),(502394456478056448,502394456394170368,0,20,'2016-12-12'),(502394456478056449,502394456394170368,0,21,'2016-12-12'),(502394917658558464,502394917616615424,0,11,'2016-12-12'),(502394917662752768,502394917616615424,0,12,'2016-12-12'),(502394917666947072,502394917616615424,0,13,'2016-12-12'),(502394917666947073,502394917616615424,0,14,'2016-12-12'),(502394917666947074,502394917616615424,0,15,'2016-12-12'),(502394917671141376,502394917616615424,0,16,'2016-12-12'),(502394917683724288,502394917616615424,0,17,'2016-12-12'),(502394917683724289,502394917616615424,0,18,'2016-12-12'),(502394917687918592,502394917616615424,0,19,'2016-12-12'),(502394917687918593,502394917616615424,0,20,'2016-12-12'),(502394917692112896,502394917616615424,0,21,'2016-12-12'),(502395445029371904,502395445012594688,0,11,'2016-12-12'),(502395445067120640,502395445012594688,0,12,'2016-12-12'),(502395445071314944,502395445012594688,0,13,'2016-12-12'),(502395445071314945,502395445012594688,0,14,'2016-12-12'),(502395445075509248,502395445012594688,0,15,'2016-12-12'),(502395445075509249,502395445012594688,0,16,'2016-12-12'),(502395445075509250,502395445012594688,0,17,'2016-12-12'),(502395445092286464,502395445012594688,0,18,'2016-12-12'),(502395445092286465,502395445012594688,0,19,'2016-12-12'),(502395445096480768,502395445012594688,0,20,'2016-12-12'),(502395445096480769,502395445012594688,0,21,'2016-12-12'),(502395787943084032,502395787922112512,1,11,'2016-12-12'),(502395787947278336,502395787922112512,0,12,'2016-12-12'),(502395787951472640,502395787922112512,0,13,'2016-12-12'),(502395787955666944,502395787922112512,0,14,'2016-12-12'),(502395787955666945,502395787922112512,0,15,'2016-12-12'),(502395787964055552,502395787922112512,0,16,'2016-12-12'),(502395787989221376,502395787922112512,0,17,'2016-12-12'),(502395787993415680,502395787922112512,0,18,'2016-12-12'),(502395787997609984,502395787922112512,0,19,'2016-12-12'),(502395787997609985,502395787922112512,0,20,'2016-12-12'),(502395788001804288,502395787922112512,0,21,'2016-12-12'),(502396304383541248,502396304362569728,1,11,'2016-12-12'),(502396304387735552,502396304362569728,0,12,'2016-12-12'),(502396304387735553,502396304362569728,0,13,'2016-12-12'),(502396304387735554,502396304362569728,0,14,'2016-12-12'),(502396304391929856,502396304362569728,0,15,'2016-12-12'),(502396304417095680,502396304362569728,0,16,'2016-12-12'),(502396304421289984,502396304362569728,0,17,'2016-12-12'),(502396304421289985,502396304362569728,0,18,'2016-12-12'),(502396304421289986,502396304362569728,0,19,'2016-12-12'),(502396304425484288,502396304362569728,1,20,'2016-12-12'),(502396304425484289,502396304362569728,0,21,'2016-12-12'),(502396704356564992,502396704339787776,0,11,'2016-12-12'),(502396704356564993,502396704339787776,0,12,'2016-12-12'),(502396704381730816,502396704339787776,0,13,'2016-12-12'),(502396704381730817,502396704339787776,0,14,'2016-12-12'),(502396704385925120,502396704339787776,0,15,'2016-12-12'),(502396704385925121,502396704339787776,0,16,'2016-12-12'),(502396704390119424,502396704339787776,0,17,'2016-12-12'),(502396704406896640,502396704339787776,0,18,'2016-12-12'),(502396704406896641,502396704339787776,0,19,'2016-12-12'),(502396704411090944,502396704339787776,1,20,'2016-12-12'),(502396704419479552,502396704339787776,0,21,'2016-12-12'),(502396945768120320,502396945713594368,0,11,'2016-12-12'),(502396945784897536,502396945713594368,0,12,'2016-12-12'),(502396945814257664,502396945713594368,0,13,'2016-12-12'),(502396945839423488,502396945713594368,0,14,'2016-12-12'),(502396945839423489,502396945713594368,0,15,'2016-12-12'),(502396945843617792,502396945713594368,0,16,'2016-12-12'),(502396945843617793,502396945713594368,0,17,'2016-12-12'),(502396945843617794,502396945713594368,0,18,'2016-12-12'),(502396945847812096,502396945713594368,0,19,'2016-12-12'),(502396945847812097,502396945713594368,1,20,'2016-12-12'),(502396945852006400,502396945713594368,0,21,'2016-12-12'),(502397282428125184,502397282411347968,0,11,'2016-12-12'),(502397282432319488,502397282411347968,0,12,'2016-12-12'),(502397282432319489,502397282411347968,0,13,'2016-12-12'),(502397282436513792,502397282411347968,0,14,'2016-12-12'),(502397282461679616,502397282411347968,0,15,'2016-12-12'),(502397282486845440,502397282411347968,0,16,'2016-12-12'),(502397282491039744,502397282411347968,0,17,'2016-12-12'),(502397282491039745,502397282411347968,0,18,'2016-12-12'),(502397282495234048,502397282411347968,0,19,'2016-12-12'),(502397282499428352,502397282411347968,0,20,'2016-12-12'),(502397282499428353,502397282411347968,0,21,'2016-12-12'),(502397609810329600,502397609789358080,0,11,'2016-12-12'),(502397609810329601,502397609789358080,0,12,'2016-12-12'),(502397609814523904,502397609789358080,0,13,'2016-12-12'),(502397609814523905,502397609789358080,0,14,'2016-12-12'),(502397609818718208,502397609789358080,0,15,'2016-12-12'),(502397609818718209,502397609789358080,0,16,'2016-12-12'),(502397609822912512,502397609789358080,0,17,'2016-12-12'),(502397609822912513,502397609789358080,0,18,'2016-12-12'),(502397609827106816,502397609789358080,0,19,'2016-12-12'),(502397609831301120,502397609789358080,1,20,'2016-12-12'),(502397609831301121,502397609789358080,0,21,'2016-12-12'),(502397983870943232,502397983854166016,0,11,'2016-12-12'),(502397983870943233,502397983854166016,0,12,'2016-12-12'),(502397983875137536,502397983854166016,0,13,'2016-12-12'),(502397983900303360,502397983854166016,0,14,'2016-12-12'),(502397983900303361,502397983854166016,0,15,'2016-12-12'),(502397983904497664,502397983854166016,0,16,'2016-12-12'),(502397983904497665,502397983854166016,0,17,'2016-12-12'),(502397983929663488,502397983854166016,0,18,'2016-12-12'),(502397983933857792,502397983854166016,0,19,'2016-12-12'),(502397983933857793,502397983854166016,0,20,'2016-12-12'),(502397983933857794,502397983854166016,0,21,'2016-12-12'),(502398201773424640,502398201739870208,0,11,'2016-12-12'),(502398201773424641,502398201739870208,0,12,'2016-12-12'),(502398201777618944,502398201739870208,0,13,'2016-12-12'),(502398201777618945,502398201739870208,0,14,'2016-12-12'),(502398201781813248,502398201739870208,0,15,'2016-12-12'),(502398201781813249,502398201739870208,0,16,'2016-12-12'),(502398201781813250,502398201739870208,0,17,'2016-12-12'),(502398201786007552,502398201739870208,0,18,'2016-12-12'),(502398201786007553,502398201739870208,0,19,'2016-12-12'),(502398201790201856,502398201739870208,0,20,'2016-12-12'),(502398201790201857,502398201739870208,0,21,'2016-12-12'),(502398433210925056,502398433194147840,0,11,'2016-12-12'),(502398433215119360,502398433194147840,0,12,'2016-12-12'),(502398433215119361,502398433194147840,0,13,'2016-12-12'),(502398433219313664,502398433194147840,0,14,'2016-12-12'),(502398433219313665,502398433194147840,0,15,'2016-12-12'),(502398433223507968,502398433194147840,0,16,'2016-12-12'),(502398433223507969,502398433194147840,0,17,'2016-12-12'),(502398433223507970,502398433194147840,0,18,'2016-12-12'),(502398433227702272,502398433194147840,0,19,'2016-12-12'),(502398433227702273,502398433194147840,0,20,'2016-12-12'),(502398433248673792,502398433194147840,0,21,'2016-12-12'),(502398496020627456,502398495987073024,0,11,'2016-12-12'),(502398496029016064,502398495987073024,0,12,'2016-12-12'),(502398496029016065,502398495987073024,0,13,'2016-12-12'),(502398496033210368,502398495987073024,0,14,'2016-12-12'),(502398496033210369,502398495987073024,0,15,'2016-12-12'),(502398496049987584,502398495987073024,0,16,'2016-12-12'),(502398496054181888,502398495987073024,0,17,'2016-12-12'),(502398496054181889,502398495987073024,0,18,'2016-12-12'),(502398496058376192,502398495987073024,0,19,'2016-12-12'),(502398496083542016,502398495987073024,0,20,'2016-12-12'),(502398496083542017,502398495987073024,0,21,'2016-12-12'),(502398814431215616,502398814414438400,0,11,'2016-12-12'),(502398814431215617,502398814414438400,0,12,'2016-12-12'),(502398814435409920,502398814414438400,0,13,'2016-12-12'),(502398814435409921,502398814414438400,0,14,'2016-12-12'),(502398814439604224,502398814414438400,0,15,'2016-12-12'),(502398814439604225,502398814414438400,0,16,'2016-12-12'),(502398814443798528,502398814414438400,0,17,'2016-12-12'),(502398814443798529,502398814414438400,0,18,'2016-12-12'),(502398814443798530,502398814414438400,0,19,'2016-12-12'),(502398814447992832,502398814414438400,0,20,'2016-12-12'),(502398814447992833,502398814414438400,0,21,'2016-12-12'),(502399018689626112,502399018668654592,0,11,'2016-12-12'),(502399018689626113,502399018668654592,0,12,'2016-12-12'),(502399018693820416,502399018668654592,0,13,'2016-12-12'),(502399018693820417,502399018668654592,0,14,'2016-12-12'),(502399018698014720,502399018668654592,0,15,'2016-12-12'),(502399018698014721,502399018668654592,0,16,'2016-12-12'),(502399018702209024,502399018668654592,0,17,'2016-12-12'),(502399018702209025,502399018668654592,0,18,'2016-12-12'),(502399018706403328,502399018668654592,0,19,'2016-12-12'),(502399018710597632,502399018668654592,0,20,'2016-12-12'),(502399018710597633,502399018668654592,0,21,'2016-12-12'),(502408686140915712,502408686132527104,1,11,'2016-12-12'),(502408686187053056,502408686132527104,0,12,'2016-12-12'),(502408686191247360,502408686132527104,0,13,'2016-12-12'),(502408686191247361,502408686132527104,0,14,'2016-12-12'),(502408686195441664,502408686132527104,0,15,'2016-12-12'),(502408686199635968,502408686132527104,0,16,'2016-12-12'),(502408686203830272,502408686132527104,0,17,'2016-12-12'),(502408686203830273,502408686132527104,0,18,'2016-12-12'),(502408686208024576,502408686132527104,0,19,'2016-12-12'),(502408686208024577,502408686132527104,0,20,'2016-12-12'),(502408686212218880,502408686132527104,0,21,'2016-12-12'),(503017394961121280,503017394910789632,0,11,'2016-12-14'),(503017394965315584,503017394910789632,0,12,'2016-12-14'),(503017394969509888,503017394910789632,0,13,'2016-12-14'),(503017394973704192,503017394910789632,0,14,'2016-12-14'),(503017394973704193,503017394910789632,0,15,'2016-12-14'),(503017394977898496,503017394910789632,0,16,'2016-12-14'),(503017394977898497,503017394910789632,0,17,'2016-12-14'),(503017394982092800,503017394910789632,0,18,'2016-12-14'),(503017394986287104,503017394910789632,0,19,'2016-12-14'),(503017394990481408,503017394910789632,0,20,'2016-12-14'),(503017394990481409,503017394910789632,0,21,'2016-12-14'),(503020553842458624,503020553754378240,0,11,'2016-12-14'),(503020553867624448,503020553754378240,0,12,'2016-12-14'),(503020553880207360,503020553754378240,0,13,'2016-12-14'),(503020553892790272,503020553754378240,0,14,'2016-12-14'),(503020553901178880,503020553754378240,0,15,'2016-12-14'),(503020553909567488,503020553754378240,0,16,'2016-12-14'),(503020553917956096,503020553754378240,0,17,'2016-12-14'),(503020553926344704,503020553754378240,0,18,'2016-12-14'),(503020553934733312,503020553754378240,0,19,'2016-12-14'),(503020553943121920,503020553754378240,0,20,'2016-12-14'),(503020553955704832,503020553754378240,0,21,'2016-12-14'),(503871828054245376,503871828029079552,0,11,'2016-12-16'),(503871828058439680,503871828029079552,0,12,'2016-12-16'),(503871828062633984,503871828029079552,0,13,'2016-12-16'),(503871828062633985,503871828029079552,0,14,'2016-12-16'),(503871828066828288,503871828029079552,0,15,'2016-12-16'),(504626824030978048,504626824022589440,1,11,'2016-12-18'),(504626824039366656,504626824022589440,0,12,'2016-12-18'),(504626824039366657,504626824022589440,0,13,'2016-12-18'),(504626824039366658,504626824022589440,0,14,'2016-12-18'),(504626824043560960,504626824022589440,0,15,'2016-12-18'),(504628212047806464,504628212031029248,0,11,'2016-12-18'),(504628212052000768,504628212031029248,0,12,'2016-12-18'),(504628212056195072,504628212031029248,0,13,'2016-12-18'),(504628212060389376,504628212031029248,0,14,'2016-12-18'),(504628212064583680,504628212031029248,0,15,'2016-12-18'),(504630398194548736,504630398177771520,0,16,'2016-12-18'),(504630398198743040,504630398177771520,0,17,'2016-12-18'),(504630398198743041,504630398177771520,0,18,'2016-12-18'),(504630398198743042,504630398177771520,0,19,'2016-12-18'),(504630398202937344,504630398177771520,0,20,'2016-12-18'),(504630398202937345,504630398177771520,0,21,'2016-12-18'),(504635792233070592,504635792216293376,0,11,'2016-12-18'),(504635792237264896,504635792216293376,0,12,'2016-12-18'),(504635792237264897,504635792216293376,0,13,'2016-12-18'),(504635792241459200,504635792216293376,0,14,'2016-12-18'),(504635792241459201,504635792216293376,0,15,'2016-12-18'),(504887305643753472,504887305631170560,0,11,'2016-12-19'),(504887305647947776,504887305631170560,0,12,'2016-12-19'),(504887305647947777,504887305631170560,0,13,'2016-12-19'),(504887305652142080,504887305631170560,0,14,'2016-12-19'),(504887305652142081,504887305631170560,0,15,'2016-12-19'),(504887305656336384,504887305631170560,0,16,'2016-12-19'),(504887305656336385,504887305631170560,0,17,'2016-12-19'),(504887305656336386,504887305631170560,0,18,'2016-12-19'),(504887305660530688,504887305631170560,0,19,'2016-12-19'),(504887305660530689,504887305631170560,0,20,'2016-12-19'),(504887305660530690,504887305631170560,0,21,'2016-12-19'),(504915940165550080,504915939997777920,0,11,'2016-12-19'),(504915940215881728,504915939997777920,0,12,'2016-12-19'),(504915940236853248,504915939997777920,0,13,'2016-12-19'),(504915940266213376,504915939997777920,0,14,'2016-12-19'),(504915940274601984,504915939997777920,0,15,'2016-12-19'),(504922447951167488,504922447837921280,0,11,'2016-12-19'),(504922447972139008,504922447837921280,0,12,'2016-12-19'),(504922447984721920,504922447837921280,0,13,'2016-12-19'),(504922447997304832,504922447837921280,0,14,'2016-12-19'),(504922448035053568,504922447837921280,0,15,'2016-12-19'),(504935105744076800,504935105672773632,0,11,'2016-12-19'),(504935105752465408,504935105672773632,0,12,'2016-12-19'),(504935105756659712,504935105672773632,0,13,'2016-12-19'),(504935105760854016,504935105672773632,0,14,'2016-12-19'),(504935105765048320,504935105672773632,0,15,'2016-12-19'),(504936083352453120,504936083310510080,0,11,'2016-12-19'),(504936083356647424,504936083310510080,0,12,'2016-12-19'),(504936083360841728,504936083310510080,0,13,'2016-12-19'),(504936083365036032,504936083310510080,0,14,'2016-12-19'),(504936083369230336,504936083310510080,0,15,'2016-12-19'),(504936135252770816,504936135215022080,0,11,'2016-12-19'),(504936135256965120,504936135215022080,0,12,'2016-12-19'),(504936135261159424,504936135215022080,0,13,'2016-12-19'),(504936135265353728,504936135215022080,0,14,'2016-12-19'),(504936135269548032,504936135215022080,0,15,'2016-12-19'),(504936558483210240,504936558449655808,0,11,'2016-12-19'),(504936558491598848,504936558449655808,0,12,'2016-12-19'),(504936558491598849,504936558449655808,0,13,'2016-12-19'),(504936558495793152,504936558449655808,0,14,'2016-12-19'),(504936558499987456,504936558449655808,0,15,'2016-12-19'),(504936884326105088,504936884296744960,1,11,'2016-12-19'),(504936884330299392,504936884296744960,0,12,'2016-12-19'),(504936884330299393,504936884296744960,0,13,'2016-12-19'),(504936884334493696,504936884296744960,0,14,'2016-12-19'),(504936884338688000,504936884296744960,0,15,'2016-12-19'),(505242393289687040,505242393268715520,1,11,'2016-12-20'),(505242393293881344,505242393268715520,0,12,'2016-12-20'),(505242393293881345,505242393268715520,0,13,'2016-12-20'),(505242393298075648,505242393268715520,0,14,'2016-12-20'),(505242393298075649,505242393268715520,0,15,'2016-12-20'),(505242631572291584,505242631551320064,0,11,'2016-12-20'),(505242631576485888,505242631551320064,0,12,'2016-12-20'),(505242631576485889,505242631551320064,0,13,'2016-12-20'),(505242631580680192,505242631551320064,0,14,'2016-12-20'),(505242631580680193,505242631551320064,0,15,'2016-12-20'),(505248301667319808,505248301612793856,1,11,'2016-12-20'),(505248301675708416,505248301612793856,0,12,'2016-12-20'),(505248301675708417,505248301612793856,0,13,'2016-12-20'),(505248301679902720,505248301612793856,0,14,'2016-12-20'),(505248301684097024,505248301612793856,0,15,'2016-12-20'),(505248520664514560,505248520626765824,0,16,'2016-12-20'),(505248520672903168,505248520626765824,0,17,'2016-12-20'),(505248520677097472,505248520626765824,0,18,'2016-12-20'),(505248520681291776,505248520626765824,0,19,'2016-12-20'),(505248520681291777,505248520626765824,0,20,'2016-12-20'),(505248520685486080,505248520626765824,0,21,'2016-12-20'),(505248691704037376,505248691666288640,0,16,'2016-12-20'),(505248691712425984,505248691666288640,0,17,'2016-12-20'),(505248691712425985,505248691666288640,0,18,'2016-12-20'),(505248691716620288,505248691666288640,0,19,'2016-12-20'),(505248691720814592,505248691666288640,0,20,'2016-12-20'),(505248691725008896,505248691666288640,0,21,'2016-12-20'),(505547329323925504,505547329302953984,1,11,'2016-12-21'),(505547329328119808,505547329302953984,0,12,'2016-12-21'),(505547329332314112,505547329302953984,0,13,'2016-12-21'),(505547329332314113,505547329302953984,0,14,'2016-12-21'),(505547329336508416,505547329302953984,0,15,'2016-12-21'),(505547329336508417,505547329302953984,0,16,'2016-12-21'),(505547329340702720,505547329302953984,0,17,'2016-12-21'),(505547329340702721,505547329302953984,0,18,'2016-12-21'),(505547329344897024,505547329302953984,0,19,'2016-12-21'),(505547329344897025,505547329302953984,0,20,'2016-12-21'),(505547329349091328,505547329302953984,0,21,'2016-12-21'),(505562329715310592,505562329685950464,0,16,'2016-12-21'),(505562329715310593,505562329685950464,0,17,'2016-12-21'),(505562329719504896,505562329685950464,0,18,'2016-12-21'),(505562329719504897,505562329685950464,0,19,'2016-12-21'),(505562329723699200,505562329685950464,0,20,'2016-12-21'),(505562329723699201,505562329685950464,0,21,'2016-12-21'),(505964381427728384,505964381402562560,1,11,'2016-12-22'),(505964381431922688,505964381402562560,0,12,'2016-12-22'),(505964381431922689,505964381402562560,0,13,'2016-12-22'),(505964381431922690,505964381402562560,0,14,'2016-12-22'),(505964381436116992,505964381402562560,0,15,'2016-12-22'),(505990120730525696,505990120688582656,1,11,'2016-12-22'),(505990120734720000,505990120688582656,0,12,'2016-12-22'),(505990120738914304,505990120688582656,0,13,'2016-12-22'),(505990120738914305,505990120688582656,0,14,'2016-12-22'),(505990120743108608,505990120688582656,0,15,'2016-12-22'),(505992360899903488,505992360874737664,1,11,'2016-12-22'),(505992360904097792,505992360874737664,0,12,'2016-12-22'),(505992360904097793,505992360874737664,0,13,'2016-12-22'),(505992360904097794,505992360874737664,0,14,'2016-12-22'),(505992360908292096,505992360874737664,0,15,'2016-12-22'),(505992398002716672,505992397981745152,0,11,'2016-12-22'),(505992398006910976,505992397981745152,0,12,'2016-12-22'),(505992398011105280,505992397981745152,0,13,'2016-12-22'),(505992398015299584,505992397981745152,0,14,'2016-12-22'),(505992398015299585,505992397981745152,0,15,'2016-12-22'),(505992430735065088,505992430709899264,0,11,'2016-12-22'),(505992430739259392,505992430709899264,0,12,'2016-12-22'),(505992430739259393,505992430709899264,0,13,'2016-12-22'),(505992430739259394,505992430709899264,0,14,'2016-12-22'),(505992430743453696,505992430709899264,0,15,'2016-12-22'),(505992485583978496,505992485563006976,0,16,'2016-12-22'),(505992485588172800,505992485563006976,0,17,'2016-12-22'),(505992485588172801,505992485563006976,0,18,'2016-12-22'),(505992485592367104,505992485563006976,0,19,'2016-12-22'),(505992485592367105,505992485563006976,1,20,'2016-12-22'),(505992485596561408,505992485563006976,0,21,'2016-12-22'),(505992539413676032,505992539396898816,0,16,'2016-12-22'),(505992539417870336,505992539396898816,0,17,'2016-12-22'),(505992539422064640,505992539396898816,0,18,'2016-12-22'),(505992539422064641,505992539396898816,0,19,'2016-12-22'),(505992539422064642,505992539396898816,0,20,'2016-12-22'),(505992539426258944,505992539396898816,0,21,'2016-12-22'),(505992635337408512,505992635316436992,0,16,'2016-12-22'),(505992635341602816,505992635316436992,0,17,'2016-12-22'),(505992635345797120,505992635316436992,0,18,'2016-12-22'),(505992635345797121,505992635316436992,0,19,'2016-12-22'),(505992635349991424,505992635316436992,0,20,'2016-12-22'),(505992635349991425,505992635316436992,0,21,'2016-12-22'),(505992772155604992,505992772134633472,1,11,'2016-12-22'),(505992772159799296,505992772134633472,0,12,'2016-12-22'),(505992772163993600,505992772134633472,0,13,'2016-12-22'),(505992772163993601,505992772134633472,0,14,'2016-12-22'),(505992772163993602,505992772134633472,0,15,'2016-12-22'),(505992831010078720,505992830989107200,0,11,'2016-12-22'),(505992831014273024,505992830989107200,0,12,'2016-12-22'),(505992831018467328,505992830989107200,0,13,'2016-12-22'),(505992831018467329,505992830989107200,0,14,'2016-12-22'),(505992831018467330,505992830989107200,0,15,'2016-12-22'),(505992898882306048,505992898861334528,0,16,'2016-12-22'),(505992898886500352,505992898861334528,0,17,'2016-12-22'),(505992898886500353,505992898861334528,0,18,'2016-12-22'),(505992898890694656,505992898861334528,0,19,'2016-12-22'),(505992898890694657,505992898861334528,0,20,'2016-12-22'),(505992898890694658,505992898861334528,0,21,'2016-12-22'),(505993012791214080,505993012766048256,1,11,'2016-12-22'),(505993012791214081,505993012766048256,0,12,'2016-12-22'),(505993012795408384,505993012766048256,0,13,'2016-12-22'),(505993012795408385,505993012766048256,0,14,'2016-12-22'),(505993012799602688,505993012766048256,0,15,'2016-12-22'),(505993053463379968,505993053446602752,0,16,'2016-12-22'),(505993053467574272,505993053446602752,0,17,'2016-12-22'),(505993053467574273,505993053446602752,0,18,'2016-12-22'),(505993053467574274,505993053446602752,0,19,'2016-12-22'),(505993053471768576,505993053446602752,0,20,'2016-12-22'),(505993053475962880,505993053446602752,0,21,'2016-12-22'),(505993133465534464,505993133444562944,1,11,'2016-12-22'),(505993133469728768,505993133444562944,0,12,'2016-12-22'),(505993133469728769,505993133444562944,0,13,'2016-12-22'),(505993133469728770,505993133444562944,0,14,'2016-12-22'),(505993133473923072,505993133444562944,0,15,'2016-12-22'),(505993167800107008,505993167783329792,1,11,'2016-12-22'),(505993167800107009,505993167783329792,1,12,'2016-12-22'),(505993167804301312,505993167783329792,0,13,'2016-12-22'),(505993167804301313,505993167783329792,0,14,'2016-12-22'),(505993167804301314,505993167783329792,0,15,'2016-12-22'),(505993235814940672,505993235798163456,1,11,'2016-12-22'),(505993235819134976,505993235798163456,0,12,'2016-12-22'),(505993235819134977,505993235798163456,0,13,'2016-12-22'),(505993235819134978,505993235798163456,0,14,'2016-12-22'),(505993235823329280,505993235798163456,0,15,'2016-12-22'),(505993273588842496,505993273567870976,0,16,'2016-12-22'),(505993273588842497,505993273567870976,0,17,'2016-12-22'),(505993273593036800,505993273567870976,0,18,'2016-12-22'),(505993273593036801,505993273567870976,0,19,'2016-12-22'),(505993273597231104,505993273567870976,1,20,'2016-12-22'),(505993273597231105,505993273567870976,0,21,'2016-12-22'),(505993393357193216,505993393340416000,1,11,'2016-12-22'),(505993393357193217,505993393340416000,0,12,'2016-12-22'),(505993393361387520,505993393340416000,0,13,'2016-12-22'),(505993393361387521,505993393340416000,0,14,'2016-12-22'),(505993393365581824,505993393340416000,0,15,'2016-12-22'),(584540110645624832,584540110612070400,1,11,'2017-07-27'),(584540110645624833,584540110612070400,0,12,'2017-07-27'),(584540110649819136,584540110612070400,0,13,'2017-07-27'),(584540110654013440,584540110612070400,0,14,'2017-07-27'),(584540110654013441,584540110612070400,0,15,'2017-07-27'),(584626852971151360,584626852962762752,1,11,'2017-07-27'),(584626852975345664,584626852962762752,0,12,'2017-07-27'),(584626852975345665,584626852962762752,0,13,'2017-07-27'),(584626852979539968,584626852962762752,0,14,'2017-07-27'),(584626852979539969,584626852962762752,0,15,'2017-07-27'),(584626852983734272,584626852962762752,0,16,'2017-07-27'),(584626852983734273,584626852962762752,0,17,'2017-07-27'),(584626852983734274,584626852962762752,0,18,'2017-07-27'),(584626852987928576,584626852962762752,0,19,'2017-07-27'),(584626852987928577,584626852962762752,1,20,'2017-07-27'),(584626852987928578,584626852962762752,0,21,'2017-07-27'),(585299336049459200,585299336032681984,1,11,'2017-07-29'),(585299336053653504,585299336032681984,0,12,'2017-07-29'),(585299336053653505,585299336032681984,0,13,'2017-07-29'),(585299336053653506,585299336032681984,0,14,'2017-07-29'),(585299336057847808,585299336032681984,0,15,'2017-07-29'),(586386768106881024,586386768052355072,1,11,'2017-08-01'),(586386768111075328,586386768052355072,0,12,'2017-08-01'),(586386768115269632,586386768052355072,0,13,'2017-08-01'),(586386768119463936,586386768052355072,0,14,'2017-08-01'),(586386768123658240,586386768052355072,0,15,'2017-08-01'),(586388057091997696,586388057079414784,0,16,'2017-08-01'),(586388057096192000,586388057079414784,0,17,'2017-08-01'),(586388057100386304,586388057079414784,0,18,'2017-08-01'),(586388057104580608,586388057079414784,0,19,'2017-08-01'),(586388057104580609,586388057079414784,0,20,'2017-08-01'),(586388057108774912,586388057079414784,0,21,'2017-08-01'),(586417257098248192,586417257073082368,1,11,'2017-08-01'),(586417257106636800,586417257073082368,0,12,'2017-08-01'),(586417257106636801,586417257073082368,0,13,'2017-08-01'),(586417257110831104,586417257073082368,0,14,'2017-08-01'),(586417257115025408,586417257073082368,0,15,'2017-08-01'),(586417546073210880,586417546052239360,1,11,'2017-08-01'),(586417546077405184,586417546052239360,0,12,'2017-08-01'),(586417546077405185,586417546052239360,0,13,'2017-08-01'),(586417546081599488,586417546052239360,0,14,'2017-08-01'),(586417546081599489,586417546052239360,0,15,'2017-08-01'),(586417877314174976,586417877293203456,1,11,'2017-08-01'),(586417877318369280,586417877293203456,0,12,'2017-08-01'),(586417877318369281,586417877293203456,0,13,'2017-08-01'),(586417877322563584,586417877293203456,0,14,'2017-08-01'),(586417877322563585,586417877293203456,0,15,'2017-08-01'),(586418160278700032,586418160253534208,1,11,'2017-08-01'),(586418160282894336,586418160253534208,0,12,'2017-08-01'),(586418160651993088,586418160253534208,0,13,'2017-08-01'),(586418160651993089,586418160253534208,0,14,'2017-08-01'),(586418160656187392,586418160253534208,0,15,'2017-08-01'),(586420148081000448,586420148055834624,1,16,'2017-08-01'),(586420148085194752,586420148055834624,0,17,'2017-08-01'),(586420148089389056,586420148055834624,0,18,'2017-08-01'),(586420148089389057,586420148055834624,0,19,'2017-08-01'),(586420148093583360,586420148055834624,0,20,'2017-08-01'),(586420148093583361,586420148055834624,0,21,'2017-08-01'),(587432074865016832,587432074844045312,1,11,'2017-08-04'),(587432074869211136,587432074844045312,0,12,'2017-08-04'),(587432074869211137,587432074844045312,0,13,'2017-08-04'),(587432074873405440,587432074844045312,0,14,'2017-08-04'),(587432074877599744,587432074844045312,0,15,'2017-08-04'),(587437974950510592,587437974942121984,1,11,'2017-08-04'),(587437974954704896,587437974942121984,0,12,'2017-08-04'),(587437974958899200,587437974942121984,0,13,'2017-08-04'),(587437974958899201,587437974942121984,0,14,'2017-08-04'),(587437974958899202,587437974942121984,0,15,'2017-08-04'),(588907949133398016,588907949120815104,1,11,'2017-08-08'),(588907949137592320,588907949120815104,0,12,'2017-08-08'),(588907949137592321,588907949120815104,0,13,'2017-08-08'),(588907949141786624,588907949120815104,0,14,'2017-08-08'),(588907949141786625,588907949120815104,0,15,'2017-08-08'),(588911282602639360,588911282585862144,1,11,'2017-08-08'),(588911282602639361,588911282585862144,0,12,'2017-08-08'),(588911282606833664,588911282585862144,0,13,'2017-08-08'),(588911282606833665,588911282585862144,0,14,'2017-08-08'),(588911282611027968,588911282585862144,0,15,'2017-08-08'),(588911282611027969,588911282585862144,0,16,'2017-08-08'),(588911282611027970,588911282585862144,0,17,'2017-08-08'),(588911282615222272,588911282585862144,0,18,'2017-08-08'),(588911282615222273,588911282585862144,0,19,'2017-08-08'),(588911282619416576,588911282585862144,0,20,'2017-08-08'),(588911282619416577,588911282585862144,0,21,'2017-08-08'),(591803004642918400,591803004630335488,0,16,'2017-08-16'),(591803004647112704,591803004630335488,0,17,'2017-08-16'),(591803004647112705,591803004630335488,0,18,'2017-08-16'),(591803004651307008,591803004630335488,0,19,'2017-08-16'),(591803004651307009,591803004630335488,0,20,'2017-08-16'),(591803004651307010,591803004630335488,0,21,'2017-08-16'),(591806838912057344,591806838907863040,1,16,'2017-08-16'),(591806838916251648,591806838907863040,0,17,'2017-08-16'),(591806838920445952,591806838907863040,0,18,'2017-08-16'),(591806838920445953,591806838907863040,0,19,'2017-08-16'),(591806838924640256,591806838907863040,0,20,'2017-08-16'),(591806838924640257,591806838907863040,0,21,'2017-08-16'),(591811417208782848,591811417196199936,0,11,'2017-08-16'),(591811417212977152,591811417196199936,0,12,'2017-08-16'),(591811417212977153,591811417196199936,0,13,'2017-08-16'),(591811417217171456,591811417196199936,0,14,'2017-08-16'),(591811417217171457,591811417196199936,0,15,'2017-08-16'),(591814115203219456,591814115190636544,0,16,'2017-08-16'),(591814115207413760,591814115190636544,0,17,'2017-08-16'),(591814115211608064,591814115190636544,0,18,'2017-08-16'),(591814115211608065,591814115190636544,0,19,'2017-08-16'),(591814115211608066,591814115190636544,0,20,'2017-08-16'),(591814115215802368,591814115190636544,0,21,'2017-08-16'),(591885446494027776,591885446485639168,1,11,'2017-08-16'),(591885446498222080,591885446485639168,0,12,'2017-08-16'),(591885446498222081,591885446485639168,0,13,'2017-08-16'),(591885446498222082,591885446485639168,0,14,'2017-08-16'),(591885446502416384,591885446485639168,0,15,'2017-08-16'),(591885446502416385,591885446485639168,0,16,'2017-08-16'),(591885446502416386,591885446485639168,0,17,'2017-08-16'),(591885446502416387,591885446485639168,0,18,'2017-08-16'),(591885446506610688,591885446485639168,0,19,'2017-08-16'),(591885446506610689,591885446485639168,0,20,'2017-08-16'),(591885446506610690,591885446485639168,0,21,'2017-08-16'),(592633002698211328,592633002677239808,1,11,'2017-08-18'),(592633002702405632,592633002677239808,0,12,'2017-08-18'),(592633002702405633,592633002677239808,0,13,'2017-08-18'),(592633002706599936,592633002677239808,0,14,'2017-08-18'),(592633002706599937,592633002677239808,0,15,'2017-08-18'),(592635755042439168,592635755029856256,1,11,'2017-08-18'),(592635755046633472,592635755029856256,0,12,'2017-08-18'),(592635755046633473,592635755029856256,0,13,'2017-08-18'),(592635755046633474,592635755029856256,0,14,'2017-08-18'),(592635755050827776,592635755029856256,0,15,'2017-08-18'),(592636315460173824,592636315443396608,1,11,'2017-08-18'),(592636315464368128,592636315443396608,0,12,'2017-08-18'),(592636315464368129,592636315443396608,0,13,'2017-08-18'),(592636315468562432,592636315443396608,0,14,'2017-08-18'),(592636315468562433,592636315443396608,0,15,'2017-08-18'),(593753147294351360,593753147285962752,1,11,'2017-08-21'),(593753147298545664,593753147285962752,0,12,'2017-08-21'),(593753147302739968,593753147285962752,0,13,'2017-08-21'),(593753147302739969,593753147285962752,0,14,'2017-08-21'),(593753147306934272,593753147285962752,0,15,'2017-08-21'),(593753597997481984,593753597993287680,0,16,'2017-08-21'),(593753598001676288,593753597993287680,0,17,'2017-08-21'),(593753598005870592,593753597993287680,0,18,'2017-08-21'),(593753598005870593,593753597993287680,0,19,'2017-08-21'),(593753598005870594,593753597993287680,0,20,'2017-08-21'),(593753598010064896,593753597993287680,0,21,'2017-08-21'),(594027737128108032,594027737115525120,0,11,'2017-08-22'),(594027737132302336,594027737115525120,0,12,'2017-08-22'),(594027737132302337,594027737115525120,0,13,'2017-08-22'),(594027737136496640,594027737115525120,0,14,'2017-08-22'),(594027737136496641,594027737115525120,0,15,'2017-08-22'),(594028553415163904,594028553389998080,1,11,'2017-08-22'),(594028553419358208,594028553389998080,0,12,'2017-08-22'),(594028553419358209,594028553389998080,0,13,'2017-08-22'),(594028553423552512,594028553389998080,0,14,'2017-08-22'),(594028553423552513,594028553389998080,0,15,'2017-08-22'),(594347554779430912,594347554766848000,0,11,'2017-08-23'),(594347554783625216,594347554766848000,0,12,'2017-08-23'),(594347554783625217,594347554766848000,0,13,'2017-08-23'),(594347554783625218,594347554766848000,0,14,'2017-08-23'),(594347554787819520,594347554766848000,0,15,'2017-08-23'),(594347554792013824,594347554766848000,0,16,'2017-08-23'),(594347554796208128,594347554766848000,0,17,'2017-08-23'),(594347554796208129,594347554766848000,0,18,'2017-08-23'),(594347554796208130,594347554766848000,0,19,'2017-08-23'),(594347554800402432,594347554766848000,0,20,'2017-08-23'),(594347554800402433,594347554766848000,0,21,'2017-08-23'),(598786779226570752,598786779209793536,0,11,'2017-09-04'),(598786779226570753,598786779209793536,0,12,'2017-09-04'),(598786779230765056,598786779209793536,0,13,'2017-09-04'),(598786779230765057,598786779209793536,0,14,'2017-09-04'),(598786779230765058,598786779209793536,0,15,'2017-09-04'),(598800735718604800,598800735714410496,0,11,'2017-09-04'),(598800735722799104,598800735714410496,0,12,'2017-09-04'),(598800735722799105,598800735714410496,0,13,'2017-09-04'),(598800735726993408,598800735714410496,0,14,'2017-09-04'),(598800735726993409,598800735714410496,0,15,'2017-09-04'),(598800735731187712,598800735714410496,0,16,'2017-09-04'),(598800735731187713,598800735714410496,0,17,'2017-09-04'),(598800735731187714,598800735714410496,0,18,'2017-09-04'),(598800735731187715,598800735714410496,0,19,'2017-09-04'),(598800735735382016,598800735714410496,0,20,'2017-09-04'),(598800735735382017,598800735714410496,0,21,'2017-09-04'),(599062254939275264,599062254926692352,1,11,'2017-09-05'),(599062254943469568,599062254926692352,0,12,'2017-09-05'),(599062254943469569,599062254926692352,0,13,'2017-09-05'),(599062254947663872,599062254926692352,0,14,'2017-09-05'),(599062254947663873,599062254926692352,0,15,'2017-09-05'),(599134641781211136,599134641764433920,0,11,'2017-09-05'),(599134641785405440,599134641764433920,0,12,'2017-09-05'),(599134641785405441,599134641764433920,0,13,'2017-09-05'),(599134641785405442,599134641764433920,0,14,'2017-09-05'),(599134641789599744,599134641764433920,0,15,'2017-09-05'),(599415952374759424,599415952357982208,0,11,'2017-09-06'),(599415952374759425,599415952357982208,0,12,'2017-09-06'),(599415952374759426,599415952357982208,0,13,'2017-09-06'),(599415952378953728,599415952357982208,0,14,'2017-09-06'),(599415952378953729,599415952357982208,0,15,'2017-09-06'),(599420174835122176,599420174822539264,0,11,'2017-09-06'),(599420174839316480,599420174822539264,0,12,'2017-09-06'),(599420174839316481,599420174822539264,0,13,'2017-09-06'),(599420174839316482,599420174822539264,0,14,'2017-09-06'),(599420174843510784,599420174822539264,0,15,'2017-09-06'),(599422296943230976,599422296930648064,0,11,'2017-09-06'),(599422296947425280,599422296930648064,0,12,'2017-09-06'),(599422296947425281,599422296930648064,0,13,'2017-09-06'),(599422296947425282,599422296930648064,0,14,'2017-09-06'),(599422296951619584,599422296930648064,0,15,'2017-09-06'),(599422296951619585,599422296930648064,0,16,'2017-09-06'),(599422296951619586,599422296930648064,0,17,'2017-09-06'),(599422296955813888,599422296930648064,0,18,'2017-09-06'),(599422296955813889,599422296930648064,0,19,'2017-09-06'),(599422296955813890,599422296930648064,0,20,'2017-09-06'),(599422296955813891,599422296930648064,0,21,'2017-09-06'),(599423800429248512,599423800416665600,0,11,'2017-09-06'),(599423800433442816,599423800416665600,0,12,'2017-09-06'),(599423800433442817,599423800416665600,0,13,'2017-09-06'),(599423800433442818,599423800416665600,0,14,'2017-09-06'),(599423800437637120,599423800416665600,0,15,'2017-09-06'),(599423800437637121,599423800416665600,0,16,'2017-09-06'),(599423800437637122,599423800416665600,0,17,'2017-09-06'),(599423800437637123,599423800416665600,0,18,'2017-09-06'),(599423800441831424,599423800416665600,0,19,'2017-09-06'),(599423800441831425,599423800416665600,0,20,'2017-09-06'),(599423800441831426,599423800416665600,0,21,'2017-09-06'),(599781768135966720,599781768089829376,0,11,'2017-09-07'),(599781768140161024,599781768089829376,0,12,'2017-09-07'),(599781768140161025,599781768089829376,0,13,'2017-09-07'),(599781768140161026,599781768089829376,0,14,'2017-09-07'),(599781768144355328,599781768089829376,0,15,'2017-09-07'),(600156398277361664,600156398256390144,0,11,'2017-09-08'),(600156398281555968,600156398256390144,0,12,'2017-09-08'),(600156398281555969,600156398256390144,0,13,'2017-09-08'),(600156398281555970,600156398256390144,0,14,'2017-09-08'),(600156398285750272,600156398256390144,0,15,'2017-09-08'),(600190258826444800,600190258818056192,1,11,'2017-09-08'),(600190258826444801,600190258818056192,0,12,'2017-09-08'),(600190258830639104,600190258818056192,0,13,'2017-09-08'),(600190258830639105,600190258818056192,0,14,'2017-09-08'),(600190258830639106,600190258818056192,0,15,'2017-09-08'),(600192268376211456,600192268367822848,0,11,'2017-09-08'),(600192268376211457,600192268367822848,0,12,'2017-09-08'),(600192268376211458,600192268367822848,0,13,'2017-09-08'),(600192268376211459,600192268367822848,0,14,'2017-09-08'),(600192268380405760,600192268367822848,0,15,'2017-09-08'),(600192489571221504,600192489558638592,0,11,'2017-09-08'),(600192489571221505,600192489558638592,0,12,'2017-09-08'),(600192489575415808,600192489558638592,0,13,'2017-09-08'),(600192489575415809,600192489558638592,0,14,'2017-09-08'),(600192489575415810,600192489558638592,0,15,'2017-09-08'),(600192846737178624,600192846724595712,0,11,'2017-09-08'),(600192846741372928,600192846724595712,0,12,'2017-09-08'),(600192846741372929,600192846724595712,0,13,'2017-09-08'),(600192846741372930,600192846724595712,0,14,'2017-09-08'),(600192846745567232,600192846724595712,0,15,'2017-09-08'),(600205332987248640,600205332978860032,0,11,'2017-09-08'),(600205332991442944,600205332978860032,0,12,'2017-09-08'),(600205332991442945,600205332978860032,0,13,'2017-09-08'),(600205332995637248,600205332978860032,0,14,'2017-09-08'),(600205332995637249,600205332978860032,0,15,'2017-09-08'),(600206812494430208,600206812486041600,0,11,'2017-09-08'),(600206812494430209,600206812486041600,0,12,'2017-09-08'),(600206812498624512,600206812486041600,0,13,'2017-09-08'),(600206812498624513,600206812486041600,0,14,'2017-09-08'),(600206812498624514,600206812486041600,0,15,'2017-09-08'),(600234609573101568,600234609568907264,1,11,'2017-09-08'),(600234609577295872,600234609568907264,0,12,'2017-09-08'),(600234609581490176,600234609568907264,0,13,'2017-09-08'),(600234609581490177,600234609568907264,0,14,'2017-09-08'),(600234609581490178,600234609568907264,0,15,'2017-09-08'),(600241126552633344,600241126544244736,0,11,'2017-09-08'),(600241126552633345,600241126544244736,0,12,'2017-09-08'),(600241126556827648,600241126544244736,0,13,'2017-09-08'),(600241126556827649,600241126544244736,0,14,'2017-09-08'),(600241126556827650,600241126544244736,0,15,'2017-09-08'),(600244181692055552,600244181679472640,1,11,'2017-09-08'),(600244181696249856,600244181679472640,0,12,'2017-09-08'),(600244181696249857,600244181679472640,0,13,'2017-09-08'),(600244181696249858,600244181679472640,0,14,'2017-09-08'),(600244181700444160,600244181679472640,0,15,'2017-09-08'),(600244353713045504,600244353696268288,0,11,'2017-09-08'),(600244353713045505,600244353696268288,0,12,'2017-09-08'),(600244353713045506,600244353696268288,0,13,'2017-09-08'),(600244353717239808,600244353696268288,0,14,'2017-09-08'),(600244353717239809,600244353696268288,0,15,'2017-09-08'),(600245564767993856,600245564759605248,0,11,'2017-09-08'),(600245564772188160,600245564759605248,0,12,'2017-09-08'),(600245564772188161,600245564759605248,0,13,'2017-09-08'),(600245564772188162,600245564759605248,0,14,'2017-09-08'),(600245564776382464,600245564759605248,0,15,'2017-09-08'),(600245911645323264,600245911636934656,0,11,'2017-09-08'),(600245911645323265,600245911636934656,0,12,'2017-09-08'),(600245911649517568,600245911636934656,0,13,'2017-09-08'),(600245911649517569,600245911636934656,0,14,'2017-09-08'),(600245911653711872,600245911636934656,0,15,'2017-09-08'),(600246369738817536,600246369726234624,0,11,'2017-09-08'),(600246369738817537,600246369726234624,0,12,'2017-09-08'),(600246369743011840,600246369726234624,0,13,'2017-09-08'),(600246369743011841,600246369726234624,0,14,'2017-09-08'),(600246369747206144,600246369726234624,0,15,'2017-09-08'),(600246498935963648,600246498927575040,0,11,'2017-09-08'),(600246498935963649,600246498927575040,0,12,'2017-09-08'),(600246498940157952,600246498927575040,0,13,'2017-09-08'),(600246498940157953,600246498927575040,0,14,'2017-09-08'),(600246498940157954,600246498927575040,0,15,'2017-09-08'),(600246826515300352,600246826506911744,0,11,'2017-09-08'),(600246826519494656,600246826506911744,0,12,'2017-09-08'),(600246826519494657,600246826506911744,0,13,'2017-09-08'),(600246826523688960,600246826506911744,0,14,'2017-09-08'),(600246826523688961,600246826506911744,0,15,'2017-09-08'),(600247011916120064,600247011907731456,0,11,'2017-09-08'),(600247011920314368,600247011907731456,0,12,'2017-09-08'),(600247011920314369,600247011907731456,0,13,'2017-09-08'),(600247011920314370,600247011907731456,0,14,'2017-09-08'),(600247011924508672,600247011907731456,0,15,'2017-09-08'),(600247129352437760,600247129344049152,0,11,'2017-09-08'),(600247129356632064,600247129344049152,0,12,'2017-09-08'),(600247129356632065,600247129344049152,0,13,'2017-09-08'),(600247129360826368,600247129344049152,0,14,'2017-09-08'),(600247129360826369,600247129344049152,0,15,'2017-09-08'),(600247811493068800,600247811480485888,0,11,'2017-09-08'),(600247811497263104,600247811480485888,0,12,'2017-09-08'),(600247811497263105,600247811480485888,0,13,'2017-09-08'),(600247811501457408,600247811480485888,0,14,'2017-09-08'),(600247811501457409,600247811480485888,0,15,'2017-09-08'),(600251581815848960,600251581803266048,0,11,'2017-09-08'),(600251581820043264,600251581803266048,0,12,'2017-09-08'),(600251581820043265,600251581803266048,0,13,'2017-09-08'),(600251581820043266,600251581803266048,0,14,'2017-09-08'),(600251581820043267,600251581803266048,0,15,'2017-09-08'),(601215952150855680,601215952121495552,1,11,'2017-09-11'),(601215952150855681,601215952121495552,0,12,'2017-09-11'),(601215952155049984,601215952121495552,0,13,'2017-09-11'),(601215952159244288,601215952121495552,0,14,'2017-09-11'),(601215952159244289,601215952121495552,0,15,'2017-09-11'),(601215952163438592,601215952121495552,0,16,'2017-09-11'),(601215952163438593,601215952121495552,0,17,'2017-09-11'),(601215952167632896,601215952121495552,0,18,'2017-09-11'),(601215952171827200,601215952121495552,0,19,'2017-09-11'),(601215952171827201,601215952121495552,0,20,'2017-09-11'),(601215952176021504,601215952121495552,0,21,'2017-09-11'),(601565836045451264,601565836028674048,0,11,'2017-09-12'),(601565836045451265,601565836028674048,0,12,'2017-09-12'),(601565836045451266,601565836028674048,0,13,'2017-09-12'),(601565836049645568,601565836028674048,0,14,'2017-09-12'),(601565836049645569,601565836028674048,0,15,'2017-09-12'),(601578264045027328,601578264028250112,0,11,'2017-09-12'),(601578264049221632,601578264028250112,0,12,'2017-09-12'),(601578264049221633,601578264028250112,0,13,'2017-09-12'),(601578264049221634,601578264028250112,0,14,'2017-09-12'),(601578264053415936,601578264028250112,0,15,'2017-09-12'),(601590208370049024,601590208344883200,0,11,'2017-09-12'),(601590208374243328,601590208344883200,0,12,'2017-09-12'),(601590208378437632,601590208344883200,0,13,'2017-09-12'),(601590208382631936,601590208344883200,0,14,'2017-09-12'),(601590208382631937,601590208344883200,0,15,'2017-09-12'),(601596823752146944,601596823722786816,0,11,'2017-09-12'),(601596823760535552,601596823722786816,0,12,'2017-09-12'),(601596823764729856,601596823722786816,0,13,'2017-09-12'),(601596823764729857,601596823722786816,0,14,'2017-09-12'),(601596823768924160,601596823722786816,0,15,'2017-09-12'),(601655868412395520,601655868391424000,0,11,'2017-09-12'),(601655868416589824,601655868391424000,0,12,'2017-09-12'),(601655868420784128,601655868391424000,0,13,'2017-09-12'),(601655868420784129,601655868391424000,0,14,'2017-09-12'),(601655868424978432,601655868391424000,0,15,'2017-09-12'),(601656736352305152,601656736310362112,0,11,'2017-09-12'),(601656736356499456,601656736310362112,0,12,'2017-09-12'),(601656736360693760,601656736310362112,0,13,'2017-09-12'),(601656736360693761,601656736310362112,0,14,'2017-09-12'),(601656736364888064,601656736310362112,0,15,'2017-09-12'),(601658134762618880,601658134737453056,0,11,'2017-09-12'),(601658134766813184,601658134737453056,0,12,'2017-09-12'),(601658134766813185,601658134737453056,0,13,'2017-09-12'),(601658134771007488,601658134737453056,0,14,'2017-09-12'),(601658134775201792,601658134737453056,0,15,'2017-09-12');

/*Table structure for table `TJ_TASK_STATISTICS` */

DROP TABLE IF EXISTS `TJ_TASK_STATISTICS`;

CREATE TABLE `TJ_TASK_STATISTICS` (
  `id` bigint(20) NOT NULL COMMENT '本表id',
  `taskId` bigint(20) DEFAULT NULL COMMENT '任务Id(视频，作业，学案)',
  `taskName` varchar(100) DEFAULT NULL COMMENT '任务名称',
  `taskType` tinyint(2) DEFAULT NULL COMMENT '任务类型(1=视频，2=作业，3=学案)',
  `schoolId` bigint(20) DEFAULT NULL COMMENT '学校id',
  `schoolName` varchar(50) DEFAULT NULL COMMENT '学校名',
  `gradeId` bigint(20) DEFAULT NULL COMMENT '班级Id',
  `subjectId` bigint(20) DEFAULT NULL COMMENT '学科Id',
  `teacherId` bigint(20) DEFAULT NULL COMMENT '教师id',
  `teacherName` varchar(50) DEFAULT NULL COMMENT 'j教师名',
  `taskStudentQty` int(11) DEFAULT '0' COMMENT '任务学生数量',
  `finishStudentQty` int(11) DEFAULT '0' COMMENT '完成学生数量',
  `finishRate` double(6,2) DEFAULT '0.00' COMMENT '完成率',
  `firstStudentId` bigint(20) DEFAULT NULL COMMENT '首次完成学生id',
  `firstStudentName` varchar(50) DEFAULT NULL COMMENT '首次完成学生姓名',
  `firstStudentKlass` varchar(50) DEFAULT NULL COMMENT '首次完成学生班级',
  `videoDibbleQty` int(11) DEFAULT '0' COMMENT '视频点播数',
  `videoCommentQty` int(11) DEFAULT '0' COMMENT '视频评论数',
  `preUrl` varchar(200) DEFAULT NULL COMMENT '预览地址',
  `crDate` date DEFAULT NULL COMMENT '当前日期',
  `groupId` bigint(20) DEFAULT NULL COMMENT '班群id(帖子字段)',
  PRIMARY KEY (`id`)
) ENGINE=InnoDB DEFAULT CHARSET=utf8 COMMENT='学习任务统计';

/*Data for the table `TJ_TASK_STATISTICS` */

insert  into `TJ_TASK_STATISTICS`(`id`,`taskId`,`taskName`,`taskType`,`schoolId`,`schoolName`,`gradeId`,`subjectId`,`teacherId`,`teacherName`,`taskStudentQty`,`finishStudentQty`,`finishRate`,`firstStudentId`,`firstStudentName`,`firstStudentKlass`,`videoDibbleQty`,`videoCommentQty`,`preUrl`,`crDate`,`groupId`) values (502394158577614848,502394158263042048,'爱打哈的',1,1,'北京第一中学',3,21,5,'顾春红',11,0,NULL,NULL,NULL,NULL,5,0,'502394079452069888&listenUrl=5fd714ac326ef1279a4c96df44a355b4_5','2016-12-12',NULL),(502394456394170368,502394456125734912,'市房管局和石帆',1,1,'北京第一中学',3,21,5,'顾春红',11,0,NULL,NULL,NULL,NULL,2,0,'502394346570514432&listenUrl=5fd714ac326c412e05f38a52b03c09b5_5','2016-12-12',NULL),(502394917616615424,502394917172019200,'adf ',1,1,'北京第一中学',3,21,5,'顾春红',11,0,NULL,NULL,NULL,NULL,24,0,'502394692579622912&listenUrl=5fd714ac3248dc7f147ca4d332e82e22_5','2016-12-12',NULL),(502395445012594688,502395444727382016,'哈德发哈',1,1,'北京第一中学',3,21,5,'顾春红',11,0,NULL,NULL,NULL,NULL,0,0,'502395336174600192&listenUrl=5fd714ac32276381d1e5b7285a101d98_5','2016-12-12',NULL),(502395787922112512,502395787657871360,'答复哈德发',1,1,'北京第一中学',3,21,5,'顾春红',11,1,9.09,11,'任硕','高一(1)班',4,0,'502395724072222720&listenUrl=5fd714ac3288ac735e29c033ec63f709_5','2016-12-12',NULL),(502396304362569728,502396304106717184,'安顿好',1,1,'北京第一中学',3,21,5,'顾春红',11,2,18.18,11,'任硕','高一(1)班',2,0,'502396242639192064&listenUrl=5fd714ac32b04d27f267b0c0e1216e99_5','2016-12-12',NULL),(502396704339787776,502396704046186496,'和骨灰盒给',1,1,'北京第一中学',3,21,5,'顾春红',11,1,9.09,20,'王丹','高一(2)班',1,0,'502396631400841216&listenUrl=5fd714ac32fb5705dc7cf851785de9eb_5','2016-12-12',NULL),(502396945713594368,502396945445158912,'adhadf',1,1,'北京第一中学',3,21,5,'顾春红',11,1,9.09,20,'王丹','高一(2)班',5,0,'502396887379214336&listenUrl=5fd714ac32308ce46ef64cbb4ba1cdd4_5','2016-12-12',NULL),(502397282411347968,502397282067415040,'adfhdf',1,1,'北京第一中学',3,22,5,'顾春红',11,1,NULL,NULL,NULL,NULL,0,0,'502397232931143680&listenUrl=5fd714ac3210bea459e1ae8398c657e5_5','2016-12-12',NULL),(502397609789358080,502397609260875776,'adfhadfh',1,1,'北京第一中学',3,21,5,'顾春红',11,1,9.09,20,'王丹','高一(2)班',4,1,'502397542760185856&listenUrl=5fd714ac3287d5fefaf3e48ca4b15994_5','2016-12-12',NULL),(502397983854166016,502397983535398912,'打个哈德发和',1,1,'北京第一中学',3,22,5,'顾春红',11,5,NULL,NULL,NULL,NULL,1,0,'502397926136348672&listenUrl=5fd714ac329c7d7c45e9892b7e468507_5','2016-12-12',NULL),(502398201739870208,502398201442074624,'高合金钢',1,1,'北京第一中学',3,22,5,'顾春红',11,4,NULL,NULL,NULL,NULL,0,0,'502398146853208064&listenUrl=5fd714ac3244012244356d1bf297afc4_5','2016-12-12',NULL),(502398433194147840,502398432917323776,'个就干活就',1,1,'北京第一中学',3,23,5,'顾春红',11,0,NULL,NULL,NULL,NULL,0,0,'502398365653270528&listenUrl=5fd714ac329d5212e62b34d75899e91d_5','2016-12-12',NULL),(502398495987073024,502398495685083136,'让他火凤凰',1,1,'北京第一中学',3,23,5,'顾春红',11,0,NULL,NULL,NULL,NULL,0,0,'502398365653270528&listenUrl=5fd714ac32fa519112fa887f87e05b9b_5','2016-12-12',NULL),(502398814414438400,502398814158585856,'大法好',1,1,'北京第一中学',3,23,5,'顾春红',11,0,NULL,NULL,NULL,NULL,1,0,'502398745200033792&listenUrl=5fd714ac32cefa5563c56744115e346e_5','2016-12-12',NULL),(502399018668654592,502399018379247616,'他房间还让他',1,1,'北京第一中学',3,23,5,'顾春红',11,0,NULL,NULL,NULL,NULL,0,0,'502398954365779968&listenUrl=5fd714ac3235f959244e9e5e425c344e_5','2016-12-12',NULL),(502408686132527104,502408685851508736,'1212数学作业',2,1,'北京第一中学',3,22,5,'顾春红',11,1,9.09,11,'任硕','高一(1)班',NULL,NULL,NULL,'2016-12-12',NULL),(503017394910789632,503017394659131392,'嘎多噶',1,1,'北京第一中学',NULL,NULL,5,'顾春红',11,0,NULL,NULL,NULL,NULL,0,0,'502380648334360576&listenUrl=5fd714ac32106d6c15e73aafd5fe29bd_5','2016-12-14',NULL),(503020553754378240,503020553540468736,'啊嘎嘎',1,1,'北京第一中学',3,21,5,'顾春红',11,0,NULL,NULL,NULL,NULL,3,0,'503020185192497152&listenUrl=5fd714ac32bb2358ac5d4e3b83bf61f0_5','2016-12-14',NULL),(503871828029079552,503871827613843456,'vko 架构',3,1,'北京第一中学',3,25,5,'顾春红',5,0,NULL,NULL,NULL,NULL,NULL,NULL,'http://edu.bjhd.gov.cn/up/mooc/5GRCrivuha6nNZNVG4V3hi.swf','2016-12-16',NULL),(504626824022589440,504626823783514112,'wuli',2,1,'北京第一中学',3,24,5,'顾春红',5,1,20.00,11,'任硕','高一(1)班',NULL,NULL,NULL,'2016-12-18',NULL),(504628212031029248,504628211758399488,'哈喽',4,1,'北京第一中学',3,NULL,5,'顾春红',5,0,NULL,NULL,NULL,NULL,NULL,NULL,NULL,'2016-12-18',0),(504630398177771520,504630397968056320,'圣诞节',4,1,'北京第一中学',3,NULL,5,'顾春红',6,0,NULL,NULL,NULL,NULL,NULL,NULL,NULL,'2016-12-18',1),(504635792216293376,504635791981412352,'人之初，性本善',4,1,'北京第一中学',3,NULL,5,'顾春红',5,0,NULL,NULL,NULL,NULL,NULL,NULL,NULL,'2016-12-18',0),(504887305631170560,504887305438232576,'克测',1,1,'北京第一中学',3,21,5,'顾春红',11,0,NULL,NULL,NULL,NULL,6,1,'502380960172474368&listenUrl=5fd714ac32c9e9cd40e8a72bce821138_5','2016-12-19',NULL),(504915939997777920,504915937674133504,'动动校园手机客户端接口设计规范',3,1,'北京第一中学',3,27,5,'顾春红',5,0,NULL,NULL,NULL,NULL,NULL,NULL,'http://edu.bjhd.gov.cn/up/mooc/GK8qMDcDxLdpEHqhbNNRUK.swf','2016-12-19',NULL),(504922447837921280,504922447347187712,'动动校园手机客户端接口设计规范',3,1,'北京第一中学',3,21,5,'顾春红',5,0,NULL,NULL,NULL,NULL,NULL,NULL,'http://edu.bjhd.gov.cn/up/mooc/APMhFZiCHokJfEwMk8J9h5.swf','2016-12-19',NULL),(504935105672773632,504935105123319808,'动动校园手机客户端接口设计规范',3,1,'北京第一中学',3,22,5,'顾春红',5,0,NULL,NULL,NULL,NULL,NULL,NULL,'http://edu.bjhd.gov.cn/up/mooc/8gajhSGHDPs1jwNhhQdqMD.swf','2016-12-19',NULL),(504936083310510080,504936082912051200,'智慧校园平台功能需求',3,1,'北京第一中学',3,22,5,'顾春红',5,0,NULL,NULL,NULL,NULL,NULL,NULL,'http://edu.bjhd.gov.cn/up/mooc/78dStmyk3LZLoKHSBCmH2x.swf','2016-12-19',NULL),(504936135215022080,504936134724288512,'智慧校园平台功能需求',3,1,'北京第一中学',3,22,5,'顾春红',5,0,NULL,NULL,NULL,NULL,NULL,NULL,'http://edu.bjhd.gov.cn/up/mooc/5MTdD8YLVJ3a5KzSQeD4ci.swf','2016-12-19',NULL),(504936558449655808,504936557749207040,'加班',3,1,'北京第一中学',3,22,5,'顾春红',5,0,NULL,NULL,NULL,NULL,NULL,NULL,'http://edu.bjhd.gov.cn/up/mooc/KKka9ZmxQEDDa4whgoqnFg.swf','2016-12-19',NULL),(504936884296744960,504936883663405056,'云课堂产品需求文档 - 后台',3,1,'北京第一中学',3,24,5,'顾春红',5,1,20.00,11,'任硕','高一(1)班',NULL,NULL,'http://edu.bjhd.gov.cn/up/mooc/4zowTHX98xq74zACKpoQBm.swf','2016-12-19',NULL),(505242393268715520,505242393017057280,'(人教版)六年级英语上册教案 Fun Time1 part3',3,1,'北京第一中学',3,23,5,'顾春红',5,1,20.00,11,'任硕','高一(1)班',NULL,NULL,'http://edu.bjhd.gov.cn/up/mooc/LZDikKCQsypx2GWe26S2gE.swf','2016-12-20',NULL),(505242631551320064,505242631198998528,'(人教版)六年级英语上册教案 Unit 2 lesson7',3,1,'北京第一中学',3,23,5,'顾春红',5,0,NULL,NULL,NULL,NULL,NULL,NULL,'http://edu.bjhd.gov.cn/up/mooc/AUupTN7D5ZfdvQ1uabr2xJ.swf','2016-12-20',NULL),(505248301612793856,505248301075922944,'六年级英语上册课件 Fun Time2(2)',3,1,'北京第一中学',3,23,5,'顾春红',5,1,20.00,11,'任硕','高一(1)班',NULL,NULL,'http://edu.bjhd.gov.cn/up/mooc/7NoSrvY2czGCDi1Pzj4g69.swf','2016-12-20',NULL),(505248520626765824,505248520400273408,'第1课时 统一长度单位',3,1,'北京第一中学',3,22,5,'顾春红',6,0,NULL,NULL,NULL,NULL,NULL,NULL,'http://edu.bjhd.gov.cn/up/mooc/3W3kQ7scSxwy2j2Dj8TW5s.swf','2016-12-20',NULL),(505248691666288640,505248691456573440,'人教版新课标二年级体育下册计划及教案',3,1,'北京第一中学',3,21,5,'顾春红',6,0,NULL,NULL,NULL,NULL,NULL,NULL,'http://edu.bjhd.gov.cn/up/mooc/AmDuZ1CVPngcJuio2fBb3L.swf','2016-12-20',NULL),(505547329302953984,505547329072267264,'学习',1,1,'北京第一中学',3,21,5,'顾春红',11,1,9.09,11,'任硕','高一(1)班',1,0,'502380960172474368&listenUrl=5fd714ac32843dbf7d35364e9ec1589d_5','2016-12-21',NULL),(505562329685950464,505562329434292224,'六年级英语上册课件 Unit 2 lesson7',3,1,'北京第一中学',3,23,5,'顾春红',6,0,NULL,NULL,NULL,NULL,NULL,NULL,'http://edu.bjhd.gov.cn/up/mooc/37XvUSL2JmWwDACofFyZTx.swf','2016-12-21',NULL),(505964381402562560,505964381247373312,'9观察物体',3,1,'北京第一中学',3,22,5,'顾春红',5,1,20.00,11,'任硕','高一(1)班',NULL,NULL,'http://edu.bjhd.gov.cn/up/mooc/33QJKH2iV7z14cyZx9wQLQ.swf','2016-12-22',NULL),(505990120688582656,505990120344649728,'9表内乘法',3,1,'北京第一中学',3,22,5,'顾春红',5,1,20.00,11,'任硕','高一(1)班',NULL,NULL,'http://edu.bjhd.gov.cn/up/mooc/AUt98aS6txjsBvaLtwMD1k.swf','2016-12-22',NULL),(505992360874737664,505992360346255360,'用数学—简单的乘法应用题',3,1,'北京第一中学',3,22,5,'顾春红',5,1,20.00,11,'任硕','高一(1)班',NULL,NULL,'http://edu.bjhd.gov.cn/up/mooc/8ePKVWgBpLRfEejT1c1wVM.swf','2016-12-22',NULL),(505992397981745152,505992397755252736,'9角的认识和时间的认识',3,1,'北京第一中学',3,22,5,'顾春红',5,0,NULL,NULL,NULL,NULL,NULL,NULL,'http://edu.bjhd.gov.cn/up/mooc/28Fs6ctPAncg2iAe2KhyH9.swf','2016-12-22',NULL),(505992430709899264,505992430537932800,'9百以内的加法和减法',3,1,'北京第一中学',3,22,5,'顾春红',5,0,NULL,NULL,NULL,NULL,NULL,NULL,'http://edu.bjhd.gov.cn/up/mooc/SAwwEcSVm7FjbKsaSyfsTM.swf','2016-12-22',NULL),(505992485563006976,505992485378457600,'8排列问题',3,1,'北京第一中学',3,22,5,'顾春红',6,1,16.67,20,'王丹','高一(2)班',NULL,NULL,'http://edu.bjhd.gov.cn/up/mooc/Rhsi7dNYJoHzkkNe2EncqN.swf','2016-12-22',NULL),(505992539396898816,505992539237515264,'7解决问题',3,1,'北京第一中学',3,22,5,'顾春红',6,0,NULL,NULL,NULL,NULL,NULL,NULL,'http://edu.bjhd.gov.cn/up/mooc/9fc4Pnh7TRmcFYvEWbrWiC.swf','2016-12-22',NULL),(505992635316436992,505992635077361664,'倒数的认识1',3,1,'北京第一中学',3,22,5,'顾春红',6,0,NULL,NULL,NULL,NULL,NULL,NULL,'http://edu.bjhd.gov.cn/up/mooc/EQgfWdU3LNqWDT5s3jnbQu.swf','2016-12-22',NULL),(505992772134633472,505992771962667008,'综合复习1《养花》课件',3,1,'北京第一中学',3,21,5,'顾春红',5,1,20.00,11,'任硕','高一(1)班',NULL,NULL,'http://edu.bjhd.gov.cn/up/mooc/14hu891uiNHfwkLXy6qt2K.swf','2016-12-22',NULL),(505992830989107200,505992830125080576,'古诗词背诵2鸟鸣涧',3,1,'北京第一中学',3,21,5,'顾春红',5,0,NULL,NULL,NULL,NULL,NULL,NULL,'http://edu.bjhd.gov.cn/up/mooc/FuidSZBK1rbvja1QRp72AB.swf','2016-12-22',NULL),(505992898861334528,505992898634842112,'古诗词背诵10卜算子·送鲍浩然之浙东',3,1,'北京第一中学',3,21,5,'顾春红',6,0,NULL,NULL,NULL,NULL,NULL,NULL,'http://edu.bjhd.gov.cn/up/mooc/YGraVBhE4CCfkBnUSkTrfj.swf','2016-12-22',NULL),(505993012766048256,505993012363395072,'1 文言文两则',3,1,'北京第一中学',3,21,5,'顾春红',5,1,20.00,11,'任硕','高一(1)班',NULL,NULL,'http://edu.bjhd.gov.cn/up/mooc/424skz41e2LL9qz5K1YLWK.swf','2016-12-22',NULL),(505993053446602752,505993053220110336,'8 各具特色的民居',3,1,'北京第一中学',3,21,5,'顾春红',6,0,NULL,NULL,NULL,NULL,NULL,NULL,'http://edu.bjhd.gov.cn/up/mooc/EEjpKUKuxxkRQ62VSG1avh.swf','2016-12-22',NULL),(505993133444562944,505993133192904704,'(人教版)五年级英语下册教案 Fun Time1',3,1,'北京第一中学',3,23,5,'顾春红',5,1,20.00,11,'任硕','高一(1)班',NULL,NULL,'http://edu.bjhd.gov.cn/up/mooc/Dv9DwRLxEuLBPHPwuJqmch.swf','2016-12-22',NULL),(505993167783329792,505993167561031680,'(人教版)五年级英语下册教案 Unit 1 Lesson 1(2)',3,1,'北京第一中学',3,23,5,'顾春红',5,2,40.00,12,'李丹','高一(1)班',NULL,NULL,'http://edu.bjhd.gov.cn/up/mooc/VJQUzZY8rAwdDjaqjibc8n.swf','2016-12-22',NULL),(505993235798163456,505993235546505216,'(人教新版)五年级英语下册课件 Unit 1 lesson3',3,1,'北京第一中学',3,23,5,'顾春红',5,1,20.00,11,'任硕','高一(1)班',NULL,NULL,'http://edu.bjhd.gov.cn/up/mooc/5xbvwYeURz63KTHbU95Mmg.swf','2016-12-22',NULL),(505993273567870976,505993273387515904,'(人教新版)五年级英语下册课件 Unit 1 revision',3,1,'北京第一中学',3,23,5,'顾春红',6,1,16.67,20,'王丹','高一(2)班',NULL,NULL,'http://edu.bjhd.gov.cn/up/mooc/6gvaNCZP6XagNEcUedN4Tv.swf','2016-12-22',NULL),(505993393340416000,505993393097146368,'(人教新版)五年级英语下册课件 Unit 1 Revision-2',3,1,'北京第一中学',3,24,5,'顾春红',5,1,20.00,11,'任硕','高一(1)班',NULL,NULL,'http://edu.bjhd.gov.cn/up/mooc/VsjTEpXza8zioUMky1AMzq.swf','2016-12-22',NULL),(584540110612070400,584540110188445696,'新建文本文档 (4)',3,1,'北京第一中学',3,21,9,'桂荣',5,1,20.00,11,'任硕','高一(1)班',NULL,NULL,'http://edu.bjhd.gov.cn/up/mooc/P517jTT4hduLm2kW79ZV94.swf','2017-07-27',NULL),(584626852962762752,584626852451057664,'测试',2,1,'北京第一中学',3,22,9,'桂荣',11,2,18.18,11,'任硕','高一(1)班',NULL,NULL,NULL,'2017-07-27',NULL),(585299336032681984,585299335827161088,'ddddd',4,1,'北京第一中学',3,NULL,11,'任硕',5,1,20.00,11,'任硕','高一(1)班',NULL,NULL,NULL,'2017-07-29',0),(586386768052355072,586386767830056960,'请问一下',4,1,'北京第一中学',3,NULL,9,'桂荣',5,1,20.00,11,'任硕','高一(1)班',NULL,NULL,NULL,'2017-08-01',0),(586388057079414784,586388056773230592,'123',2,1,'北京第一中学',3,24,9,'桂荣',6,0,NULL,NULL,NULL,NULL,NULL,NULL,NULL,'2017-08-01',NULL),(586417257073082368,586417256787869696,'奥术大师大',3,1,'北京第一中学',3,22,5,'顾春红',5,1,20.00,11,'任硕','高一(1)班',NULL,NULL,'http://edu.bjhd.gov.cn/up/mooc/VnA3nfxP5R29zLehAsWgJW.swf','2017-08-01',NULL),(586417546052239360,586417545834135552,'奥术大师大',3,1,'北京第一中学',3,22,5,'顾春红',5,1,20.00,11,'任硕','高一(1)班',NULL,NULL,'http://edu.bjhd.gov.cn/up/mooc/UtA884cjYyzN4ZznruQG9.swf','2017-08-01',NULL),(586417877293203456,586417877016379392,'奥术大师大',3,1,'北京第一中学',3,23,5,'顾春红',5,1,20.00,11,'任硕','高一(1)班',NULL,NULL,'http://edu.bjhd.gov.cn/up/mooc/BBX2Si6cb23SUsZDfwFHzw.swf','2017-08-01',NULL),(586418160253534208,586418160077373440,'奥术大师大',3,1,'北京第一中学',3,23,5,'顾春红',5,1,20.00,11,'任硕','高一(1)班',NULL,NULL,'http://edu.bjhd.gov.cn/up/mooc/AfLMs7ksQACpkr4P5pLkW6.swf','2017-08-01',NULL),(586420148055834624,586420147741261824,'奥术大师大',3,1,'北京第一中学',3,24,5,'顾春红',6,1,16.67,16,'张若华','高一(2)班',NULL,NULL,'http://edu.bjhd.gov.cn/up/mooc/MbvmwuzikNZ664P11zQffV.swf','2017-08-01',NULL),(587432074844045312,587432074625941504,'fdsfds',4,1,'北京第一中学',3,NULL,11,'任硕',5,1,20.00,11,'任硕','高一(1)班',NULL,NULL,NULL,'2017-08-04',0),(587437974942121984,587437974740795392,'数学作业8.4',2,1,'北京第一中学',3,24,5,'顾春红',5,1,20.00,11,'任硕','高一(1)班',NULL,NULL,NULL,'2017-08-04',NULL),(588907949120815104,588907948911099904,'两点间距离直线最短',4,1,'北京第一中学',3,NULL,11,'任硕',5,1,20.00,11,'任硕','高一(1)班',NULL,NULL,NULL,'2017-08-08',0),(588911282585862144,588911282359369728,'第一课程',1,1,'北京第一中学',NULL,NULL,5,'顾春红',11,1,9.09,11,'任硕','高一(1)班',16,7,'588910930155274240&listenUrl=5fd714ac32042bd0a7148b575a765257_5','2017-08-08',NULL),(591803004630335488,591803004257042432,'fdsfds',4,1,'北京第一中学',3,NULL,9,'桂荣',6,0,NULL,NULL,NULL,NULL,NULL,NULL,NULL,'2017-08-16',1),(591806838907863040,591806838685564928,'男男女女',2,1,'北京第一中学',3,22,9,'桂荣',6,1,16.67,16,'张若华','高一(2)班',NULL,NULL,NULL,'2017-08-16',NULL),(591811417196199936,591811416776769536,'八一智慧校园技术方案',3,1,'北京第一中学',3,22,9,'桂荣',5,0,NULL,NULL,NULL,NULL,NULL,NULL,'http://edu.bjhd.gov.cn/up/mooc/SwYhkhKVSGtNZzgR9tMd8K.swf','2017-08-16',NULL),(591814115190636544,591814115027058688,'fds',4,1,'北京第一中学',3,NULL,16,'张若华',6,0,NULL,NULL,NULL,NULL,NULL,NULL,NULL,'2017-08-16',1),(591885446485639168,591885446200426496,'数据结构',1,1,'北京第一中学',3,21,9,'桂荣',11,1,9.09,11,'任硕','高一(1)班',3,1,'591884966485295104&listenUrl=5fd714ac327e1ca0af3d082f2b01448d_5','2017-08-16',NULL),(592633002677239808,592633002438164480,'测试',4,1,'北京第一中学',3,NULL,5,'顾春红',5,1,20.00,11,'任硕','高一(1)班',NULL,NULL,NULL,'2017-08-18',0),(592635755029856256,592635754832723968,'test',4,1,'北京第一中学',3,NULL,5,'顾春红',5,1,20.00,11,'任硕','高一(1)班',NULL,NULL,NULL,'2017-08-18',0),(592636315443396608,592636315229487104,'bug生命周期',3,1,'北京第一中学',3,21,5,'顾春红',5,1,20.00,11,'任硕','高一(1)班',NULL,NULL,'http://edu.bjhd.gov.cn:90/up/mooc/Lxr87qZQnGj9tbxPcfoTjk.swf','2017-08-18',NULL),(593753147285962752,593753146937835520,'测试',2,1,'北京第一中学',3,24,5,'顾春红',5,1,20.00,11,'任硕','高一(1)班',NULL,NULL,NULL,'2017-08-21',NULL),(593753597993287680,593753597737435136,'测试2',2,1,'北京第一中学',3,24,5,'顾春红',6,0,NULL,NULL,NULL,NULL,NULL,NULL,NULL,'2017-08-21',NULL),(594027737115525120,594027736905809920,'1232',4,1,'北京第一中学',3,NULL,6,'房易',5,0,NULL,NULL,NULL,NULL,NULL,NULL,NULL,'2017-08-22',0),(594028553389998080,594028552718909440,'新建 Microsoft Word 文档',3,1,'北京第一中学',3,22,6,'房易',5,1,20.00,11,'任硕','高一(1)班',NULL,NULL,'http://edu.vko.cn:90/up/mooc/GTAvmWJK1ytnDCxTHCty9j.swf','2017-08-22',NULL),(594347554766848000,594347554414526464,'12231',2,1,'北京第一中学',3,24,6,'房易',11,0,NULL,NULL,NULL,NULL,NULL,NULL,NULL,'2017-08-23',NULL),(598786779209793536,598786779046215680,'测试',4,1,'北京第一中学',3,NULL,6,'房易',5,0,NULL,NULL,NULL,NULL,NULL,NULL,NULL,'2017-09-04',0),(598800735714410496,598800735353700352,'测试001',2,1,'北京第一中学',3,24,6,'房易',11,0,NULL,NULL,NULL,NULL,NULL,NULL,NULL,'2017-09-04',NULL),(599062254926692352,599062254620508160,'缺陷报告-停课不停学 ',3,1,'北京第一中学',3,21,5,'顾春红',5,1,20.00,11,'任硕','高一(1)班',NULL,NULL,'http://edu.vko.cn:90/up/mooc/8KL4x7Mgs5PWJe4LVLMg48.swf','2017-09-05',NULL),(599134641764433920,599134641512775680,'工作周报-陈俊杰-20170901',3,1,'北京第一中学',3,21,5,'顾春红',5,0,NULL,NULL,NULL,NULL,NULL,NULL,'http://edu.vko.cn:90/up/mooc/KwmbELR2yUiF323tAo92oL.swf','2017-09-05',NULL),(599415952357982208,599415952072769536,'区人员录入模板',3,1,'北京第一中学',3,21,5,'顾春红',5,0,NULL,NULL,NULL,NULL,NULL,NULL,'http://edu.vko.cn:90/up/mooc/A1hgK5Asfy9hqSXZuc6shj.swf','2017-09-06',NULL),(599420174822539264,599420174562492416,'缺陷报告-停课不停学 ',3,1,'北京第一中学',3,23,5,'顾春红',5,0,NULL,NULL,NULL,NULL,NULL,NULL,'http://edu.vko.cn:90/up/mooc/R5FuBnPMYbe7KDMAx9YHHN.swf','2017-09-06',NULL),(599422296930648064,599422296645435392,'测试课程上传',1,1,'北京第一中学',3,21,5,'顾春红',11,0,NULL,NULL,NULL,NULL,14,0,'502384164473929728&listenUrl=5fd714ac32e8f7780d27f04e9cc2ff79_5','2017-09-06',NULL),(599423800416665600,599423800106287104,'测试课程上传1',1,1,'北京第一中学',3,21,5,'顾春红',11,0,NULL,NULL,NULL,NULL,5,0,'502384164473929728&listenUrl=5fd714ac32fe45046b0692b4d84fdbce_5','2017-09-06',NULL),(599781768089829376,599781767792033792,'学习帖子',4,1,'北京第一中学',3,NULL,5,'顾春红',5,0,NULL,NULL,NULL,NULL,NULL,NULL,NULL,'2017-09-07',0),(600156398256390144,600156397560135680,'考场信息2017-07-25 11-46-50',3,1,'北京第一中学',3,21,5,'顾春红',5,0,NULL,NULL,NULL,NULL,NULL,NULL,'http://edu.vko.cn:90/up/mooc/9h5zPDzmqCtLdXkPV2Mmw3.swf','2017-09-08',NULL),(600190258818056192,600190257660428288,'20170908物理',2,1,'北京第一中学',3,24,5,'顾春红',5,1,20.00,11,'任硕','高一(1)班',NULL,NULL,NULL,'2017-09-08',NULL),(600192268367822848,600192268208439296,'时间大于生命',4,1,'北京第一中学',3,NULL,5,'顾春红',5,0,NULL,NULL,NULL,NULL,NULL,NULL,NULL,'2017-09-08',0),(600192489558638592,600192488862384128,'时间和生命',4,1,'北京第一中学',3,NULL,5,'顾春红',5,0,NULL,NULL,NULL,NULL,NULL,NULL,NULL,'2017-09-08',0),(600192846724595712,600192846561017856,'5',4,1,'北京第一中学',3,NULL,5,'顾春红',5,0,NULL,NULL,NULL,NULL,NULL,NULL,NULL,'2017-09-08',0),(600205332978860032,600205332723007488,'test',4,1,'北京第一中学',3,NULL,5,'顾春红',5,0,NULL,NULL,NULL,NULL,NULL,NULL,NULL,'2017-09-08',0),(600206812486041600,600206812297297920,'投票',4,1,'北京第一中学',3,NULL,5,'顾春红',5,0,NULL,NULL,NULL,NULL,NULL,NULL,NULL,'2017-09-08',0),(600234609568907264,600234608365142016,'aaa',2,1,'北京第一中学',3,24,5,'顾春红',5,1,20.00,11,'任硕','高一(1)班',NULL,NULL,NULL,'2017-09-08',NULL),(600241126544244736,600241126330335232,'werqwerqwe',4,1,'北京第一中学',3,NULL,5,'顾春红',5,0,NULL,NULL,NULL,NULL,NULL,NULL,NULL,'2017-09-08',0),(600244181679472640,600244181494923264,'区人员录入模板',3,1,'北京第一中学',3,23,5,'顾春红',5,1,20.00,11,'任硕','高一(1)班',NULL,NULL,'http://edu.vko.cn:90/up/mooc/96jUF1hjApnf3zWu49da31.swf','2017-09-08',NULL),(600244353696268288,600244353473970176,'JM5604',3,1,'北京第一中学',3,21,5,'顾春红',5,0,NULL,NULL,NULL,NULL,NULL,NULL,'http://edu.vko.cn:90/up/mooc/WoiPJvLVdKasB5gyx758no.swf','2017-09-08',NULL),(600245564759605248,600245564554084352,'asdasdasdasd',4,1,'北京第一中学',3,NULL,5,'顾春红',5,0,NULL,NULL,NULL,NULL,NULL,NULL,NULL,'2017-09-08',0),(600245911636934656,600245911456579584,'sadfasdf',4,1,'北京第一中学',3,NULL,5,'顾春红',5,0,NULL,NULL,NULL,NULL,NULL,NULL,NULL,'2017-09-08',0),(600246369726234624,600246369524908032,'qweqwe',4,1,'北京第一中学',3,NULL,5,'顾春红',5,0,NULL,NULL,NULL,NULL,NULL,NULL,NULL,'2017-09-08',0),(600246498927575040,600246498743025664,'qweqweq',4,1,'北京第一中学',3,NULL,5,'顾春红',5,0,NULL,NULL,NULL,NULL,NULL,NULL,NULL,'2017-09-08',0),(600246826506911744,600246826309779456,'asdfasdfasdf',4,1,'北京第一中学',3,NULL,5,'顾春红',5,0,NULL,NULL,NULL,NULL,NULL,NULL,NULL,'2017-09-08',0),(600247011907731456,600247011718987776,'dasdasdas',4,1,'北京第一中学',3,NULL,5,'顾春红',5,0,NULL,NULL,NULL,NULL,NULL,NULL,NULL,'2017-09-08',0),(600247129344049152,600247129146916864,'asdasda',4,1,'北京第一中学',3,NULL,5,'顾春红',5,0,NULL,NULL,NULL,NULL,NULL,NULL,NULL,'2017-09-08',0),(600247811480485888,600247811111387136,'缺陷报告-停课不停学 ',3,1,'北京第一中学',3,21,5,'顾春红',5,0,NULL,NULL,NULL,NULL,NULL,NULL,'http://edu.vko.cn:90/up/mooc/C7xVrMM8ULxHNpJBtji2MB.swf','2017-09-08',NULL),(600251581803266048,600251581539024896,'上传下载功能点汇总',3,1,'北京第一中学',3,21,5,'顾春红',5,0,NULL,NULL,NULL,NULL,NULL,NULL,'http://edu.vko.cn:90/up/mooc/VP322VdJNTp4iVMrunXaDU.swf','2017-09-08',NULL),(601215952121495552,601215951890808832,'afdsda',1,1,'北京第一中学',3,21,5,'顾春红',11,1,9.09,11,'任硕','高一(1)班',66,1,'502384433635000320&listenUrl=5fd714ac3258d2841bccc2e4b1e51a9f_5','2017-09-11',NULL),(601565836028674048,601565835789598720,'2KR5mui11sVoD3Xv2wcuwC',3,1,'北京第一中学',3,21,5,'顾春红',5,0,NULL,NULL,NULL,NULL,NULL,NULL,'http://edu.vko.cn:90/up/mooc/NZzp7mq2uBiweiT52UTbYF.swf','2017-09-12',NULL),(601578264028250112,601578263730454528,'一期平台BUG记录-杜松华-20170839',3,1,'北京第一中学',3,21,5,'顾春红',5,0,NULL,NULL,NULL,NULL,NULL,NULL,'/up/mooc/Uabx2YerbJbTnW3ZoUMNno.swf','2017-09-12',NULL),(601590208344883200,601590207996755968,'上传下载功能点汇总',3,1,'北京第一中学',3,22,5,'顾春红',5,0,NULL,NULL,NULL,NULL,NULL,NULL,'/up/mooc/7pSwEAfkssJZkZrFzAkUAy.swf','2017-09-12',NULL),(601596823722786816,601596823362076672,'测试',4,1,'北京第一中学',3,NULL,5,'顾春红',5,0,NULL,NULL,NULL,NULL,NULL,NULL,NULL,'2017-09-12',0),(601655868391424000,601655868034908160,'周报',3,1,'北京第一中学',3,21,5,'顾春红',5,0,NULL,NULL,NULL,NULL,NULL,NULL,'http://edu.vko.cn:90/up/mooc/AaHqhi6KrQzada4iQbHcM5.swf','2017-09-12',NULL),(601656736310362112,601656735874154496,'测试账号及地址',3,1,'北京第一中学',3,21,5,'顾春红',5,0,NULL,NULL,NULL,NULL,NULL,NULL,'http://edu.vko.cn:90/up/mooc/PEVEQTQtpSgbcPaTzuJ7UK.swf','2017-09-12',NULL),(601658134737453056,601658134448046080,'新建文本文档',3,1,'北京第一中学',3,21,5,'顾春红',5,0,NULL,NULL,NULL,NULL,NULL,NULL,'http://edu.vko.cn:90/up/mooc/BqsHXUbCSuKMXpFcTfE9Bf.swf','2017-09-12',NULL);

/*Table structure for table `TJ_VIDEO_PLAYBACK_RECORD` */

DROP TABLE IF EXISTS `TJ_VIDEO_PLAYBACK_RECORD`;

CREATE TABLE `TJ_VIDEO_PLAYBACK_RECORD` (
  `id` bigint(20) NOT NULL COMMENT '主键',
  `moocId` bigint(20) DEFAULT NULL COMMENT 'moocid',
  `videoId` bigint(20) DEFAULT NULL COMMENT '视频id',
  `videoName` varchar(50) DEFAULT NULL COMMENT '视频名',
  `cover` varchar(100) DEFAULT NULL COMMENT '视频封面',
  `listenUrl` varchar(100) DEFAULT NULL COMMENT '视频播放地址',
  `speaker` varchar(50) DEFAULT NULL COMMENT '主讲人，视频上传人',
  `userId` bigint(20) DEFAULT NULL COMMENT '观看视频用户Id',
  `crDate` datetime DEFAULT NULL COMMENT '当前日期',
  PRIMARY KEY (`id`),
  KEY `index_tvpr_userId` (`userId`)
) ENGINE=InnoDB DEFAULT CHARSET=utf8mb4 COMMENT='视频播放记录';

/*Data for the table `TJ_VIDEO_PLAYBACK_RECORD` */

insert  into `TJ_VIDEO_PLAYBACK_RECORD`(`id`,`moocId`,`videoId`,`videoName`,`cover`,`listenUrl`,`speaker`,`userId`,`crDate`) values (502364954960068608,502363550166024192,502364940951093248,'语文学习','http://img.videocc.net/uimage/5/5fd714ac32/1/5fd714ac32598f47201b62db045f0e31_0.jpg','5fd714ac32598f47201b62db045f0e31_5','张三',1,'2016-12-12 15:14:41'),(502365271915233280,502363550166024192,502365254294962176,'语文读本','http://img.videocc.net/uimage/5/5fd714ac32/f/5fd714ac32a63589b8df02359184623f_0.jpg','5fd714ac32a63589b8df02359184623f_5','张三',1,'2016-12-12 15:15:56'),(502365288663089152,502363550166024192,502364940951093248,'语文学习','http://img.videocc.net/uimage/5/5fd714ac32/1/5fd714ac32598f47201b62db045f0e31_0.jpg','5fd714ac32598f47201b62db045f0e31_5','张三',1,'2016-12-12 15:16:00'),(502365317859639296,502363550166024192,502364940951093248,'语文学习','http://img.videocc.net/uimage/5/5fd714ac32/1/5fd714ac32598f47201b62db045f0e31_0.jpg','5fd714ac32598f47201b62db045f0e31_5','张三',1,'2016-12-12 15:16:07'),(502365328181821440,502363550166024192,502365254294962176,'语文读本','http://img.videocc.net/uimage/5/5fd714ac32/f/5fd714ac32a63589b8df02359184623f_0.jpg','5fd714ac32a63589b8df02359184623f_5','张三',1,'2016-12-12 15:16:10'),(502367948573245440,502363550166024192,502365254294962176,'语文读本','http://img.videocc.net/uimage/5/5fd714ac32/f/5fd714ac32a63589b8df02359184623f_0.jpg','5fd714ac32a63589b8df02359184623f_5','张三',1,'2016-12-12 15:26:34'),(502368023177330688,502363550166024192,502364940951093248,'语文学习','http://img.videocc.net/uimage/5/5fd714ac32/1/5fd714ac32598f47201b62db045f0e31_0.jpg','5fd714ac32598f47201b62db045f0e31_5','张三',1,'2016-12-12 15:26:52'),(502369515959484416,502363550166024192,502364940951093248,'语文学习','http://img.videocc.net/uimage/5/5fd714ac32/1/5fd714ac32598f47201b62db045f0e31_0.jpg','5fd714ac32598f47201b62db045f0e31_5','张三',5,'2016-12-12 15:32:48'),(502369529481920512,502363550166024192,502364940951093248,'语文学习','http://img.videocc.net/uimage/5/5fd714ac32/1/5fd714ac32598f47201b62db045f0e31_0.jpg','5fd714ac32598f47201b62db045f0e31_5','张三',5,'2016-12-12 15:32:51'),(502369595756118016,502363550166024192,502364940951093248,'语文学习','http://img.videocc.net/uimage/5/5fd714ac32/1/5fd714ac32598f47201b62db045f0e31_0.jpg','5fd714ac32598f47201b62db045f0e31_5','张三',5,'2016-12-12 15:33:07'),(502370901589753856,502370438672809984,502370539747147776,'课时1','http://img.videocc.net/uimage/5/5fd714ac32/3/5fd714ac321caaa35eb676ca80540a43_0.jpg','5fd714ac321caaa35eb676ca80540a43_5','张三',1,'2016-12-12 15:38:18'),(502370910204854272,502370438672809984,502370539747147776,'课时1','http://img.videocc.net/uimage/5/5fd714ac32/3/5fd714ac321caaa35eb676ca80540a43_0.jpg','5fd714ac321caaa35eb676ca80540a43_5','张三',1,'2016-12-12 15:38:20'),(502370936805130240,502370438672809984,502370724854366208,'课时2','http://img.videocc.net/uimage/5/5fd714ac32/2/5fd714ac3299ea8a5117ce6584b86602_0.jpg','5fd714ac3299ea8a5117ce6584b86602_5','张三',1,'2016-12-12 15:38:27'),(502370947202809856,502370438672809984,502370539747147776,'课时1','http://img.videocc.net/uimage/5/5fd714ac32/3/5fd714ac321caaa35eb676ca80540a43_0.jpg','5fd714ac321caaa35eb676ca80540a43_5','张三',1,'2016-12-12 15:38:29'),(502370965854879744,502370438672809984,502370724854366208,'课时2','http://img.videocc.net/uimage/5/5fd714ac32/2/5fd714ac3299ea8a5117ce6584b86602_0.jpg','5fd714ac3299ea8a5117ce6584b86602_5','张三',1,'2016-12-12 15:38:34'),(502375556956815360,502374736483844096,502375022711537664,'聪明的一休','http://img.videocc.net/uimage/5/5fd714ac32/4/5fd714ac32e7203a659e7bcc6901d544_0.jpg','5fd714ac32e7203a659e7bcc6901d544_5','张三',1,'2016-12-12 15:56:48'),(502375620789927936,502374736483844096,502375022711537664,'聪明的一休','http://img.videocc.net/uimage/5/5fd714ac32/4/5fd714ac32e7203a659e7bcc6901d544_0.jpg','5fd714ac32e7203a659e7bcc6901d544_5','张三',1,'2016-12-12 15:57:04'),(502375680860749824,502374736483844096,502375022711537664,'聪明的一休','http://img.videocc.net/uimage/5/5fd714ac32/4/5fd714ac32e7203a659e7bcc6901d544_0.jpg','5fd714ac32e7203a659e7bcc6901d544_5','张三',1,'2016-12-12 15:57:18'),(502375849928949760,502374736483844096,502375022711537664,'聪明的一休','http://img.videocc.net/uimage/5/5fd714ac32/4/5fd714ac32e7203a659e7bcc6901d544_0.jpg','5fd714ac32e7203a659e7bcc6901d544_5','张三',1,'2016-12-12 15:57:58'),(502375974067765248,502375279713320960,502375357446356992,'爱过后爱的','http://img.videocc.net/uimage/5/5fd714ac32/4/5fd714ac328b04f4826405519861c8f4_0.jpg','5fd714ac328b04f4826405519861c8f4_5','张三',1,'2016-12-12 15:58:28'),(502376125008183296,502374736483844096,502375022711537664,'聪明的一休','http://img.videocc.net/uimage/5/5fd714ac32/4/5fd714ac32e7203a659e7bcc6901d544_0.jpg','5fd714ac32e7203a659e7bcc6901d544_5','张三',1,'2016-12-12 15:59:04'),(502399119600386048,502370438672809984,502370539747147776,'课时1','http://img.videocc.net/uimage/5/5fd714ac32/3/5fd714ac321caaa35eb676ca80540a43_0.jpg','5fd714ac321caaa35eb676ca80540a43_5','张三',5,'2016-12-12 17:30:26'),(502399136620871680,502370438672809984,502370539747147776,'课时1','http://img.videocc.net/uimage/5/5fd714ac32/3/5fd714ac321caaa35eb676ca80540a43_0.jpg','5fd714ac321caaa35eb676ca80540a43_5','张三',5,'2016-12-12 17:30:30'),(502399145105948672,502371178464149504,502371304695922688,'可1','http://img.videocc.net/uimage/5/5fd714ac32/4/5fd714ac32cafc3de9b3a94f20a2c3a4_0.jpg','5fd714ac32cafc3de9b3a94f20a2c3a4_5','张三',5,'2016-12-12 17:30:32'),(502399967936118784,502370438672809984,502370539747147776,'课时1','http://img.videocc.net/uimage/5/5fd714ac32/3/5fd714ac321caaa35eb676ca80540a43_0.jpg','5fd714ac321caaa35eb676ca80540a43_5','张三',5,'2016-12-12 17:33:48'),(502400039709048832,502371178464149504,502371304695922688,'可1','http://img.videocc.net/uimage/5/5fd714ac32/4/5fd714ac32cafc3de9b3a94f20a2c3a4_0.jpg','5fd714ac32cafc3de9b3a94f20a2c3a4_5','张三',5,'2016-12-12 17:34:05'),(502400053323759616,502371512871813120,502371644833005568,'课程3','http://img.videocc.net/uimage/5/5fd714ac32/f/5fd714ac32ab5f4ad47dc2b0830a091f_0.jpg','5fd714ac32ab5f4ad47dc2b0830a091f_5','张三',5,'2016-12-12 17:34:09'),(502400071858388992,502371837582245888,502371909967544320,'大法好','http://img.videocc.net/uimage/5/5fd714ac32/9/5fd714ac32b4cff657493d41b6f0d449_0.jpg','5fd714ac32b4cff657493d41b6f0d449_5','张三',5,'2016-12-12 17:34:13'),(502400296958296064,502380648334360576,502380728361680896,'热风管','http://img.videocc.net/uimage/5/5fd714ac32/6/5fd714ac328ccb57779217fc0af8ee86_0.jpg','5fd714ac328ccb57779217fc0af8ee86_5','顾春红',12,'2016-12-12 17:35:07'),(502400380722741248,502380960172474368,502381067689263104,'大公会','http://img.videocc.net/uimage/5/5fd714ac32/5/5fd714ac32651dec874044ed5b442bf5_0.jpg','5fd714ac32651dec874044ed5b442bf5_5','顾春红',12,'2016-12-12 17:35:27'),(502400404978401280,502372070156402688,502372148573110272,'大法好哈哈','http://img.videocc.net/uimage/5/5fd714ac32/3/5fd714ac3243fcc6893a07cddc478883_0.jpg','5fd714ac3243fcc6893a07cddc478883_5','张三',12,'2016-12-12 17:35:33'),(502400416386908160,502371837582245888,502371909967544320,'大法好','http://img.videocc.net/uimage/5/5fd714ac32/9/5fd714ac32b4cff657493d41b6f0d449_0.jpg','5fd714ac32b4cff657493d41b6f0d449_5','张三',12,'2016-12-12 17:35:35'),(502400425022980096,502370438672809984,502370539747147776,'课时1','http://img.videocc.net/uimage/5/5fd714ac32/3/5fd714ac321caaa35eb676ca80540a43_0.jpg','5fd714ac321caaa35eb676ca80540a43_5','张三',12,'2016-12-12 17:35:37'),(502400436498595840,502374736483844096,502375022711537664,'聪明的一休','http://img.videocc.net/uimage/5/5fd714ac32/4/5fd714ac32e7203a659e7bcc6901d544_0.jpg','5fd714ac32e7203a659e7bcc6901d544_5','张三',12,'2016-12-12 17:35:40'),(502400454613794816,502390319933816832,502390387072040960,'adhad','http://img.videocc.net/uimage/5/5fd714ac32/c/5fd714ac327cc74b8cb8dd28f1faa4ac_0.jpg','5fd714ac327cc74b8cb8dd28f1faa4ac_5','张三',12,'2016-12-12 17:35:44'),(502400467515473920,502390080585859072,502390163427557376,'dfh ','http://img.videocc.net/uimage/5/5fd714ac32/4/5fd714ac3221ef77609a05221e4117a4_0.jpg','5fd714ac3221ef77609a05221e4117a4_5','张三',12,'2016-12-12 17:35:47'),(502400558229880832,502390080585859072,502390163427557376,'dfh ','http://img.videocc.net/uimage/5/5fd714ac32/4/5fd714ac3221ef77609a05221e4117a4_0.jpg','5fd714ac3221ef77609a05221e4117a4_5','张三',12,'2016-12-12 17:36:09'),(502400573983686656,502392506701316096,502392570903527424,'大法好啊','http://img.videocc.net/uimage/5/5fd714ac32/e/5fd714ac32201c06fd43e3371487663e_0.jpg','5fd714ac32201c06fd43e3371487663e_5','张三',12,'2016-12-12 17:36:13'),(502400592379904000,502393417825779712,502393497794379776,'打哈代发货啊','http://img.videocc.net/uimage/5/5fd714ac32/c/5fd714ac324bf5b85662e62b1d19183c_0.jpg','5fd714ac324bf5b85662e62b1d19183c_5','张三',12,'2016-12-12 17:36:17'),(502400630099279872,502373254678183936,502373454171865088,'安顿好阿道夫','http://img.videocc.net/uimage/5/5fd714ac32/e/5fd714ac32515486f03ae63e21af6dde_0.jpg','5fd714ac32515486f03ae63e21af6dde_5','张三',12,'2016-12-12 17:36:26'),(502400644947116032,502375279713320960,502375357446356992,'爱过后爱的','http://img.videocc.net/uimage/5/5fd714ac32/4/5fd714ac328b04f4826405519861c8f4_0.jpg','5fd714ac328b04f4826405519861c8f4_5','张三',12,'2016-12-12 17:36:30'),(502400665180438528,502380648334360576,502380728361680896,'热风管','http://img.videocc.net/uimage/5/5fd714ac32/6/5fd714ac328ccb57779217fc0af8ee86_0.jpg','5fd714ac328ccb57779217fc0af8ee86_5','顾春红',12,'2016-12-12 17:36:35'),(502400680519008256,502384164473929728,502384238025244672,'儿好','http://img.videocc.net/uimage/5/5fd714ac32/b/5fd714ac32428cb08c4f952399f781bb_0.jpg','5fd714ac32428cb08c4f952399f781bb_5','顾春红',12,'2016-12-12 17:36:38'),(502400747497848832,502370438672809984,502370539747147776,'课时1','http://img.videocc.net/uimage/5/5fd714ac32/3/5fd714ac321caaa35eb676ca80540a43_0.jpg','5fd714ac321caaa35eb676ca80540a43_5','张三',12,'2016-12-12 17:36:54'),(502402583403429888,502370438672809984,502370539747147776,'课时1','http://img.videocc.net/uimage/5/5fd714ac32/3/5fd714ac321caaa35eb676ca80540a43_0.jpg','5fd714ac321caaa35eb676ca80540a43_5','张三',12,'2016-12-12 17:44:12'),(502402923028807680,502380960172474368,502381067689263104,'大公会','http://img.videocc.net/uimage/5/5fd714ac32/5/5fd714ac32651dec874044ed5b442bf5_0.jpg','5fd714ac32651dec874044ed5b442bf5_5','顾春红',12,'2016-12-12 17:45:33'),(502402947091529728,502370438672809984,502370539747147776,'课时1','http://img.videocc.net/uimage/5/5fd714ac32/3/5fd714ac321caaa35eb676ca80540a43_0.jpg','5fd714ac321caaa35eb676ca80540a43_5','张三',12,'2016-12-12 17:45:39'),(502404770347089920,502380648334360576,502380728361680896,'热风管','http://img.videocc.net/uimage/5/5fd714ac32/6/5fd714ac328ccb57779217fc0af8ee86_0.jpg','5fd714ac328ccb57779217fc0af8ee86_5','顾春红',5,'2016-12-12 17:52:53'),(502404809979068416,502370438672809984,502370539747147776,'课时1','http://img.videocc.net/uimage/5/5fd714ac32/3/5fd714ac321caaa35eb676ca80540a43_0.jpg','5fd714ac321caaa35eb676ca80540a43_5','张三',5,'2016-12-12 17:53:03'),(502404980188119040,502370438672809984,502370539747147776,'课时1','http://img.videocc.net/uimage/5/5fd714ac32/3/5fd714ac321caaa35eb676ca80540a43_0.jpg','5fd714ac321caaa35eb676ca80540a43_5','张三',5,'2016-12-12 17:53:43'),(502405096756215808,502370438672809984,502370539747147776,'课时1','http://img.videocc.net/uimage/5/5fd714ac32/3/5fd714ac321caaa35eb676ca80540a43_0.jpg','5fd714ac321caaa35eb676ca80540a43_5','张三',5,'2016-12-12 17:54:11'),(502406394654228480,502380648334360576,502380728361680896,'热风管','http://img.videocc.net/uimage/5/5fd714ac32/6/5fd714ac328ccb57779217fc0af8ee86_0.jpg','5fd714ac328ccb57779217fc0af8ee86_5','顾春红',5,'2016-12-12 17:59:21'),(502406680974196736,502380648334360576,502380728361680896,'热风管','http://img.videocc.net/uimage/5/5fd714ac32/6/5fd714ac328ccb57779217fc0af8ee86_0.jpg','5fd714ac328ccb57779217fc0af8ee86_5','顾春红',5,'2016-12-12 18:00:29'),(502406754064138240,502380960172474368,502381067689263104,'大公会','http://img.videocc.net/uimage/5/5fd714ac32/5/5fd714ac32651dec874044ed5b442bf5_0.jpg','5fd714ac32651dec874044ed5b442bf5_5','顾春红',5,'2016-12-12 18:00:46'),(502407068439805952,502380648334360576,502380728361680896,'热风管','http://img.videocc.net/uimage/5/5fd714ac32/6/5fd714ac328ccb57779217fc0af8ee86_0.jpg','5fd714ac328ccb57779217fc0af8ee86_5','顾春红',5,'2016-12-12 18:02:01'),(502407283683098624,502374736483844096,502375022711537664,'聪明的一休','http://img.videocc.net/uimage/5/5fd714ac32/4/5fd714ac32e7203a659e7bcc6901d544_0.jpg','5fd714ac32e7203a659e7bcc6901d544_5','张三',1,'2016-12-12 18:02:53'),(502408018273501184,502394079452069888,502394158263042048,'爱打哈的','http://img.videocc.net/uimage/5/5fd714ac32/4/5fd714ac326ef1279a4c96df44a355b4_0.jpg','5fd714ac326ef1279a4c96df44a355b4_5','顾春红',12,'2016-12-12 18:05:48'),(502408732567666688,502370438672809984,502370539747147776,'课时1','http://img.videocc.net/uimage/5/5fd714ac32/3/5fd714ac321caaa35eb676ca80540a43_0.jpg','5fd714ac321caaa35eb676ca80540a43_5','张三',5,'2016-12-12 18:08:38'),(502408932262674432,502395724072222720,502395787657871360,'答复哈德发','http://img.videocc.net/uimage/5/5fd714ac32/9/5fd714ac3288ac735e29c033ec63f709_0.jpg','5fd714ac3288ac735e29c033ec63f709_5','顾春红',5,'2016-12-12 18:09:26'),(502409043055214592,502374736483844096,502375022711537664,'聪明的一休','http://img.videocc.net/uimage/5/5fd714ac32/4/5fd714ac32e7203a659e7bcc6901d544_0.jpg','5fd714ac32e7203a659e7bcc6901d544_5','张三',5,'2016-12-12 18:09:52'),(502409674935500800,502380648334360576,502380728361680896,'热风管','http://img.videocc.net/uimage/5/5fd714ac32/6/5fd714ac328ccb57779217fc0af8ee86_0.jpg','5fd714ac328ccb57779217fc0af8ee86_5','顾春红',32,'2016-12-12 18:12:23'),(502410046064295936,502374736483844096,502375022711537664,'聪明的一休','http://img.videocc.net/uimage/5/5fd714ac32/4/5fd714ac32e7203a659e7bcc6901d544_0.jpg','5fd714ac32e7203a659e7bcc6901d544_5','张三',12,'2016-12-12 18:13:51'),(502410057363750912,502374736483844096,502375022711537664,'聪明的一休','http://img.videocc.net/uimage/5/5fd714ac32/4/5fd714ac32e7203a659e7bcc6901d544_0.jpg','5fd714ac32e7203a659e7bcc6901d544_5','张三',12,'2016-12-12 18:13:54'),(502410076305227776,502371837582245888,502371909967544320,'大法好','http://img.videocc.net/uimage/5/5fd714ac32/9/5fd714ac32b4cff657493d41b6f0d449_0.jpg','5fd714ac32b4cff657493d41b6f0d449_5','张三',12,'2016-12-12 18:13:58'),(502410103232659456,502394079452069888,502394158263042048,'爱打哈的','http://img.videocc.net/uimage/5/5fd714ac32/4/5fd714ac326ef1279a4c96df44a355b4_0.jpg','5fd714ac326ef1279a4c96df44a355b4_5','顾春红',12,'2016-12-12 18:14:05'),(502410114599223296,502380960172474368,502381067689263104,'大公会','http://img.videocc.net/uimage/5/5fd714ac32/5/5fd714ac32651dec874044ed5b442bf5_0.jpg','5fd714ac32651dec874044ed5b442bf5_5','顾春红',12,'2016-12-12 18:14:07'),(502410227874791424,502375861324873728,502375965427499008,'寄黄几复','http://img.videocc.net/uimage/5/5fd714ac32/c/5fd714ac32a86243299ad66d0c61f33c_0.jpg','5fd714ac32a86243299ad66d0c61f33c_5','张三',12,'2016-12-12 18:14:34'),(502411387910225920,502394079452069888,502394158263042048,'爱打哈的','http://img.videocc.net/uimage/5/5fd714ac32/4/5fd714ac326ef1279a4c96df44a355b4_0.jpg','5fd714ac326ef1279a4c96df44a355b4_5','顾春红',12,'2016-12-12 18:19:11'),(502411401487187968,502394079452069888,502394158263042048,'爱打哈的','http://img.videocc.net/uimage/5/5fd714ac32/4/5fd714ac326ef1279a4c96df44a355b4_0.jpg','5fd714ac326ef1279a4c96df44a355b4_5','顾春红',12,'2016-12-12 18:19:14'),(502412127982583808,502394079452069888,502394158263042048,'爱打哈的','http://img.videocc.net/uimage/5/5fd714ac32/4/5fd714ac326ef1279a4c96df44a355b4_0.jpg','5fd714ac326ef1279a4c96df44a355b4_5','顾春红',12,'2016-12-12 18:22:07'),(502412127995166720,502394079452069888,502394158263042048,'爱打哈的','http://img.videocc.net/uimage/5/5fd714ac32/4/5fd714ac326ef1279a4c96df44a355b4_0.jpg','5fd714ac326ef1279a4c96df44a355b4_5','顾春红',12,'2016-12-12 18:22:07'),(502412127999361024,502394079452069888,502394158263042048,'爱打哈的','http://img.videocc.net/uimage/5/5fd714ac32/4/5fd714ac326ef1279a4c96df44a355b4_0.jpg','5fd714ac326ef1279a4c96df44a355b4_5','顾春红',12,'2016-12-12 18:22:07'),(502412128041304064,502394079452069888,502394158263042048,'爱打哈的','http://img.videocc.net/uimage/5/5fd714ac32/4/5fd714ac326ef1279a4c96df44a355b4_0.jpg','5fd714ac326ef1279a4c96df44a355b4_5','顾春红',12,'2016-12-12 18:22:07'),(502412128049692672,502394079452069888,502394158263042048,'爱打哈的','http://img.videocc.net/uimage/5/5fd714ac32/4/5fd714ac326ef1279a4c96df44a355b4_0.jpg','5fd714ac326ef1279a4c96df44a355b4_5','顾春红',12,'2016-12-12 18:22:07'),(502412187105492992,502370438672809984,502370539747147776,'课时1','http://img.videocc.net/uimage/5/5fd714ac32/3/5fd714ac321caaa35eb676ca80540a43_0.jpg','5fd714ac321caaa35eb676ca80540a43_5','张三',12,'2016-12-12 18:22:22'),(502412212980154368,502380960172474368,502381067689263104,'大公会','http://img.videocc.net/uimage/5/5fd714ac32/5/5fd714ac32651dec874044ed5b442bf5_0.jpg','5fd714ac32651dec874044ed5b442bf5_5','顾春红',12,'2016-12-12 18:22:28'),(502412292449632256,502394079452069888,502394158263042048,'爱打哈的','http://img.videocc.net/uimage/5/5fd714ac32/4/5fd714ac326ef1279a4c96df44a355b4_0.jpg','5fd714ac326ef1279a4c96df44a355b4_5','顾春红',12,'2016-12-12 18:22:47'),(502420435015565312,502380960172474368,502381067689263104,'大公会','http://img.videocc.net/uimage/5/5fd714ac32/5/5fd714ac32651dec874044ed5b442bf5_0.jpg','5fd714ac32651dec874044ed5b442bf5_5','顾春红',12,'2016-12-12 18:55:08'),(502420661306654720,502380648334360576,502380728361680896,'热风管','http://img.videocc.net/uimage/5/5fd714ac32/6/5fd714ac328ccb57779217fc0af8ee86_0.jpg','5fd714ac328ccb57779217fc0af8ee86_5','顾春红',5,'2016-12-12 18:56:02'),(502420953167298560,502381250258927616,502381589641035776,'个人股','http://img.videocc.net/uimage/5/5fd714ac32/8/5fd714ac32f2d5e90a01ca24b2ce5d48_0.jpg','5fd714ac32f2d5e90a01ca24b2ce5d48_5','顾春红',5,'2016-12-12 18:57:12'),(502420982154133504,502380648334360576,502380728361680896,'热风管','http://img.videocc.net/uimage/5/5fd714ac32/6/5fd714ac328ccb57779217fc0af8ee86_0.jpg','5fd714ac328ccb57779217fc0af8ee86_5','顾春红',5,'2016-12-12 18:57:19'),(502421096713158656,502380648334360576,502380728361680896,'热风管','http://img.videocc.net/uimage/5/5fd714ac32/6/5fd714ac328ccb57779217fc0af8ee86_0.jpg','5fd714ac328ccb57779217fc0af8ee86_5','顾春红',12,'2016-12-12 18:57:46'),(502421651787350016,502387897610010624,502387986743164928,'阿道夫','http://img.videocc.net/uimage/5/5fd714ac32/9/5fd714ac326a8f92a21dcd14ec8df7a9_0.jpg','5fd714ac326a8f92a21dcd14ec8df7a9_5','顾春红',12,'2016-12-12 18:59:58'),(503003278162788352,502380648334360576,502380728361680896,'热风管','http://img.videocc.net/uimage/5/5fd714ac32/6/5fd714ac328ccb57779217fc0af8ee86_0.jpg','5fd714ac328ccb57779217fc0af8ee86_5','顾春红',12,'2016-12-14 09:31:09'),(503003461785223168,502371178464149504,502371304695922688,'可1','http://img.videocc.net/uimage/5/5fd714ac32/4/5fd714ac32cafc3de9b3a94f20a2c3a4_0.jpg','5fd714ac32cafc3de9b3a94f20a2c3a4_5','张三',12,'2016-12-14 09:31:52'),(503004321269415936,502395724072222720,502395787657871360,'答复哈德发','http://img.videocc.net/uimage/5/5fd714ac32/9/5fd714ac3288ac735e29c033ec63f709_0.jpg','5fd714ac3288ac735e29c033ec63f709_5','顾春红',12,'2016-12-14 09:35:17'),(503004884530888704,502398146853208064,502398201442074624,'高合金钢','http://img.videocc.net/uimage/5/5fd714ac32/4/5fd714ac3244012244356d1bf297afc4_0.jpg','5fd714ac3244012244356d1bf297afc4_5','顾春红',12,'2016-12-14 09:37:32'),(503005305186025472,502371512871813120,502371644833005568,'课程3','http://img.videocc.net/uimage/5/5fd714ac32/f/5fd714ac32ab5f4ad47dc2b0830a091f_0.jpg','5fd714ac32ab5f4ad47dc2b0830a091f_5','张三',12,'2016-12-14 09:39:12'),(503012354993160192,502371512871813120,502371644833005568,'课程3','http://img.videocc.net/uimage/5/5fd714ac32/f/5fd714ac32ab5f4ad47dc2b0830a091f_0.jpg','5fd714ac32ab5f4ad47dc2b0830a091f_5','张三',5,'2016-12-14 10:07:13'),(503012364661030912,502371512871813120,502371644833005568,'课程3','http://img.videocc.net/uimage/5/5fd714ac32/f/5fd714ac32ab5f4ad47dc2b0830a091f_0.jpg','5fd714ac32ab5f4ad47dc2b0830a091f_5','张三',5,'2016-12-14 10:07:15'),(503017032845885440,502380960172474368,502381067689263104,'大公会','http://img.videocc.net/uimage/5/5fd714ac32/5/5fd714ac32651dec874044ed5b442bf5_0.jpg','5fd714ac32651dec874044ed5b442bf5_5','顾春红',5,'2016-12-14 10:25:48'),(503017500326232064,502380960172474368,502381067689263104,'大公会','http://img.videocc.net/uimage/5/5fd714ac32/5/5fd714ac32651dec874044ed5b442bf5_0.jpg','5fd714ac32651dec874044ed5b442bf5_5','顾春红',5,'2016-12-14 10:27:40'),(503017802454532096,502380960172474368,502381067689263104,'大公会','http://img.videocc.net/uimage/5/5fd714ac32/5/5fd714ac32651dec874044ed5b442bf5_0.jpg','5fd714ac32651dec874044ed5b442bf5_5','顾春红',5,'2016-12-14 10:28:52'),(503017890593636352,502395724072222720,502395787657871360,'答复哈德发','http://img.videocc.net/uimage/5/5fd714ac32/9/5fd714ac3288ac735e29c033ec63f709_0.jpg','5fd714ac3288ac735e29c033ec63f709_5','顾春红',5,'2016-12-14 10:29:12'),(503019910692077568,502395724072222720,502395787657871360,'答复哈德发','http://img.videocc.net/uimage/5/5fd714ac32/9/5fd714ac3288ac735e29c033ec63f709_0.jpg','5fd714ac3288ac735e29c033ec63f709_5','顾春红',5,'2016-12-14 10:37:14'),(503020931749249024,503020185192497152,503020553540468736,'啊嘎嘎','http://img.videocc.net/uimage/5/5fd714ac32/0/5fd714ac32bb2358ac5d4e3b83bf61f0_0.jpg','5fd714ac32bb2358ac5d4e3b83bf61f0_5','顾春红',5,'2016-12-14 10:41:18'),(503023298242674688,503020185192497152,503020553540468736,'啊嘎嘎','http://img.videocc.net/uimage/5/5fd714ac32/0/5fd714ac32bb2358ac5d4e3b83bf61f0_0.jpg','5fd714ac32bb2358ac5d4e3b83bf61f0_5','顾春红',5,'2016-12-14 10:50:42'),(503023450839842816,503020185192497152,503020553540468736,'啊嘎嘎','http://img.videocc.net/uimage/5/5fd714ac32/0/5fd714ac32bb2358ac5d4e3b83bf61f0_0.jpg','5fd714ac32bb2358ac5d4e3b83bf61f0_5','顾春红',5,'2016-12-14 10:51:18'),(503076004906926080,502370438672809984,502370539747147776,'课时1','http://img.videocc.net/uimage/5/5fd714ac32/3/5fd714ac321caaa35eb676ca80540a43_0.jpg','5fd714ac321caaa35eb676ca80540a43_5','张三',1,'2016-12-14 14:20:08'),(503863210437246976,502370438672809984,502370539747147776,'课时1','http://img.videocc.net/uimage/5/5fd714ac32/3/5fd714ac321caaa35eb676ca80540a43_0.jpg','5fd714ac321caaa35eb676ca80540a43_5','张三',5,'2016-12-16 18:28:13'),(503863262178181120,502371178464149504,502371304695922688,'可1','http://img.videocc.net/uimage/5/5fd714ac32/4/5fd714ac32cafc3de9b3a94f20a2c3a4_0.jpg','5fd714ac32cafc3de9b3a94f20a2c3a4_5','张三',5,'2016-12-16 18:28:25'),(503863312581132288,502394079452069888,502394158263042048,'爱打哈的','http://img.videocc.net/uimage/5/5fd714ac32/4/5fd714ac326ef1279a4c96df44a355b4_0.jpg','5fd714ac326ef1279a4c96df44a355b4_5','顾春红',5,'2016-12-16 18:28:37'),(504529241681952768,502370438672809984,502370539747147776,'课时1','http://img.videocc.net/uimage/5/5fd714ac32/3/5fd714ac321caaa35eb676ca80540a43_0.jpg','5fd714ac321caaa35eb676ca80540a43_5','张三',1,'2016-12-18 14:34:47'),(504529404794241024,502370438672809984,502370539747147776,'课时1','http://img.videocc.net/uimage/5/5fd714ac32/3/5fd714ac321caaa35eb676ca80540a43_0.jpg','5fd714ac321caaa35eb676ca80540a43_5','张三',1,'2016-12-18 14:35:26'),(504529630904975360,502370438672809984,502370539747147776,'课时1','http://img.videocc.net/uimage/5/5fd714ac32/3/5fd714ac321caaa35eb676ca80540a43_0.jpg','5fd714ac321caaa35eb676ca80540a43_5','张三',1,'2016-12-18 14:36:20'),(504531618451423232,502370438672809984,502370539747147776,'课时1','http://img.videocc.net/uimage/5/5fd714ac32/3/5fd714ac321caaa35eb676ca80540a43_0.jpg','5fd714ac321caaa35eb676ca80540a43_5','张三',1,'2016-12-18 14:44:13'),(504532923559444480,502374736483844096,502375022711537664,'聪明的一休','http://img.videocc.net/uimage/5/5fd714ac32/4/5fd714ac32e7203a659e7bcc6901d544_0.jpg','5fd714ac32e7203a659e7bcc6901d544_5','张三',1,'2016-12-18 14:49:25'),(504626341170118656,502380960172474368,502381067689263104,'大公会','http://img.videocc.net/uimage/5/5fd714ac32/5/5fd714ac32651dec874044ed5b442bf5_0.jpg','5fd714ac32651dec874044ed5b442bf5_5','顾春红',5,'2016-12-18 21:00:37'),(504637915234566144,502394079452069888,502394158263042048,'爱打哈的','http://img.videocc.net/uimage/5/5fd714ac32/4/5fd714ac326ef1279a4c96df44a355b4_0.jpg','5fd714ac326ef1279a4c96df44a355b4_5','顾春红',12,'2016-12-18 21:46:37'),(504639632667836416,502394079452069888,502394158263042048,'爱打哈的','http://img.videocc.net/uimage/5/5fd714ac32/4/5fd714ac326ef1279a4c96df44a355b4_0.jpg','5fd714ac326ef1279a4c96df44a355b4_5','顾春红',5,'2016-12-18 21:53:26'),(504838522734116864,502392831583715328,502392904380055552,'啊啊啊','http://img.videocc.net/uimage/5/5fd714ac32/f/5fd714ac328c11041336192675af95cf_0.jpg','5fd714ac328c11041336192675af95cf_5','张三',5,'2016-12-19 11:03:45'),(504838677122252800,502398745200033792,502398814158585856,'大法好','http://img.videocc.net/uimage/5/5fd714ac32/e/5fd714ac32cefa5563c56744115e346e_0.jpg','5fd714ac32cefa5563c56744115e346e_5','顾春红',5,'2016-12-19 11:04:22'),(504842243358588928,502374736483844096,502375022711537664,'聪明的一休','http://img.videocc.net/uimage/5/5fd714ac32/4/5fd714ac32e7203a659e7bcc6901d544_0.jpg','5fd714ac32e7203a659e7bcc6901d544_5','张三',5,'2016-12-19 11:18:32'),(504887371381080064,502380960172474368,504887305438232576,'克测','http://img.videocc.net/uimage/5/5fd714ac32/8/5fd714ac32c9e9cd40e8a72bce821138_0.jpg','5fd714ac32c9e9cd40e8a72bce821138_5','顾春红',5,'2016-12-19 14:17:52'),(504887395884204032,502380960172474368,502381067689263104,'大公会','http://img.videocc.net/uimage/5/5fd714ac32/5/5fd714ac32651dec874044ed5b442bf5_0.jpg','5fd714ac32651dec874044ed5b442bf5_5','顾春红',5,'2016-12-19 14:17:57'),(504887410677514240,502380960172474368,504887305438232576,'克测','http://img.videocc.net/uimage/5/5fd714ac32/8/5fd714ac32c9e9cd40e8a72bce821138_0.jpg','5fd714ac32c9e9cd40e8a72bce821138_5','顾春红',5,'2016-12-19 14:18:01'),(504906001900634112,502394079452069888,502394158263042048,'爱打哈的','http://img.videocc.net/uimage/5/5fd714ac32/4/5fd714ac326ef1279a4c96df44a355b4_0.jpg','5fd714ac326ef1279a4c96df44a355b4_5','顾春红',12,'2016-12-19 15:31:53'),(504912985005752320,502370438672809984,502370539747147776,'课时1','http://img.videocc.net/uimage/5/5fd714ac32/3/5fd714ac321caaa35eb676ca80540a43_0.jpg','5fd714ac321caaa35eb676ca80540a43_5','张三',1,'2016-12-19 15:59:38'),(504924749273497600,502380960172474368,502381067689263104,'大公会','http://img.videocc.net/uimage/5/5fd714ac32/5/5fd714ac32651dec874044ed5b442bf5_0.jpg','5fd714ac32651dec874044ed5b442bf5_5','顾春红',12,'2016-12-19 16:46:23'),(505249459878232064,502394079452069888,502394158263042048,'爱打哈的','http://img.videocc.net/uimage/5/5fd714ac32/4/5fd714ac326ef1279a4c96df44a355b4_0.jpg','5fd714ac326ef1279a4c96df44a355b4_5','顾春红',12,'2016-12-20 14:16:40'),(505965926869368832,502396242639192064,502396304106717184,'安顿好','http://img.videocc.net/uimage/5/5fd714ac32/9/5fd714ac32b04d27f267b0c0e1216e99_0.jpg','5fd714ac32b04d27f267b0c0e1216e99_5','顾春红',11,'2016-12-22 13:43:39'),(505966065260429312,502395724072222720,502395787657871360,'答复哈德发','http://img.videocc.net/uimage/5/5fd714ac32/9/5fd714ac3288ac735e29c033ec63f709_0.jpg','5fd714ac3288ac735e29c033ec63f709_5','顾春红',11,'2016-12-22 13:44:12'),(505966420945797120,502371178464149504,502371304695922688,'可1','http://img.videocc.net/uimage/5/5fd714ac32/4/5fd714ac32cafc3de9b3a94f20a2c3a4_0.jpg','5fd714ac32cafc3de9b3a94f20a2c3a4_5','张三',1,'2016-12-22 13:45:37'),(505967039135875072,502370438672809984,502370539747147776,'课时1','http://img.videocc.net/uimage/5/5fd714ac32/3/5fd714ac321caaa35eb676ca80540a43_0.jpg','5fd714ac321caaa35eb676ca80540a43_5','张三',1,'2016-12-22 13:48:04'),(535691793660903424,502371178464149504,502371304695922688,'可1','http://img.videocc.net/uimage/5/5fd714ac32/4/5fd714ac32cafc3de9b3a94f20a2c3a4_0.jpg','5fd714ac32cafc3de9b3a94f20a2c3a4_5','张三',1,'2017-03-14 14:23:38'),(535691847066976256,502370438672809984,502370539747147776,'课时1','http://img.videocc.net/uimage/5/5fd714ac32/3/5fd714ac321caaa35eb676ca80540a43_0.jpg','5fd714ac321caaa35eb676ca80540a43_5','张三',1,'2017-03-14 14:23:51'),(535694322016714752,502371178464149504,502371304695922688,'可1','http://img.videocc.net/uimage/5/5fd714ac32/4/5fd714ac32cafc3de9b3a94f20a2c3a4_0.jpg','5fd714ac32cafc3de9b3a94f20a2c3a4_5','张三',1,'2017-03-14 14:33:41'),(569484779477532672,502370438672809984,502370539747147776,'课时1','http://img.videocc.net/uimage/5/5fd714ac32/3/5fd714ac321caaa35eb676ca80540a43_0.jpg','5fd714ac321caaa35eb676ca80540a43_5','张三',1,'2017-06-15 20:24:54'),(569484791896866816,502370438672809984,502370539747147776,'课时1','http://img.videocc.net/uimage/5/5fd714ac32/3/5fd714ac321caaa35eb676ca80540a43_0.jpg','5fd714ac321caaa35eb676ca80540a43_5','张三',1,'2017-06-15 20:24:57'),(569484794618970112,502370438672809984,502370539747147776,'课时1','http://img.videocc.net/uimage/5/5fd714ac32/3/5fd714ac321caaa35eb676ca80540a43_0.jpg','5fd714ac321caaa35eb676ca80540a43_5','张三',1,'2017-06-15 20:24:57'),(569484795428470784,502370438672809984,502370539747147776,'课时1','http://img.videocc.net/uimage/5/5fd714ac32/3/5fd714ac321caaa35eb676ca80540a43_0.jpg','5fd714ac321caaa35eb676ca80540a43_5','张三',1,'2017-06-15 20:24:58'),(569484795592048640,502370438672809984,502370539747147776,'课时1','http://img.videocc.net/uimage/5/5fd714ac32/3/5fd714ac321caaa35eb676ca80540a43_0.jpg','5fd714ac321caaa35eb676ca80540a43_5','张三',1,'2017-06-15 20:24:58'),(569484802290352128,502370438672809984,502370539747147776,'课时1','http://img.videocc.net/uimage/5/5fd714ac32/3/5fd714ac321caaa35eb676ca80540a43_0.jpg','5fd714ac321caaa35eb676ca80540a43_5','张三',1,'2017-06-15 20:24:59'),(569484827414233088,502371178464149504,502371304695922688,'可1','http://img.videocc.net/uimage/5/5fd714ac32/4/5fd714ac32cafc3de9b3a94f20a2c3a4_0.jpg','5fd714ac32cafc3de9b3a94f20a2c3a4_5','张三',1,'2017-06-15 20:25:05'),(569484832216711168,502371178464149504,502371304695922688,'可1','http://img.videocc.net/uimage/5/5fd714ac32/4/5fd714ac32cafc3de9b3a94f20a2c3a4_0.jpg','5fd714ac32cafc3de9b3a94f20a2c3a4_5','张三',1,'2017-06-15 20:25:06'),(569484834762653696,502371178464149504,502371304695922688,'可1','http://img.videocc.net/uimage/5/5fd714ac32/4/5fd714ac32cafc3de9b3a94f20a2c3a4_0.jpg','5fd714ac32cafc3de9b3a94f20a2c3a4_5','张三',1,'2017-06-15 20:25:07'),(569484835660234752,502371178464149504,502371304695922688,'可1','http://img.videocc.net/uimage/5/5fd714ac32/4/5fd714ac32cafc3de9b3a94f20a2c3a4_0.jpg','5fd714ac32cafc3de9b3a94f20a2c3a4_5','张三',1,'2017-06-15 20:25:07'),(569484838596247552,502371178464149504,502371304695922688,'可1','http://img.videocc.net/uimage/5/5fd714ac32/4/5fd714ac32cafc3de9b3a94f20a2c3a4_0.jpg','5fd714ac32cafc3de9b3a94f20a2c3a4_5','张三',1,'2017-06-15 20:25:08'),(569486492250931200,502371178464149504,502371304695922688,'可1','http://img.videocc.net/uimage/5/5fd714ac32/4/5fd714ac32cafc3de9b3a94f20a2c3a4_0.jpg','5fd714ac32cafc3de9b3a94f20a2c3a4_5','张三',1,'2017-06-15 20:31:42'),(569486506922606592,502371178464149504,502371304695922688,'可1','http://img.videocc.net/uimage/5/5fd714ac32/4/5fd714ac32cafc3de9b3a94f20a2c3a4_0.jpg','5fd714ac32cafc3de9b3a94f20a2c3a4_5','张三',1,'2017-06-15 20:31:46'),(569486515076333568,502371178464149504,502371304695922688,'可1','http://img.videocc.net/uimage/5/5fd714ac32/4/5fd714ac32cafc3de9b3a94f20a2c3a4_0.jpg','5fd714ac32cafc3de9b3a94f20a2c3a4_5','张三',1,'2017-06-15 20:31:48'),(569806826925719552,502370438672809984,502370539747147776,'课时1','http://img.videocc.net/uimage/5/5fd714ac32/3/5fd714ac321caaa35eb676ca80540a43_0.jpg','5fd714ac321caaa35eb676ca80540a43_5','张三',1,'2017-06-16 17:44:36'),(569806984283422720,502370438672809984,502370539747147776,'课时1','http://img.videocc.net/uimage/5/5fd714ac32/3/5fd714ac321caaa35eb676ca80540a43_0.jpg','5fd714ac321caaa35eb676ca80540a43_5','张三',1,'2017-06-16 17:45:13'),(577423836954230784,502370438672809984,502370539747147776,'课时1','http://img.videocc.net/uimage/5/5fd714ac32/3/5fd714ac321caaa35eb676ca80540a43_0.jpg','5fd714ac321caaa35eb676ca80540a43_5','张三',1,'2017-07-07 18:11:53'),(578416577402109952,502370438672809984,502370539747147776,'课时1','http://img.videocc.net/uimage/5/5fd714ac32/3/5fd714ac321caaa35eb676ca80540a43_0.jpg','5fd714ac321caaa35eb676ca80540a43_5','张三',1,'2017-07-10 11:56:40'),(578416617789063168,502370438672809984,502370539747147776,'课时1','http://img.videocc.net/uimage/5/5fd714ac32/3/5fd714ac321caaa35eb676ca80540a43_0.jpg','5fd714ac321caaa35eb676ca80540a43_5','张三',1,'2017-07-10 11:56:50'),(578805749291941888,502371837582245888,502371909967544320,'大法好','http://img.videocc.net/uimage/5/5fd714ac32/9/5fd714ac32b4cff657493d41b6f0d449_0.jpg','5fd714ac32b4cff657493d41b6f0d449_5','张三',1,'2017-07-11 13:43:06'),(584182022679822336,502371512871813120,502371644833005568,'课程3','http://img.videocc.net/uimage/5/5fd714ac32/f/5fd714ac32ab5f4ad47dc2b0830a091f_0.jpg','5fd714ac32ab5f4ad47dc2b0830a091f_5','张三',1,'2017-07-26 09:46:30'),(584182124014206976,502371512871813120,502371644833005568,'课程3','http://img.videocc.net/uimage/5/5fd714ac32/f/5fd714ac32ab5f4ad47dc2b0830a091f_0.jpg','5fd714ac32ab5f4ad47dc2b0830a091f_5','张三',1,'2017-07-26 09:46:54'),(584182219287822336,502371512871813120,502371644833005568,'课程3','http://img.videocc.net/uimage/5/5fd714ac32/f/5fd714ac32ab5f4ad47dc2b0830a091f_0.jpg','5fd714ac32ab5f4ad47dc2b0830a091f_5','张三',1,'2017-07-26 09:47:16'),(584207643619360768,502371178464149504,502371304695922688,'可1','http://img.videocc.net/uimage/5/5fd714ac32/4/5fd714ac32cafc3de9b3a94f20a2c3a4_0.jpg','5fd714ac32cafc3de9b3a94f20a2c3a4_5','张三',1,'2017-07-26 11:28:18'),(584208007345209344,502371178464149504,502371304695922688,'可1','http://img.videocc.net/uimage/5/5fd714ac32/4/5fd714ac32cafc3de9b3a94f20a2c3a4_0.jpg','5fd714ac32cafc3de9b3a94f20a2c3a4_5','张三',1,'2017-07-26 11:29:45'),(584208285641474048,502371178464149504,502371304695922688,'可1','http://img.videocc.net/uimage/5/5fd714ac32/4/5fd714ac32cafc3de9b3a94f20a2c3a4_0.jpg','5fd714ac32cafc3de9b3a94f20a2c3a4_5','张三',1,'2017-07-26 11:30:51'),(584208312669569024,502371178464149504,502371304695922688,'可1','http://img.videocc.net/uimage/5/5fd714ac32/4/5fd714ac32cafc3de9b3a94f20a2c3a4_0.jpg','5fd714ac32cafc3de9b3a94f20a2c3a4_5','张三',1,'2017-07-26 11:30:58'),(584213923549413376,502371178464149504,502371304695922688,'可1','http://img.videocc.net/uimage/5/5fd714ac32/4/5fd714ac32cafc3de9b3a94f20a2c3a4_0.jpg','5fd714ac32cafc3de9b3a94f20a2c3a4_5','张三',1,'2017-07-26 11:53:15'),(584214603601281024,502371178464149504,502371304695922688,'可1','http://img.videocc.net/uimage/5/5fd714ac32/4/5fd714ac32cafc3de9b3a94f20a2c3a4_0.jpg','5fd714ac32cafc3de9b3a94f20a2c3a4_5','张三',1,'2017-07-26 11:55:58'),(584253234785288192,502371512871813120,502371644833005568,'课程3','http://img.videocc.net/uimage/5/5fd714ac32/f/5fd714ac32ab5f4ad47dc2b0830a091f_0.jpg','5fd714ac32ab5f4ad47dc2b0830a091f_5','张三',1,'2017-07-26 14:29:28'),(584253288245886976,502371512871813120,502371644833005568,'课程3','http://img.videocc.net/uimage/5/5fd714ac32/f/5fd714ac32ab5f4ad47dc2b0830a091f_0.jpg','5fd714ac32ab5f4ad47dc2b0830a091f_5','张三',1,'2017-07-26 14:29:41'),(584278049755758592,502373641816637440,502373985082671104,'按天结婚','http://img.videocc.net/uimage/5/5fd714ac32/5/5fd714ac321ddb740ec838396e7d11a5_0.jpg','5fd714ac321ddb740ec838396e7d11a5_5','张三',1,'2017-07-26 16:08:04'),(584278063827648512,502373641816637440,502373985082671104,'按天结婚','http://img.videocc.net/uimage/5/5fd714ac32/5/5fd714ac321ddb740ec838396e7d11a5_0.jpg','5fd714ac321ddb740ec838396e7d11a5_5','张三',1,'2017-07-26 16:08:08'),(584279334085197824,502373641816637440,502373985082671104,'按天结婚','http://img.videocc.net/uimage/5/5fd714ac32/5/5fd714ac321ddb740ec838396e7d11a5_0.jpg','5fd714ac321ddb740ec838396e7d11a5_5','张三',1,'2017-07-26 16:13:10'),(584288510589009920,502371512871813120,502371644833005568,'课程3','http://img.videocc.net/uimage/5/5fd714ac32/f/5fd714ac32ab5f4ad47dc2b0830a091f_0.jpg','5fd714ac32ab5f4ad47dc2b0830a091f_5','张三',1,'2017-07-26 16:49:38'),(584542097520984064,502371178464149504,502371304695922688,'可1','http://img.videocc.net/uimage/5/5fd714ac32/4/5fd714ac32cafc3de9b3a94f20a2c3a4_0.jpg','5fd714ac32cafc3de9b3a94f20a2c3a4_5','张三',1,'2017-07-27 09:37:18'),(584613625692422144,502371178464149504,502371304695922688,'可1','http://img.videocc.net/uimage/5/5fd714ac32/4/5fd714ac32cafc3de9b3a94f20a2c3a4_0.jpg','5fd714ac32cafc3de9b3a94f20a2c3a4_5','张三',1,'2017-07-27 14:21:32'),(584655077919162368,502371178464149504,502371304695922688,'可1','http://img.videocc.net/uimage/5/5fd714ac32/4/5fd714ac32cafc3de9b3a94f20a2c3a4_0.jpg','5fd714ac32cafc3de9b3a94f20a2c3a4_5','张三',1,'2017-07-27 17:06:15'),(584918506399596544,502371178464149504,502371304695922688,'可1','http://img.videocc.net/uimage/5/5fd714ac32/4/5fd714ac32cafc3de9b3a94f20a2c3a4_0.jpg','5fd714ac32cafc3de9b3a94f20a2c3a4_5','张三',1,'2017-07-28 10:33:01'),(584920613508874240,502371178464149504,502371304695922688,'可1','http://img.videocc.net/uimage/5/5fd714ac32/4/5fd714ac32cafc3de9b3a94f20a2c3a4_0.jpg','5fd714ac32cafc3de9b3a94f20a2c3a4_5','张三',1,'2017-07-28 10:41:23'),(585019822761312256,502380960172474368,504887305438232576,'克测','http://img.videocc.net/uimage/5/5fd714ac32/8/5fd714ac32c9e9cd40e8a72bce821138_0.jpg','5fd714ac32c9e9cd40e8a72bce821138_5','顾春红',5,'2017-07-28 17:15:37'),(585303855504293888,502373641816637440,502373985082671104,'按天结婚','http://img.videocc.net/uimage/5/5fd714ac32/5/5fd714ac321ddb740ec838396e7d11a5_0.jpg','5fd714ac321ddb740ec838396e7d11a5_5','张三',1,'2017-07-29 12:04:15'),(585315899326595072,502395724072222720,502395787657871360,'答复哈德发','http://img.videocc.net/uimage/5/5fd714ac32/9/5fd714ac3288ac735e29c033ec63f709_0.jpg','5fd714ac3288ac735e29c033ec63f709_5','顾春红',11,'2017-07-29 12:52:07'),(585323584004554752,502371512871813120,502371644833005568,'课程3','http://img.videocc.net/uimage/5/5fd714ac32/f/5fd714ac32ab5f4ad47dc2b0830a091f_0.jpg','5fd714ac32ab5f4ad47dc2b0830a091f_5','张三',1,'2017-07-29 13:22:39'),(585323626983587840,502371837582245888,502371909967544320,'大法好','http://img.videocc.net/uimage/5/5fd714ac32/9/5fd714ac32b4cff657493d41b6f0d449_0.jpg','5fd714ac32b4cff657493d41b6f0d449_5','张三',1,'2017-07-29 13:22:49'),(586389084935553024,502371837582245888,502371909967544320,'大法好','http://img.videocc.net/uimage/5/5fd714ac32/9/5fd714ac32b4cff657493d41b6f0d449_0.jpg','5fd714ac32b4cff657493d41b6f0d449_5','张三',1,'2017-08-01 11:56:34'),(586389118544510976,502371837582245888,502371909967544320,'大法好','http://img.videocc.net/uimage/5/5fd714ac32/9/5fd714ac32b4cff657493d41b6f0d449_0.jpg','5fd714ac32b4cff657493d41b6f0d449_5','张三',1,'2017-08-01 11:56:42'),(586419971731488768,502370438672809984,502370539747147776,'课时1','http://img.videocc.net/uimage/5/5fd714ac32/3/5fd714ac321caaa35eb676ca80540a43_0.jpg','5fd714ac321caaa35eb676ca80540a43_5','张三',1,'2017-08-01 13:59:18'),(586420571001061376,502370438672809984,502370539747147776,'课时1','http://img.videocc.net/uimage/5/5fd714ac32/3/5fd714ac321caaa35eb676ca80540a43_0.jpg','5fd714ac321caaa35eb676ca80540a43_5','张三',1,'2017-08-01 14:01:41'),(586420621831831552,502370438672809984,502370539747147776,'课时1','http://img.videocc.net/uimage/5/5fd714ac32/3/5fd714ac321caaa35eb676ca80540a43_0.jpg','5fd714ac321caaa35eb676ca80540a43_5','张三',1,'2017-08-01 14:01:53'),(586478506179821568,502380960172474368,504887305438232576,'克测','/up/mooc/played-12.png','5fd714ac32c9e9cd40e8a72bce821138_5','顾春红',5,'2017-08-01 17:51:54'),(586479650864103424,502370438672809984,502370539747147776,'课时1','/up/mooc/played-01.png','5fd714ac321caaa35eb676ca80540a43_5','张三',1,'2017-08-01 17:56:27'),(586479762281594880,502371178464149504,502371304695922688,'可1','/up/mooc/played-03.png','5fd714ac32cafc3de9b3a94f20a2c3a4_5','张三',1,'2017-08-01 17:56:53'),(586497610529898496,502371512871813120,502371644833005568,'课程3','/up/mooc/played-04.png','5fd714ac32ab5f4ad47dc2b0830a091f_5','张三',1,'2017-08-01 19:07:49'),(586497830483394560,502370438672809984,502370539747147776,'课时1','/up/mooc/played-01.png','5fd714ac321caaa35eb676ca80540a43_5','张三',1,'2017-08-01 19:08:41'),(586497852251832320,502371512871813120,502371644833005568,'课程3','/up/mooc/played-04.png','5fd714ac32ab5f4ad47dc2b0830a091f_5','张三',1,'2017-08-01 19:08:46'),(586497887337185280,502371512871813120,502371644833005568,'课程3','/up/mooc/played-04.png','5fd714ac32ab5f4ad47dc2b0830a091f_5','张三',1,'2017-08-01 19:08:55'),(586705666110914560,502392275943292928,502392367806939136,'大个人更','/up/mooc/played-01.png','5fd714ac329475e2300d75a184c2f762_5','张三',1,'2017-08-02 08:54:33'),(586705978561396736,502392275943292928,502392367806939136,'大个人更','/up/mooc/played-01.png','5fd714ac329475e2300d75a184c2f762_5','张三',1,'2017-08-02 08:55:48'),(586705995246338048,502392275943292928,502392367806939136,'大个人更','/up/mooc/played-01.png','5fd714ac329475e2300d75a184c2f762_5','张三',1,'2017-08-02 08:55:52'),(586828765510762496,502370438672809984,502370539747147776,'课时1','/up/mooc/played-01.png','5fd714ac321caaa35eb676ca80540a43_5','张三',1,'2017-08-02 17:03:42'),(587064590773256192,502370438672809984,502370539747147776,'课时1','/up/mooc/played-01.png','5fd714ac321caaa35eb676ca80540a43_5','张三',1,'2017-08-03 08:40:47'),(587077534672224256,502380960172474368,502381067689263104,'大公会','/up/mooc/played-06.png','5fd714ac32651dec874044ed5b442bf5_5','顾春红',5,'2017-08-03 09:32:13'),(587077546588241920,502380960172474368,502381067689263104,'大公会','/up/mooc/played-06.png','5fd714ac32651dec874044ed5b442bf5_5','顾春红',5,'2017-08-03 09:32:16'),(587077572056055808,502380960172474368,504887305438232576,'克测','/up/mooc/played-12.png','5fd714ac32c9e9cd40e8a72bce821138_5','顾春红',5,'2017-08-03 09:32:22'),(587078009928810496,502380960172474368,504887305438232576,'克测','/up/mooc/played-12.png','5fd714ac32c9e9cd40e8a72bce821138_5','顾春红',5,'2017-08-03 09:34:07'),(587089682836226048,502373641816637440,502373985082671104,'按天结婚','/up/mooc/played-08.png','5fd714ac321ddb740ec838396e7d11a5_5','张三',1,'2017-08-03 10:20:30'),(587089699575693312,502373641816637440,502373985082671104,'按天结婚','/up/mooc/played-08.png','5fd714ac321ddb740ec838396e7d11a5_5','张三',1,'2017-08-03 10:20:34'),(587089711483322368,502373641816637440,502373985082671104,'按天结婚','/up/mooc/played-08.png','5fd714ac321ddb740ec838396e7d11a5_5','张三',1,'2017-08-03 10:20:37'),(587095405297139712,502371178464149504,502371304695922688,'可1','/up/mooc/played-03.png','5fd714ac32cafc3de9b3a94f20a2c3a4_5','张三',1,'2017-08-03 10:43:14'),(587095796889944064,502373641816637440,502373985082671104,'按天结婚','/up/mooc/played-08.png','5fd714ac321ddb740ec838396e7d11a5_5','张三',1,'2017-08-03 10:44:48'),(587096685839122432,502370438672809984,502370539747147776,'课时1','/up/mooc/played-01.png','5fd714ac321caaa35eb676ca80540a43_5','张三',1,'2017-08-03 10:48:19'),(587101225997041664,502371837582245888,502371909967544320,'大法好','/up/mooc/played-05.png','5fd714ac32b4cff657493d41b6f0d449_5','张三',1,'2017-08-03 11:06:22'),(587101274726465536,502374736483844096,502375022711537664,'聪明的一休','/up/mooc/played-12.png','5fd714ac32e7203a659e7bcc6901d544_5','张三',1,'2017-08-03 11:06:34'),(587101905197465600,502374736483844096,502375022711537664,'聪明的一休','/up/mooc/played-12.png','5fd714ac32e7203a659e7bcc6901d544_5','张三',1,'2017-08-03 11:09:04'),(587101960872656896,502374736483844096,502375022711537664,'聪明的一休','/up/mooc/played-12.png','5fd714ac32e7203a659e7bcc6901d544_5','张三',1,'2017-08-03 11:09:17'),(587113170519195648,502371178464149504,502371304695922688,'可1','/up/mooc/played-03.png','5fd714ac32cafc3de9b3a94f20a2c3a4_5','张三',1,'2017-08-03 11:53:50'),(587149492998897664,502374736483844096,502375022711537664,'聪明的一休','/up/mooc/played-12.png','5fd714ac32e7203a659e7bcc6901d544_5','张三',5,'2017-08-03 14:18:10'),(587154648788369408,502371178464149504,502371304695922688,'可1','/up/mooc/played-03.png','5fd714ac32cafc3de9b3a94f20a2c3a4_5','张三',1,'2017-08-03 14:38:39'),(587154671601188864,502371512871813120,502371644833005568,'课程3','/up/mooc/played-04.png','5fd714ac32ab5f4ad47dc2b0830a091f_5','张三',1,'2017-08-03 14:38:44'),(587154683458486272,502371837582245888,502371909967544320,'大法好','/up/mooc/played-05.png','5fd714ac32b4cff657493d41b6f0d449_5','张三',1,'2017-08-03 14:38:47'),(587186980090019840,502371178464149504,502371304695922688,'可1','/up/mooc/played-03.png','5fd714ac32cafc3de9b3a94f20a2c3a4_5','张三',1,'2017-08-03 16:47:07'),(587188223378194432,502371178464149504,502371304695922688,'可1','/up/mooc/played-03.png','5fd714ac32cafc3de9b3a94f20a2c3a4_5','张三',1,'2017-08-03 16:52:04'),(587190660725997568,502371178464149504,502371304695922688,'可1','/up/mooc/played-03.png','5fd714ac32cafc3de9b3a94f20a2c3a4_5','张三',1,'2017-08-03 17:01:45'),(587190931434766336,502371178464149504,502371304695922688,'可1','/up/mooc/played-03.png','5fd714ac32cafc3de9b3a94f20a2c3a4_5','张三',11,'2017-08-03 17:02:49'),(587192382747836416,502371178464149504,502371304695922688,'可1','/up/mooc/played-03.png','5fd714ac32cafc3de9b3a94f20a2c3a4_5','张三',1,'2017-08-03 17:08:35'),(587225714583928832,502392010225745920,502392087107338240,'阿道夫','/up/mooc/played-12.png','5fd714ac322960f692ea172d32cfbd8f_5','张三',5,'2017-08-03 19:21:02'),(587227139116367872,502370438672809984,502370539747147776,'课时1','/up/mooc/played-01.png','5fd714ac321caaa35eb676ca80540a43_5','张三',11,'2017-08-03 19:26:42'),(587227178152755200,502370438672809984,502370724854366208,'课时2','/up/mooc/played-02.png','5fd714ac3299ea8a5117ce6584b86602_5','张三',11,'2017-08-03 19:26:51'),(587436810137763840,502384164473929728,502384238025244672,'儿好','/up/mooc/played-08.png','5fd714ac32428cb08c4f952399f781bb_5','顾春红',11,'2017-08-04 09:19:51'),(587436828068413440,502396242639192064,502396304106717184,'安顿好','/up/mooc/played-11.png','5fd714ac32b04d27f267b0c0e1216e99_5','顾春红',11,'2017-08-04 09:19:56'),(587436844665274368,502384433635000320,502384504334188544,'人家','/up/mooc/played-09.png','5fd714ac32ab27d235494f61f1b9be47_5','顾春红',11,'2017-08-04 09:20:00'),(587436971358420992,502385948173008896,502386102162685952,'大骨灰盒给','/up/mooc/played-11.png','5fd714ac32c184b6f9082640519deed0_5','顾春红',11,'2017-08-04 09:20:30'),(587499574487154688,502371837582245888,502371909967544320,'大法好','/up/mooc/played-05.png','5fd714ac32b4cff657493d41b6f0d449_5','张三',1,'2017-08-04 13:29:16'),(587499647874891776,502371837582245888,502371909967544320,'大法好','/up/mooc/played-05.png','5fd714ac32b4cff657493d41b6f0d449_5','张三',1,'2017-08-04 13:29:33'),(587509724115632128,502370438672809984,502370539747147776,'课时1','/up/mooc/played-01.png','5fd714ac321caaa35eb676ca80540a43_5','张三',12,'2017-08-04 14:09:35'),(587509733187911680,502370438672809984,502370724854366208,'课时2','/up/mooc/played-02.png','5fd714ac3299ea8a5117ce6584b86602_5','张三',12,'2017-08-04 14:09:38'),(587509739676499968,502370438672809984,502370539747147776,'课时1','/up/mooc/played-01.png','5fd714ac321caaa35eb676ca80540a43_5','张三',12,'2017-08-04 14:09:39'),(587509742054670336,502370438672809984,502370724854366208,'课时2','/up/mooc/played-02.png','5fd714ac3299ea8a5117ce6584b86602_5','张三',12,'2017-08-04 14:09:40'),(587509744176988160,502370438672809984,502370539747147776,'课时1','/up/mooc/played-01.png','5fd714ac321caaa35eb676ca80540a43_5','张三',12,'2017-08-04 14:09:40'),(587509746462883840,502370438672809984,502370724854366208,'课时2','/up/mooc/played-02.png','5fd714ac3299ea8a5117ce6584b86602_5','张三',12,'2017-08-04 14:09:41'),(587509760614465536,502370438672809984,502370539747147776,'课时1','/up/mooc/played-01.png','5fd714ac321caaa35eb676ca80540a43_5','张三',12,'2017-08-04 14:09:44'),(587510679599054848,502370438672809984,502370539747147776,'课时1','/up/mooc/played-01.png','5fd714ac321caaa35eb676ca80540a43_5','张三',12,'2017-08-04 14:13:23'),(587511048190296064,502370438672809984,502370539747147776,'课时1','/up/mooc/played-01.png','5fd714ac321caaa35eb676ca80540a43_5','张三',12,'2017-08-04 14:14:51'),(587511350893215744,502370438672809984,502370539747147776,'课时1','/up/mooc/played-01.png','5fd714ac321caaa35eb676ca80540a43_5','张三',12,'2017-08-04 14:16:03'),(587511797385265152,502370438672809984,502370539747147776,'课时1','/up/mooc/played-01.png','5fd714ac321caaa35eb676ca80540a43_5','张三',12,'2017-08-04 14:17:50'),(587511862321479680,502370438672809984,502370539747147776,'课时1','/up/mooc/played-01.png','5fd714ac321caaa35eb676ca80540a43_5','张三',12,'2017-08-04 14:18:05'),(587513172190035968,502370438672809984,502370539747147776,'课时1','/up/mooc/played-01.png','5fd714ac321caaa35eb676ca80540a43_5','张三',12,'2017-08-04 14:23:18'),(587513296299491328,502370438672809984,502370539747147776,'课时1','/up/mooc/played-01.png','5fd714ac321caaa35eb676ca80540a43_5','张三',12,'2017-08-04 14:23:47'),(587513447135051776,502370438672809984,502370539747147776,'课时1','/up/mooc/played-01.png','5fd714ac321caaa35eb676ca80540a43_5','张三',12,'2017-08-04 14:24:23'),(587513530832388096,502370438672809984,502370539747147776,'课时1','/up/mooc/played-01.png','5fd714ac321caaa35eb676ca80540a43_5','张三',12,'2017-08-04 14:24:43'),(587513612503875584,502370438672809984,502370539747147776,'课时1','/up/mooc/played-01.png','5fd714ac321caaa35eb676ca80540a43_5','张三',12,'2017-08-04 14:25:03'),(587513979878768640,502370438672809984,502370539747147776,'课时1','/up/mooc/played-01.png','5fd714ac321caaa35eb676ca80540a43_5','张三',12,'2017-08-04 14:26:30'),(587514628947312640,502370438672809984,502370539747147776,'课时1','/up/mooc/played-01.png','5fd714ac321caaa35eb676ca80540a43_5','张三',12,'2017-08-04 14:29:05'),(587515598691368960,502370438672809984,502370539747147776,'课时1','/up/mooc/played-01.png','5fd714ac321caaa35eb676ca80540a43_5','张三',12,'2017-08-04 14:32:56'),(587515728396025856,502370438672809984,502370539747147776,'课时1','/up/mooc/played-01.png','5fd714ac321caaa35eb676ca80540a43_5','张三',12,'2017-08-04 14:33:27'),(587515913696182272,502370438672809984,502370539747147776,'课时1','/up/mooc/played-01.png','5fd714ac321caaa35eb676ca80540a43_5','张三',12,'2017-08-04 14:34:11'),(587516259738845184,502370438672809984,502370539747147776,'课时1','/up/mooc/played-01.png','5fd714ac321caaa35eb676ca80540a43_5','张三',12,'2017-08-04 14:35:34'),(587516480162103296,502370438672809984,502370539747147776,'课时1','/up/mooc/played-01.png','5fd714ac321caaa35eb676ca80540a43_5','张三',12,'2017-08-04 14:36:26'),(587516623032680448,502370438672809984,502370539747147776,'课时1','/up/mooc/played-01.png','5fd714ac321caaa35eb676ca80540a43_5','张三',12,'2017-08-04 14:37:00'),(587516798098735104,502370438672809984,502370539747147776,'课时1','/up/mooc/played-01.png','5fd714ac321caaa35eb676ca80540a43_5','张三',12,'2017-08-04 14:37:42'),(587516983071735808,502370438672809984,502370539747147776,'课时1','/up/mooc/played-01.png','5fd714ac321caaa35eb676ca80540a43_5','张三',12,'2017-08-04 14:38:26'),(587517921689862144,502370438672809984,502370539747147776,'课时1','/up/mooc/played-01.png','5fd714ac321caaa35eb676ca80540a43_5','张三',12,'2017-08-04 14:42:10'),(587518141764993024,502370438672809984,502370539747147776,'课时1','/up/mooc/played-01.png','5fd714ac321caaa35eb676ca80540a43_5','张三',12,'2017-08-04 14:43:02'),(587518443540971520,502370438672809984,502370539747147776,'课时1','/up/mooc/played-01.png','5fd714ac321caaa35eb676ca80540a43_5','张三',12,'2017-08-04 14:44:14'),(587518627742220288,502370438672809984,502370539747147776,'课时1','/up/mooc/played-01.png','5fd714ac321caaa35eb676ca80540a43_5','张三',12,'2017-08-04 14:44:58'),(587518732490768384,502370438672809984,502370539747147776,'课时1','/up/mooc/played-01.png','5fd714ac321caaa35eb676ca80540a43_5','张三',12,'2017-08-04 14:45:23'),(587519232401473536,502370438672809984,502370539747147776,'课时1','/up/mooc/played-01.png','5fd714ac321caaa35eb676ca80540a43_5','张三',12,'2017-08-04 14:47:22'),(587520030413946880,502370438672809984,502370539747147776,'课时1','/up/mooc/played-01.png','5fd714ac321caaa35eb676ca80540a43_5','张三',12,'2017-08-04 14:50:33'),(587520262568673280,502370438672809984,502370539747147776,'课时1','/up/mooc/played-01.png','5fd714ac321caaa35eb676ca80540a43_5','张三',12,'2017-08-04 14:51:28'),(587520792787419136,502370438672809984,502370539747147776,'课时1','/up/mooc/played-01.png','5fd714ac321caaa35eb676ca80540a43_5','张三',12,'2017-08-04 14:53:34'),(587520927579766784,502370438672809984,502370539747147776,'课时1','/up/mooc/played-01.png','5fd714ac321caaa35eb676ca80540a43_5','张三',12,'2017-08-04 14:54:07'),(587521038158397440,502370438672809984,502370539747147776,'课时1','/up/mooc/played-01.png','5fd714ac321caaa35eb676ca80540a43_5','张三',12,'2017-08-04 14:54:33'),(587521510470582272,502370438672809984,502370539747147776,'课时1','/up/mooc/played-01.png','5fd714ac321caaa35eb676ca80540a43_5','张三',12,'2017-08-04 14:56:26'),(587521873202380800,502370438672809984,502370539747147776,'课时1','/up/mooc/played-01.png','5fd714ac321caaa35eb676ca80540a43_5','张三',12,'2017-08-04 14:57:52'),(587522034192351232,502370438672809984,502370539747147776,'课时1','/up/mooc/played-01.png','5fd714ac321caaa35eb676ca80540a43_5','张三',12,'2017-08-04 14:58:30'),(587522185506062336,502370438672809984,502370539747147776,'课时1','/up/mooc/played-01.png','5fd714ac321caaa35eb676ca80540a43_5','张三',12,'2017-08-04 14:59:06'),(587522512162652160,502370438672809984,502370539747147776,'课时1','/up/mooc/played-01.png','5fd714ac321caaa35eb676ca80540a43_5','张三',12,'2017-08-04 15:00:24'),(587523178260070400,502370438672809984,502370539747147776,'课时1','/up/mooc/played-01.png','5fd714ac321caaa35eb676ca80540a43_5','张三',12,'2017-08-04 15:03:03'),(587523401426403328,502370438672809984,502370539747147776,'课时1','/up/mooc/played-01.png','5fd714ac321caaa35eb676ca80540a43_5','张三',12,'2017-08-04 15:03:56'),(587523617806352384,502370438672809984,502370539747147776,'课时1','/up/mooc/played-01.png','5fd714ac321caaa35eb676ca80540a43_5','张三',12,'2017-08-04 15:04:48'),(587523818105339904,502370438672809984,502370539747147776,'课时1','/up/mooc/played-01.png','5fd714ac321caaa35eb676ca80540a43_5','张三',12,'2017-08-04 15:05:36'),(587524064235487232,502370438672809984,502370539747147776,'课时1','/up/mooc/played-01.png','5fd714ac321caaa35eb676ca80540a43_5','张三',12,'2017-08-04 15:06:34'),(587524191926878208,502370438672809984,502370539747147776,'课时1','/up/mooc/played-01.png','5fd714ac321caaa35eb676ca80540a43_5','张三',12,'2017-08-04 15:07:05'),(587524758770286592,502370438672809984,502370539747147776,'课时1','/up/mooc/played-01.png','5fd714ac321caaa35eb676ca80540a43_5','张三',12,'2017-08-04 15:09:20'),(587525056310018048,502370438672809984,502370539747147776,'课时1','/up/mooc/played-01.png','5fd714ac321caaa35eb676ca80540a43_5','张三',12,'2017-08-04 15:10:31'),(587525442630582272,502370438672809984,502370539747147776,'课时1','/up/mooc/played-01.png','5fd714ac321caaa35eb676ca80540a43_5','张三',12,'2017-08-04 15:12:03'),(587526053912641536,502370438672809984,502370539747147776,'课时1','/up/mooc/played-01.png','5fd714ac321caaa35eb676ca80540a43_5','张三',12,'2017-08-04 15:14:29'),(587526321802838016,502370438672809984,502370539747147776,'课时1','/up/mooc/played-01.png','5fd714ac321caaa35eb676ca80540a43_5','张三',12,'2017-08-04 15:15:33'),(587527140107354112,502370438672809984,502370539747147776,'课时1','/up/mooc/played-01.png','5fd714ac321caaa35eb676ca80540a43_5','张三',12,'2017-08-04 15:18:48'),(587530926569816064,502370438672809984,502370539747147776,'课时1','/up/mooc/played-01.png','5fd714ac321caaa35eb676ca80540a43_5','张三',12,'2017-08-04 15:33:51'),(587531665102864384,502370438672809984,502370539747147776,'课时1','/up/mooc/played-01.png','5fd714ac321caaa35eb676ca80540a43_5','张三',12,'2017-08-04 15:36:47'),(587532362477207552,502370438672809984,502370539747147776,'课时1','/up/mooc/played-01.png','5fd714ac321caaa35eb676ca80540a43_5','张三',12,'2017-08-04 15:39:33'),(587532379044708352,502370438672809984,502370539747147776,'课时1','/up/mooc/played-01.png','5fd714ac321caaa35eb676ca80540a43_5','张三',12,'2017-08-04 15:39:37'),(587533257902391296,502370438672809984,502370539747147776,'课时1','/up/mooc/played-01.png','5fd714ac321caaa35eb676ca80540a43_5','张三',12,'2017-08-04 15:43:06'),(587538154576150528,502374783418105856,502374844956934144,'好的好','/up/mooc/played-11.png','5fd714ac322909331496031238e2efe3_5','张三',12,'2017-08-04 16:02:34'),(587545308238446592,502374783418105856,502374844956934144,'好的好','/up/mooc/played-11.png','5fd714ac322909331496031238e2efe3_5','张三',12,'2017-08-04 16:30:59'),(587545319441432576,502374783418105856,502374844956934144,'好的好','/up/mooc/played-11.png','5fd714ac322909331496031238e2efe3_5','张三',12,'2017-08-04 16:31:02'),(587552905322561536,502387897610010624,502387986743164928,'阿道夫','/up/mooc/played-05.png','5fd714ac326a8f92a21dcd14ec8df7a9_5','顾春红',12,'2017-08-04 17:01:11'),(587553125838094336,502375861324873728,502375965427499008,'寄黄几复','/up/mooc/played-04.png','5fd714ac32a86243299ad66d0c61f33c_5','张三',12,'2017-08-04 17:02:03'),(587553138022547456,502375861324873728,502375965427499008,'寄黄几复','/up/mooc/played-04.png','5fd714ac32a86243299ad66d0c61f33c_5','张三',12,'2017-08-04 17:02:06'),(587565973129658368,502373641816637440,502373985082671104,'按天结婚','/up/mooc/played-08.png','5fd714ac321ddb740ec838396e7d11a5_5','张三',12,'2017-08-04 17:53:06'),(587570421608480768,502371178464149504,502371304695922688,'可1','/up/mooc/played-03.png','5fd714ac32cafc3de9b3a94f20a2c3a4_5','张三',1,'2017-08-04 18:10:47'),(588551656560394240,502392010225745920,502392087107338240,'阿道夫','/up/mooc/played-12.png','5fd714ac322960f692ea172d32cfbd8f_5','张三',1,'2017-08-07 11:09:52'),(588551676151988224,502392010225745920,502392087107338240,'阿道夫','/up/mooc/played-12.png','5fd714ac322960f692ea172d32cfbd8f_5','张三',1,'2017-08-07 11:09:56'),(588645334821896192,502371837582245888,502371909967544320,'大法好','/up/mooc/played-05.png','5fd714ac32b4cff657493d41b6f0d449_5','张三',1,'2017-08-07 17:22:06'),(588877007471771648,502371837582245888,502371909967544320,'大法好','/up/mooc/played-05.png','5fd714ac32b4cff657493d41b6f0d449_5','张三',1,'2017-08-08 08:42:41'),(588877931141398528,502370438672809984,502370539747147776,'课时1','/up/mooc/played-01.png','5fd714ac321caaa35eb676ca80540a43_5','张三',1,'2017-08-08 08:46:21'),(588878739190841344,502381250258927616,502381589641035776,'个人股','/up/mooc/played-07.png','5fd714ac32f2d5e90a01ca24b2ce5d48_5','顾春红',20,'2017-08-08 08:49:34'),(588878762221764608,502384164473929728,502384238025244672,'儿好','/up/mooc/played-08.png','5fd714ac32428cb08c4f952399f781bb_5','顾春红',20,'2017-08-08 08:49:40'),(588878796694749184,502384433635000320,502384504334188544,'人家','/up/mooc/played-09.png','5fd714ac32ab27d235494f61f1b9be47_5','顾春红',20,'2017-08-08 08:49:48'),(588878826591748096,502396887379214336,502396945445158912,'adhadf','/up/mooc/played-01.png','5fd714ac32308ce46ef64cbb4ba1cdd4_5','顾春红',20,'2017-08-08 08:49:55'),(588878923228512256,502397542760185856,502397609260875776,'adfhadfh','/up/mooc/played-03.png','5fd714ac3287d5fefaf3e48ca4b15994_5','顾春红',20,'2017-08-08 08:50:18'),(588879178074423296,502392506701316096,502392570903527424,'大法好啊','/up/mooc/played-02.png','5fd714ac32201c06fd43e3371487663e_5','张三',20,'2017-08-08 08:51:19'),(588881716995686400,502396242639192064,502396304106717184,'安顿好','/up/mooc/played-11.png','5fd714ac32b04d27f267b0c0e1216e99_5','顾春红',20,'2017-08-08 09:01:24'),(588881734016172032,502384164473929728,502384238025244672,'儿好','/up/mooc/played-08.png','5fd714ac32428cb08c4f952399f781bb_5','顾春红',20,'2017-08-08 09:01:28'),(588881748264222720,502381250258927616,502381589641035776,'个人股','/up/mooc/played-07.png','5fd714ac32f2d5e90a01ca24b2ce5d48_5','顾春红',20,'2017-08-08 09:01:32'),(588881761182679040,502396631400841216,502396704046186496,'和骨灰盒给','/up/mooc/played-12.png','5fd714ac32fb5705dc7cf851785de9eb_5','顾春红',20,'2017-08-08 09:01:35'),(588881770326261760,502396887379214336,502396945445158912,'adhadf','/up/mooc/played-01.png','5fd714ac32308ce46ef64cbb4ba1cdd4_5','顾春红',20,'2017-08-08 09:01:37'),(588881792040173568,502396887379214336,502396945445158912,'adhadf','/up/mooc/played-01.png','5fd714ac32308ce46ef64cbb4ba1cdd4_5','顾春红',20,'2017-08-08 09:01:42'),(588881807512961024,502384433635000320,502384504334188544,'人家','/up/mooc/played-09.png','5fd714ac32ab27d235494f61f1b9be47_5','顾春红',20,'2017-08-08 09:01:46'),(588897846799892480,502371837582245888,502371909967544320,'大法好','/up/mooc/played-05.png','5fd714ac32b4cff657493d41b6f0d449_5','张三',1,'2017-08-08 10:05:30'),(588898040769675264,502392275943292928,502392367806939136,'大个人更','/up/mooc/played-01.png','5fd714ac329475e2300d75a184c2f762_5','张三',1,'2017-08-08 10:06:16'),(588898073040650240,502392275943292928,502392367806939136,'大个人更','/up/mooc/played-01.png','5fd714ac329475e2300d75a184c2f762_5','张三',1,'2017-08-08 10:06:24'),(588898245535596544,502373641816637440,502373985082671104,'按天结婚','/up/mooc/played-08.png','5fd714ac321ddb740ec838396e7d11a5_5','张三',11,'2017-08-08 10:07:05'),(588898354516197376,502373641816637440,502373985082671104,'按天结婚','/up/mooc/played-08.png','5fd714ac321ddb740ec838396e7d11a5_5','张三',1,'2017-08-08 10:07:31'),(588900304238411776,588898630040027136,588900160151486464,'第一课时','http://img.videocc.net/uimage/5/5fd714ac32/6/5fd714ac3264fe41e821c15675ac1d56_0.jpg','5fd714ac3264fe41e821c15675ac1d56_5','张三',1,'2017-08-08 10:15:16'),(588901500047065088,588898630040027136,588900160151486464,'第一课时','http://img.videocc.net/uimage/5/5fd714ac32/6/5fd714ac3264fe41e821c15675ac1d56_0.jpg','5fd714ac3264fe41e821c15675ac1d56_5','张三',1,'2017-08-08 10:20:01'),(588901564165390336,502392275943292928,502392367806939136,'大个人更','/up/mooc/played-01.png','5fd714ac329475e2300d75a184c2f762_5','张三',1,'2017-08-08 10:20:16'),(588901616984260608,588898630040027136,588900160151486464,'第一课时','http://img.videocc.net/uimage/5/5fd714ac32/6/5fd714ac3264fe41e821c15675ac1d56_0.jpg','5fd714ac3264fe41e821c15675ac1d56_5','张三',1,'2017-08-08 10:20:29'),(588901657853558784,588898630040027136,588900160151486464,'第一课时','http://img.videocc.net/uimage/5/5fd714ac32/6/5fd714ac3264fe41e821c15675ac1d56_0.jpg','5fd714ac3264fe41e821c15675ac1d56_5','张三',1,'2017-08-08 10:20:38'),(588904407798644736,502380960172474368,505547329072267264,'学习','/up/mooc/played-01.png','5fd714ac32843dbf7d35364e9ec1589d_5','顾春红',11,'2017-08-08 10:31:34'),(588904733033365504,502374222681604096,502374327807639552,'儿啊挺好','/up/mooc/played-09.png','5fd714ac322d1b276bb7a93d57c2554d_5','张三',11,'2017-08-08 10:32:52'),(588904855741923328,502374528802881536,502374618258997248,'坏人～(　TロT)σ5有人','/up/mooc/played-10.png','5fd714ac322df15d4a9a0f3590510dfb_5','张三',11,'2017-08-08 10:33:21'),(588905043332169728,588898630040027136,588900160151486464,'第一课时','http://img.videocc.net/uimage/5/5fd714ac32/6/5fd714ac3264fe41e821c15675ac1d56_0.jpg','5fd714ac3264fe41e821c15675ac1d56_5','张三',11,'2017-08-08 10:34:05'),(588905056133185536,588898630040027136,588900160151486464,'第一课时','http://img.videocc.net/uimage/5/5fd714ac32/6/5fd714ac3264fe41e821c15675ac1d56_0.jpg','5fd714ac3264fe41e821c15675ac1d56_5','张三',11,'2017-08-08 10:34:09'),(588911952252633088,588910930155274240,588911282359369728,'第一课程','http://img.videocc.net/uimage/5/5fd714ac32/7/5fd714ac32042bd0a7148b575a765257_0.jpg','5fd714ac32042bd0a7148b575a765257_5','顾春红',5,'2017-08-08 11:01:33'),(588911961698205696,588910930155274240,588911282359369728,'第一课程','http://img.videocc.net/uimage/5/5fd714ac32/7/5fd714ac32042bd0a7148b575a765257_0.jpg','5fd714ac32042bd0a7148b575a765257_5','顾春红',5,'2017-08-08 11:01:35'),(588923442875596800,502384433635000320,502384504334188544,'人家','/up/mooc/played-09.png','5fd714ac32ab27d235494f61f1b9be47_5','顾春红',11,'2017-08-08 11:47:12'),(589738934779510784,588898630040027136,588900160151486464,'第一课时','http://img.videocc.net/uimage/5/5fd714ac32/6/5fd714ac3264fe41e821c15675ac1d56_0.jpg','5fd714ac3264fe41e821c15675ac1d56_5','张三',1,'2017-08-10 17:47:41'),(589744320832077824,502373641816637440,502373985082671104,'按天结婚','/up/mooc/played-08.png','5fd714ac321ddb740ec838396e7d11a5_5','张三',1,'2017-08-10 18:09:05'),(591044199571259392,502373641816637440,502373985082671104,'按天结婚','/up/mooc/played-08.png','5fd714ac321ddb740ec838396e7d11a5_5','张三',5,'2017-08-14 08:14:20'),(591141219376037888,502371178464149504,502371304695922688,'可1','/up/mooc/played-03.png','5fd714ac32cafc3de9b3a94f20a2c3a4_5','张三',1,'2017-08-14 14:39:51'),(591781261677166592,502370438672809984,502370539747147776,'课时1','/up/mooc/played-01.png','5fd714ac321caaa35eb676ca80540a43_5','张三',1,'2017-08-16 09:03:09'),(591816467436011520,502373641816637440,502373985082671104,'按天结婚','/up/mooc/played-08.png','5fd714ac321ddb740ec838396e7d11a5_5','张三',5,'2017-08-16 11:23:03'),(591816904822226944,502373641816637440,502373985082671104,'按天结婚','/up/mooc/played-08.png','5fd714ac321ddb740ec838396e7d11a5_5','张三',5,'2017-08-16 11:24:47'),(591817040751230976,502375279713320960,502375357446356992,'爱过后爱的','/up/mooc/played-02.png','5fd714ac328b04f4826405519861c8f4_5','张三',5,'2017-08-16 11:25:20'),(591817516586631168,502373641816637440,502373985082671104,'按天结婚','/up/mooc/played-08.png','5fd714ac321ddb740ec838396e7d11a5_5','张三',5,'2017-08-16 11:27:13'),(591817790160109568,502373641816637440,502373985082671104,'按天结婚','/up/mooc/played-08.png','5fd714ac321ddb740ec838396e7d11a5_5','张三',5,'2017-08-16 11:28:18'),(591817998050787328,502373641816637440,502373985082671104,'按天结婚','/up/mooc/played-08.png','5fd714ac321ddb740ec838396e7d11a5_5','张三',5,'2017-08-16 11:29:08'),(591818152703164416,502373641816637440,502373985082671104,'按天结婚','/up/mooc/played-08.png','5fd714ac321ddb740ec838396e7d11a5_5','张三',5,'2017-08-16 11:29:45'),(591818304813793280,502373641816637440,502373985082671104,'按天结婚','/up/mooc/played-08.png','5fd714ac321ddb740ec838396e7d11a5_5','张三',5,'2017-08-16 11:30:21'),(591818354986057728,502373641816637440,502373985082671104,'按天结婚','/up/mooc/played-08.png','5fd714ac321ddb740ec838396e7d11a5_5','张三',5,'2017-08-16 11:30:33'),(591818357582331904,502373641816637440,502373985082671104,'按天结婚','/up/mooc/played-08.png','5fd714ac321ddb740ec838396e7d11a5_5','张三',5,'2017-08-16 11:30:34'),(591818358907731968,502373641816637440,502373985082671104,'按天结婚','/up/mooc/played-08.png','5fd714ac321ddb740ec838396e7d11a5_5','张三',5,'2017-08-16 11:30:34'),(591818359310385152,502373641816637440,502373985082671104,'按天结婚','/up/mooc/played-08.png','5fd714ac321ddb740ec838396e7d11a5_5','张三',5,'2017-08-16 11:30:34'),(591818359872421888,502373641816637440,502373985082671104,'按天结婚','/up/mooc/played-08.png','5fd714ac321ddb740ec838396e7d11a5_5','张三',5,'2017-08-16 11:30:34'),(591818360946163712,502373641816637440,502373985082671104,'按天结婚','/up/mooc/played-08.png','5fd714ac321ddb740ec838396e7d11a5_5','张三',5,'2017-08-16 11:30:35'),(591818361508200448,502373641816637440,502373985082671104,'按天结婚','/up/mooc/played-08.png','5fd714ac321ddb740ec838396e7d11a5_5','张三',5,'2017-08-16 11:30:35'),(591818362665828352,502373641816637440,502373985082671104,'按天结婚','/up/mooc/played-08.png','5fd714ac321ddb740ec838396e7d11a5_5','张三',5,'2017-08-16 11:30:35'),(591818457389989888,502373641816637440,502373985082671104,'按天结婚','/up/mooc/played-08.png','5fd714ac321ddb740ec838396e7d11a5_5','张三',5,'2017-08-16 11:30:58'),(591818468764942336,502373641816637440,502373985082671104,'按天结婚','/up/mooc/played-08.png','5fd714ac321ddb740ec838396e7d11a5_5','张三',5,'2017-08-16 11:31:00'),(591818473265430528,502373641816637440,502373985082671104,'按天结婚','/up/mooc/played-08.png','5fd714ac321ddb740ec838396e7d11a5_5','张三',5,'2017-08-16 11:31:01'),(591818476667011072,502373641816637440,502373985082671104,'按天结婚','/up/mooc/played-08.png','5fd714ac321ddb740ec838396e7d11a5_5','张三',5,'2017-08-16 11:31:02'),(591818845333749760,502373641816637440,502373985082671104,'按天结婚','/up/mooc/played-08.png','5fd714ac321ddb740ec838396e7d11a5_5','张三',5,'2017-08-16 11:32:30'),(591818979815718912,502373641816637440,502373985082671104,'按天结婚','/up/mooc/played-08.png','5fd714ac321ddb740ec838396e7d11a5_5','张三',5,'2017-08-16 11:33:02'),(591818996769095680,502373641816637440,502373985082671104,'按天结婚','/up/mooc/played-08.png','5fd714ac321ddb740ec838396e7d11a5_5','张三',5,'2017-08-16 11:33:06'),(591818998392291328,502373641816637440,502373985082671104,'按天结婚','/up/mooc/played-08.png','5fd714ac321ddb740ec838396e7d11a5_5','张三',5,'2017-08-16 11:33:07'),(591818999168237568,502373641816637440,502373985082671104,'按天结婚','/up/mooc/played-08.png','5fd714ac321ddb740ec838396e7d11a5_5','张三',5,'2017-08-16 11:33:07'),(591818999411507200,502373641816637440,502373985082671104,'按天结婚','/up/mooc/played-08.png','5fd714ac321ddb740ec838396e7d11a5_5','张三',5,'2017-08-16 11:33:07'),(591819000564940800,502373641816637440,502373985082671104,'按天结婚','/up/mooc/played-08.png','5fd714ac321ddb740ec838396e7d11a5_5','张三',5,'2017-08-16 11:33:07'),(591819158119776256,502373641816637440,502373985082671104,'按天结婚','/up/mooc/played-08.png','5fd714ac321ddb740ec838396e7d11a5_5','张三',5,'2017-08-16 11:33:45'),(591819373358874624,502373641816637440,502373985082671104,'按天结婚','/up/mooc/played-08.png','5fd714ac321ddb740ec838396e7d11a5_5','张三',5,'2017-08-16 11:34:36'),(591819418095321088,502373641816637440,502373985082671104,'按天结婚','/up/mooc/played-08.png','5fd714ac321ddb740ec838396e7d11a5_5','张三',5,'2017-08-16 11:34:47'),(591819493156585472,502373641816637440,502373985082671104,'按天结婚','/up/mooc/played-08.png','5fd714ac321ddb740ec838396e7d11a5_5','张三',5,'2017-08-16 11:35:04'),(591819521761738752,502373641816637440,502373985082671104,'按天结婚','/up/mooc/played-08.png','5fd714ac321ddb740ec838396e7d11a5_5','张三',5,'2017-08-16 11:35:11'),(591819523464626176,502373641816637440,502373985082671104,'按天结婚','/up/mooc/played-08.png','5fd714ac321ddb740ec838396e7d11a5_5','张三',5,'2017-08-16 11:35:12'),(591819616947273728,502373641816637440,502373985082671104,'按天结婚','/up/mooc/played-08.png','5fd714ac321ddb740ec838396e7d11a5_5','张三',5,'2017-08-16 11:35:34'),(591820118405677056,502373641816637440,502373985082671104,'按天结婚','/up/mooc/played-08.png','5fd714ac321ddb740ec838396e7d11a5_5','张三',5,'2017-08-16 11:37:34'),(591820864593330176,502373641816637440,502373985082671104,'按天结婚','/up/mooc/played-08.png','5fd714ac321ddb740ec838396e7d11a5_5','张三',5,'2017-08-16 11:40:31'),(591820970142990336,502373641816637440,502373985082671104,'按天结婚','/up/mooc/played-08.png','5fd714ac321ddb740ec838396e7d11a5_5','张三',5,'2017-08-16 11:40:57'),(591821053118906368,502373641816637440,502373985082671104,'按天结婚','/up/mooc/played-08.png','5fd714ac321ddb740ec838396e7d11a5_5','张三',5,'2017-08-16 11:41:16'),(591821101626032128,502373641816637440,502373985082671104,'按天结婚','/up/mooc/played-08.png','5fd714ac321ddb740ec838396e7d11a5_5','张三',5,'2017-08-16 11:41:28'),(591821114640957440,502373641816637440,502373985082671104,'按天结婚','/up/mooc/played-08.png','5fd714ac321ddb740ec838396e7d11a5_5','张三',5,'2017-08-16 11:41:31'),(591821176867651584,502373641816637440,502373985082671104,'按天结婚','/up/mooc/played-08.png','5fd714ac321ddb740ec838396e7d11a5_5','张三',5,'2017-08-16 11:41:46'),(591821249231978496,502381250258927616,502381589641035776,'个人股','/up/mooc/played-07.png','5fd714ac32f2d5e90a01ca24b2ce5d48_5','顾春红',5,'2017-08-16 11:42:03'),(591821681408868352,502373641816637440,502373985082671104,'按天结婚','/up/mooc/played-08.png','5fd714ac321ddb740ec838396e7d11a5_5','张三',5,'2017-08-16 11:43:46'),(591822645410922496,502373641816637440,502373985082671104,'按天结婚','/up/mooc/played-08.png','5fd714ac321ddb740ec838396e7d11a5_5','张三',5,'2017-08-16 11:47:36'),(591823333578768384,502392275943292928,502392367806939136,'大个人更','/up/mooc/played-01.png','5fd714ac329475e2300d75a184c2f762_5','张三',5,'2017-08-16 11:50:20'),(591823569785192448,502373641816637440,502373985082671104,'按天结婚','/up/mooc/played-08.png','5fd714ac321ddb740ec838396e7d11a5_5','张三',5,'2017-08-16 11:51:16'),(591823863323557888,502373641816637440,502373985082671104,'按天结婚','/up/mooc/played-08.png','5fd714ac321ddb740ec838396e7d11a5_5','张三',8,'2017-08-16 11:52:26'),(591823987730808832,502384164473929728,502384238025244672,'儿好','/up/mooc/played-08.png','5fd714ac32428cb08c4f952399f781bb_5','顾春红',5,'2017-08-16 11:52:56'),(591824088037588992,502373641816637440,502373985082671104,'按天结婚','/up/mooc/played-08.png','5fd714ac321ddb740ec838396e7d11a5_5','张三',8,'2017-08-16 11:53:20'),(591824194564521984,502373641816637440,502373985082671104,'按天结婚','/up/mooc/played-08.png','5fd714ac321ddb740ec838396e7d11a5_5','张三',8,'2017-08-16 11:53:45'),(591824206140801024,502373641816637440,502373985082671104,'按天结婚','/up/mooc/played-08.png','5fd714ac321ddb740ec838396e7d11a5_5','张三',8,'2017-08-16 11:53:48'),(591824212021215232,502373641816637440,502373985082671104,'按天结婚','/up/mooc/played-08.png','5fd714ac321ddb740ec838396e7d11a5_5','张三',8,'2017-08-16 11:53:50'),(591824219264778240,502373641816637440,502373985082671104,'按天结婚','/up/mooc/played-08.png','5fd714ac321ddb740ec838396e7d11a5_5','张三',8,'2017-08-16 11:53:51'),(591824928647413760,502373641816637440,502373985082671104,'按天结婚','/up/mooc/played-08.png','5fd714ac321ddb740ec838396e7d11a5_5','张三',8,'2017-08-16 11:56:40'),(591824978421219328,502373641816637440,502373985082671104,'按天结婚','/up/mooc/played-08.png','5fd714ac321ddb740ec838396e7d11a5_5','张三',8,'2017-08-16 11:56:52'),(591851374770126848,502373641816637440,502373985082671104,'按天结婚','/up/mooc/played-08.png','5fd714ac321ddb740ec838396e7d11a5_5','张三',8,'2017-08-16 13:41:46'),(591852414642946048,502373641816637440,502373985082671104,'按天结婚','/up/mooc/played-08.png','5fd714ac321ddb740ec838396e7d11a5_5','张三',8,'2017-08-16 13:45:54'),(591852430753267712,502373641816637440,502373985082671104,'按天结婚','/up/mooc/played-08.png','5fd714ac321ddb740ec838396e7d11a5_5','张三',8,'2017-08-16 13:45:57'),(591852505558679552,502373641816637440,502373985082671104,'按天结婚','/up/mooc/played-08.png','5fd714ac321ddb740ec838396e7d11a5_5','张三',8,'2017-08-16 13:46:15'),(591852958891638784,502373641816637440,502373985082671104,'按天结婚','/up/mooc/played-08.png','5fd714ac321ddb740ec838396e7d11a5_5','张三',8,'2017-08-16 13:48:03'),(591852976188948480,502373641816637440,502373985082671104,'按天结婚','/up/mooc/played-08.png','5fd714ac321ddb740ec838396e7d11a5_5','张三',8,'2017-08-16 13:48:07'),(591853080069275648,502373641816637440,502373985082671104,'按天结婚','/up/mooc/played-08.png','5fd714ac321ddb740ec838396e7d11a5_5','张三',8,'2017-08-16 13:48:32'),(591853321606660096,502373641816637440,502373985082671104,'按天结婚','/up/mooc/played-08.png','5fd714ac321ddb740ec838396e7d11a5_5','张三',8,'2017-08-16 13:49:30'),(591853329454202880,502373641816637440,502373985082671104,'按天结婚','/up/mooc/played-08.png','5fd714ac321ddb740ec838396e7d11a5_5','张三',8,'2017-08-16 13:49:32'),(591853334663528448,502373641816637440,502373985082671104,'按天结婚','/up/mooc/played-08.png','5fd714ac321ddb740ec838396e7d11a5_5','张三',8,'2017-08-16 13:49:33'),(591853580428771328,502392010225745920,502392087107338240,'阿道夫','/up/mooc/played-12.png','5fd714ac322960f692ea172d32cfbd8f_5','张三',8,'2017-08-16 13:50:32'),(591858839989518336,502373641816637440,502373985082671104,'按天结婚','/up/mooc/played-08.png','5fd714ac321ddb740ec838396e7d11a5_5','张三',5,'2017-08-16 14:11:25'),(591859385660080128,502381250258927616,502381589641035776,'个人股','/up/mooc/played-07.png','5fd714ac32f2d5e90a01ca24b2ce5d48_5','顾春红',5,'2017-08-16 14:13:36'),(591859584914685952,502373641816637440,502373985082671104,'按天结婚','/up/mooc/played-08.png','5fd714ac321ddb740ec838396e7d11a5_5','张三',5,'2017-08-16 14:14:23'),(591863078153355264,502381250258927616,502381589641035776,'个人股','/up/mooc/played-07.png','5fd714ac32f2d5e90a01ca24b2ce5d48_5','顾春红',5,'2017-08-16 14:28:16'),(591863932143009792,502374222681604096,502374327807639552,'儿啊挺好','/up/mooc/played-09.png','5fd714ac322d1b276bb7a93d57c2554d_5','张三',5,'2017-08-16 14:31:40'),(591864591055585280,502374222681604096,502374327807639552,'儿啊挺好','/up/mooc/played-09.png','5fd714ac322d1b276bb7a93d57c2554d_5','张三',5,'2017-08-16 14:34:17'),(591864734244929536,502374222681604096,502374327807639552,'儿啊挺好','/up/mooc/played-09.png','5fd714ac322d1b276bb7a93d57c2554d_5','张三',5,'2017-08-16 14:34:51'),(591865040085188608,502374222681604096,502374327807639552,'儿啊挺好','/up/mooc/played-09.png','5fd714ac322d1b276bb7a93d57c2554d_5','张三',5,'2017-08-16 14:36:04'),(591865051271397376,502373641816637440,502373985082671104,'按天结婚','/up/mooc/played-08.png','5fd714ac321ddb740ec838396e7d11a5_5','张三',1,'2017-08-16 14:36:06'),(591865435612250112,502373641816637440,502373985082671104,'按天结婚','/up/mooc/played-08.png','5fd714ac321ddb740ec838396e7d11a5_5','张三',1,'2017-08-16 14:37:38'),(591865712478257152,502373641816637440,502373985082671104,'按天结婚','/up/mooc/played-08.png','5fd714ac321ddb740ec838396e7d11a5_5','张三',1,'2017-08-16 14:38:44'),(591865736201240576,502373641816637440,502373985082671104,'按天结婚','/up/mooc/played-08.png','5fd714ac321ddb740ec838396e7d11a5_5','张三',1,'2017-08-16 14:38:50'),(591865892942381056,502381250258927616,502381589641035776,'个人股','/up/mooc/played-07.png','5fd714ac32f2d5e90a01ca24b2ce5d48_5','顾春红',5,'2017-08-16 14:39:27'),(591866150028050432,502373641816637440,502373985082671104,'按天结婚','/up/mooc/played-08.png','5fd714ac321ddb740ec838396e7d11a5_5','张三',5,'2017-08-16 14:40:28'),(591866518015311872,502373641816637440,502373985082671104,'按天结婚','/up/mooc/played-08.png','5fd714ac321ddb740ec838396e7d11a5_5','张三',9,'2017-08-16 14:41:56'),(591866977497120768,502381250258927616,502381589641035776,'个人股','/up/mooc/played-07.png','5fd714ac32f2d5e90a01ca24b2ce5d48_5','顾春红',11,'2017-08-16 14:43:46'),(591867036775219200,588898630040027136,588900160151486464,'第一课时','http://img.videocc.net/uimage/5/5fd714ac32/6/5fd714ac3264fe41e821c15675ac1d56_0.jpg','5fd714ac3264fe41e821c15675ac1d56_5','张三',11,'2017-08-16 14:44:00'),(591869834958995456,502373641816637440,502373985082671104,'按天结婚','/up/mooc/played-08.png','5fd714ac321ddb740ec838396e7d11a5_5','张三',1,'2017-08-16 14:55:07'),(591869869037715456,502374222681604096,502374327807639552,'儿啊挺好','/up/mooc/played-09.png','5fd714ac322d1b276bb7a93d57c2554d_5','张三',1,'2017-08-16 14:55:15'),(591870043327823872,502392010225745920,502392087107338240,'阿道夫','/up/mooc/played-12.png','5fd714ac322960f692ea172d32cfbd8f_5','张三',1,'2017-08-16 14:55:57'),(591870137615777792,502373641816637440,502373985082671104,'按天结婚','/up/mooc/played-08.png','5fd714ac321ddb740ec838396e7d11a5_5','张三',1,'2017-08-16 14:56:19'),(591870680979472384,502373641816637440,502373985082671104,'按天结婚','/up/mooc/played-08.png','5fd714ac321ddb740ec838396e7d11a5_5','张三',9,'2017-08-16 14:58:29'),(591870708536049664,502374222681604096,502374327807639552,'儿啊挺好','/up/mooc/played-09.png','5fd714ac322d1b276bb7a93d57c2554d_5','张三',9,'2017-08-16 14:58:35'),(591870824634384384,502374222681604096,502374327807639552,'儿啊挺好','/up/mooc/played-09.png','5fd714ac322d1b276bb7a93d57c2554d_5','张三',9,'2017-08-16 14:59:03'),(591870943396102144,502374222681604096,502374327807639552,'儿啊挺好','/up/mooc/played-09.png','5fd714ac322d1b276bb7a93d57c2554d_5','张三',9,'2017-08-16 14:59:31'),(591870953022029824,502374222681604096,502374327807639552,'儿啊挺好','/up/mooc/played-09.png','5fd714ac322d1b276bb7a93d57c2554d_5','张三',9,'2017-08-16 14:59:33'),(591870957690290176,502374222681604096,502374327807639552,'儿啊挺好','/up/mooc/played-09.png','5fd714ac322d1b276bb7a93d57c2554d_5','张三',9,'2017-08-16 14:59:35'),(591870962991890432,502374222681604096,502374327807639552,'儿啊挺好','/up/mooc/played-09.png','5fd714ac322d1b276bb7a93d57c2554d_5','张三',9,'2017-08-16 14:59:36'),(591870992955998208,502374222681604096,502374327807639552,'儿啊挺好','/up/mooc/played-09.png','5fd714ac322d1b276bb7a93d57c2554d_5','张三',9,'2017-08-16 14:59:43'),(591871711389941760,502392275943292928,502392367806939136,'大个人更','/up/mooc/played-01.png','5fd714ac329475e2300d75a184c2f762_5','张三',9,'2017-08-16 15:02:34'),(591871752015970304,502392010225745920,502392087107338240,'阿道夫','/up/mooc/played-12.png','5fd714ac322960f692ea172d32cfbd8f_5','张三',9,'2017-08-16 15:02:44'),(591872603623260160,502374222681604096,502374327807639552,'儿啊挺好','/up/mooc/played-09.png','5fd714ac322d1b276bb7a93d57c2554d_5','张三',9,'2017-08-16 15:06:07'),(591872672216907776,502390616454332416,502390683663859712,'返回','/up/mooc/played-08.png','5fd714ac323b3b782f6148ea1a012a02_5','张三',9,'2017-08-16 15:06:23'),(591873162711400448,502392275943292928,502392367806939136,'大个人更','/up/mooc/played-01.png','5fd714ac329475e2300d75a184c2f762_5','张三',9,'2017-08-16 15:08:20'),(591873788119875584,502392275943292928,502392367806939136,'大个人更','/up/mooc/played-01.png','5fd714ac329475e2300d75a184c2f762_5','张三',9,'2017-08-16 15:10:49'),(591874133554364416,502374222681604096,502374327807639552,'儿啊挺好','/up/mooc/played-09.png','5fd714ac322d1b276bb7a93d57c2554d_5','张三',9,'2017-08-16 15:12:12'),(591874327595450368,502373641816637440,502373985082671104,'按天结婚','/up/mooc/played-08.png','5fd714ac321ddb740ec838396e7d11a5_5','张三',1,'2017-08-16 15:12:58'),(591874456285085696,502373641816637440,502373985082671104,'按天结婚','/up/mooc/played-08.png','5fd714ac321ddb740ec838396e7d11a5_5','张三',1,'2017-08-16 15:13:29'),(591874514938232832,502373641816637440,502373985082671104,'按天结婚','/up/mooc/played-08.png','5fd714ac321ddb740ec838396e7d11a5_5','张三',1,'2017-08-16 15:13:43'),(591878129765580800,502374222681604096,502374327807639552,'儿啊挺好','/up/mooc/played-09.png','5fd714ac322d1b276bb7a93d57c2554d_5','张三',9,'2017-08-16 15:28:05'),(591878248963506176,502374222681604096,502374327807639552,'儿啊挺好','/up/mooc/played-09.png','5fd714ac322d1b276bb7a93d57c2554d_5','张三',9,'2017-08-16 15:28:33'),(591885471928287232,591884966485295104,591885446200426496,'数据结构','http://img.videocc.net/uimage/5/5fd714ac32/d/5fd714ac327e1ca0af3d082f2b01448d_0.jpg','5fd714ac327e1ca0af3d082f2b01448d_5','桂荣',9,'2017-08-16 15:57:15'),(591885784433295360,502374222681604096,502374327807639552,'儿啊挺好','/up/mooc/played-09.png','5fd714ac322d1b276bb7a93d57c2554d_5','张三',1,'2017-08-16 15:58:30'),(591886082170159104,502374222681604096,502374327807639552,'儿啊挺好','/up/mooc/played-09.png','5fd714ac322d1b276bb7a93d57c2554d_5','张三',1,'2017-08-16 15:59:41'),(591887002488537088,591884966485295104,591885446200426496,'数据结构','http://img.videocc.net/uimage/5/5fd714ac32/d/5fd714ac327e1ca0af3d082f2b01448d_0.jpg','5fd714ac327e1ca0af3d082f2b01448d_5','桂荣',9,'2017-08-16 16:03:20'),(591887643340439552,502397926136348672,502397983535398912,'打个哈德发和','/up/mooc/played-04.png','5fd714ac329c7d7c45e9892b7e468507_5','顾春红',9,'2017-08-16 16:05:53'),(591900837983289344,502390616454332416,502390683663859712,'返回','/up/mooc/played-08.png','5fd714ac323b3b782f6148ea1a012a02_5','张三',1,'2017-08-16 16:58:19'),(592143372412518400,502390616454332416,502390683663859712,'返回','/up/mooc/played-08.png','5fd714ac323b3b782f6148ea1a012a02_5','张三',1,'2017-08-17 09:02:03'),(592152469048393728,502390616454332416,502390683663859712,'返回','/up/mooc/played-08.png','5fd714ac323b3b782f6148ea1a012a02_5','张三',1,'2017-08-17 09:38:12'),(592156650714955776,502390616454332416,502390683663859712,'返回','/up/mooc/played-08.png','5fd714ac323b3b782f6148ea1a012a02_5','张三',1,'2017-08-17 09:54:49'),(592158638974435328,502371837582245888,502371909967544320,'大法好','/up/mooc/played-05.png','5fd714ac32b4cff657493d41b6f0d449_5','张三',1,'2017-08-17 10:02:43'),(592241894428246016,502371837582245888,502371909967544320,'大法好','/up/mooc/played-05.png','5fd714ac32b4cff657493d41b6f0d449_5','张三',1,'2017-08-17 15:33:33'),(592244617856942080,502372070156402688,502372148573110272,'大法好哈哈','/up/mooc/played-06.png','5fd714ac3243fcc6893a07cddc478883_5','张三',1,'2017-08-17 15:44:22'),(592605164494389248,502370438672809984,502370539747147776,'课时1','/up/mooc/played-01.png','5fd714ac321caaa35eb676ca80540a43_5','张三',1,'2017-08-18 15:37:03'),(592605196245270528,588898630040027136,588900160151486464,'第一课时','http://img.videocc.net/uimage/5/5fd714ac32/6/5fd714ac3264fe41e821c15675ac1d56_0.jpg','5fd714ac3264fe41e821c15675ac1d56_5','张三',1,'2017-08-18 15:37:11'),(592623808372801536,502371837582245888,502371909967544320,'大法好','/up/mooc/played-05.png','5fd714ac32b4cff657493d41b6f0d449_5','张三',1,'2017-08-18 16:51:08'),(592645551489548288,502384164473929728,502384238025244672,'儿好','/up/mooc/played-08.png','5fd714ac32428cb08c4f952399f781bb_5','顾春红',5,'2017-08-18 18:17:32'),(592647155940851712,502384164473929728,502384238025244672,'儿好','/up/mooc/played-08.png','5fd714ac32428cb08c4f952399f781bb_5','顾春红',5,'2017-08-18 18:23:55'),(592647166590189568,502384164473929728,502384238025244672,'儿好','/up/mooc/played-08.png','5fd714ac32428cb08c4f952399f781bb_5','顾春红',5,'2017-08-18 18:23:57'),(592647185158373376,502384164473929728,502384238025244672,'儿好','/up/mooc/played-08.png','5fd714ac32428cb08c4f952399f781bb_5','顾春红',5,'2017-08-18 18:24:02'),(592647187624624128,502384164473929728,502384238025244672,'儿好','/up/mooc/played-08.png','5fd714ac32428cb08c4f952399f781bb_5','顾春红',5,'2017-08-18 18:24:02'),(592647188643840000,502384164473929728,502384238025244672,'儿好','/up/mooc/played-08.png','5fd714ac32428cb08c4f952399f781bb_5','顾春红',5,'2017-08-18 18:24:02'),(592647189461729280,502384164473929728,502384238025244672,'儿好','/up/mooc/played-08.png','5fd714ac32428cb08c4f952399f781bb_5','顾春红',5,'2017-08-18 18:24:03'),(592647190271229952,502384164473929728,502384238025244672,'儿好','/up/mooc/played-08.png','5fd714ac32428cb08c4f952399f781bb_5','顾春红',5,'2017-08-18 18:24:03'),(592647191340777472,502384164473929728,502384238025244672,'儿好','/up/mooc/played-08.png','5fd714ac32428cb08c4f952399f781bb_5','顾春红',5,'2017-08-18 18:24:03'),(592647192787812352,502384164473929728,502384238025244672,'儿好','/up/mooc/played-08.png','5fd714ac32428cb08c4f952399f781bb_5','顾春红',5,'2017-08-18 18:24:03'),(592647194071269376,502384164473929728,502384238025244672,'儿好','/up/mooc/played-08.png','5fd714ac32428cb08c4f952399f781bb_5','顾春红',5,'2017-08-18 18:24:04'),(592647195224702976,502384164473929728,502384238025244672,'儿好','/up/mooc/played-08.png','5fd714ac32428cb08c4f952399f781bb_5','顾春红',5,'2017-08-18 18:24:04'),(592647196290056192,502384164473929728,502384238025244672,'儿好','/up/mooc/played-08.png','5fd714ac32428cb08c4f952399f781bb_5','顾春红',5,'2017-08-18 18:24:04'),(592647197191831552,502384164473929728,502384238025244672,'儿好','/up/mooc/played-08.png','5fd714ac32428cb08c4f952399f781bb_5','顾春红',5,'2017-08-18 18:24:04'),(592647198131355648,502384164473929728,502384238025244672,'儿好','/up/mooc/played-08.png','5fd714ac32428cb08c4f952399f781bb_5','顾春红',5,'2017-08-18 18:24:05'),(592647198986993664,502384164473929728,502384238025244672,'儿好','/up/mooc/played-08.png','5fd714ac32428cb08c4f952399f781bb_5','顾春红',5,'2017-08-18 18:24:05'),(592647199884574720,502384164473929728,502384238025244672,'儿好','/up/mooc/played-08.png','5fd714ac32428cb08c4f952399f781bb_5','顾春红',5,'2017-08-18 18:24:05'),(592647200652132352,502384164473929728,502384238025244672,'儿好','/up/mooc/played-08.png','5fd714ac32428cb08c4f952399f781bb_5','顾春红',5,'2017-08-18 18:24:05'),(592647201511964672,502384164473929728,502384238025244672,'儿好','/up/mooc/played-08.png','5fd714ac32428cb08c4f952399f781bb_5','顾春红',5,'2017-08-18 18:24:06'),(592647202283716608,502384164473929728,502384238025244672,'儿好','/up/mooc/played-08.png','5fd714ac32428cb08c4f952399f781bb_5','顾春红',5,'2017-08-18 18:24:06'),(592647203181297664,502384164473929728,502384238025244672,'儿好','/up/mooc/played-08.png','5fd714ac32428cb08c4f952399f781bb_5','顾春红',5,'2017-08-18 18:24:06'),(592647204078878720,502384164473929728,502384238025244672,'儿好','/up/mooc/played-08.png','5fd714ac32428cb08c4f952399f781bb_5','顾春红',5,'2017-08-18 18:24:06'),(592647204640915456,502384164473929728,502384238025244672,'儿好','/up/mooc/played-08.png','5fd714ac32428cb08c4f952399f781bb_5','顾春红',5,'2017-08-18 18:24:06'),(592647205580439552,502384164473929728,502384238025244672,'儿好','/up/mooc/played-08.png','5fd714ac32428cb08c4f952399f781bb_5','顾春红',5,'2017-08-18 18:24:06'),(592647206394134528,502384164473929728,502384238025244672,'儿好','/up/mooc/played-08.png','5fd714ac32428cb08c4f952399f781bb_5','顾春红',5,'2017-08-18 18:24:07'),(592647207291715584,502384164473929728,502384238025244672,'儿好','/up/mooc/played-08.png','5fd714ac32428cb08c4f952399f781bb_5','顾春红',5,'2017-08-18 18:24:07'),(592647208105410560,502384164473929728,502384238025244672,'儿好','/up/mooc/played-08.png','5fd714ac32428cb08c4f952399f781bb_5','顾春红',5,'2017-08-18 18:24:07'),(592647208961048576,502384164473929728,502384238025244672,'儿好','/up/mooc/played-08.png','5fd714ac32428cb08c4f952399f781bb_5','顾春红',5,'2017-08-18 18:24:07'),(592647209732800512,502384164473929728,502384238025244672,'儿好','/up/mooc/played-08.png','5fd714ac32428cb08c4f952399f781bb_5','顾春红',5,'2017-08-18 18:24:07'),(592647210504552448,502384164473929728,502384238025244672,'儿好','/up/mooc/played-08.png','5fd714ac32428cb08c4f952399f781bb_5','顾春红',5,'2017-08-18 18:24:08'),(592647211314053120,502384164473929728,502384238025244672,'儿好','/up/mooc/played-08.png','5fd714ac32428cb08c4f952399f781bb_5','顾春红',5,'2017-08-18 18:24:08'),(592647212085805056,502384164473929728,502384238025244672,'儿好','/up/mooc/played-08.png','5fd714ac32428cb08c4f952399f781bb_5','顾春红',5,'2017-08-18 18:24:08'),(592647212987580416,502384164473929728,502384238025244672,'儿好','/up/mooc/played-08.png','5fd714ac32428cb08c4f952399f781bb_5','顾春红',5,'2017-08-18 18:24:08'),(592647213671251968,502384164473929728,502384238025244672,'儿好','/up/mooc/played-08.png','5fd714ac32428cb08c4f952399f781bb_5','顾春红',5,'2017-08-18 18:24:08'),(592647214443003904,502384164473929728,502384238025244672,'儿好','/up/mooc/played-08.png','5fd714ac32428cb08c4f952399f781bb_5','顾春红',5,'2017-08-18 18:24:09'),(592647215428665344,502384164473929728,502384238025244672,'儿好','/up/mooc/played-08.png','5fd714ac32428cb08c4f952399f781bb_5','顾春红',5,'2017-08-18 18:24:09'),(592647216498212864,502384164473929728,502384238025244672,'儿好','/up/mooc/played-08.png','5fd714ac32428cb08c4f952399f781bb_5','顾春红',5,'2017-08-18 18:24:09'),(592647217437736960,502384164473929728,502384238025244672,'儿好','/up/mooc/played-08.png','5fd714ac32428cb08c4f952399f781bb_5','顾春红',5,'2017-08-18 18:24:09'),(592647218377261056,502384164473929728,502384238025244672,'儿好','/up/mooc/played-08.png','5fd714ac32428cb08c4f952399f781bb_5','顾春红',5,'2017-08-18 18:24:10'),(592647219190956032,502384164473929728,502384238025244672,'儿好','/up/mooc/played-08.png','5fd714ac32428cb08c4f952399f781bb_5','顾春红',5,'2017-08-18 18:24:10'),(592647220050788352,502384164473929728,502384238025244672,'儿好','/up/mooc/played-08.png','5fd714ac32428cb08c4f952399f781bb_5','顾春红',5,'2017-08-18 18:24:10'),(592647220814151680,502384164473929728,502384238025244672,'儿好','/up/mooc/played-08.png','5fd714ac32428cb08c4f952399f781bb_5','顾春红',5,'2017-08-18 18:24:10'),(592647221590097920,502384164473929728,502384238025244672,'儿好','/up/mooc/played-08.png','5fd714ac32428cb08c4f952399f781bb_5','顾春红',5,'2017-08-18 18:24:10'),(592647222361849856,502384164473929728,502384238025244672,'儿好','/up/mooc/played-08.png','5fd714ac32428cb08c4f952399f781bb_5','顾春红',5,'2017-08-18 18:24:10'),(592647223133601792,502384164473929728,502384238025244672,'儿好','/up/mooc/played-08.png','5fd714ac32428cb08c4f952399f781bb_5','顾春红',5,'2017-08-18 18:24:11'),(592647223947296768,502384164473929728,502384238025244672,'儿好','/up/mooc/played-08.png','5fd714ac32428cb08c4f952399f781bb_5','顾春红',5,'2017-08-18 18:24:11'),(592647224760991744,502384164473929728,502384238025244672,'儿好','/up/mooc/played-08.png','5fd714ac32428cb08c4f952399f781bb_5','顾春红',5,'2017-08-18 18:24:11'),(592647225574686720,502384164473929728,502384238025244672,'儿好','/up/mooc/played-08.png','5fd714ac32428cb08c4f952399f781bb_5','顾春红',5,'2017-08-18 18:24:11'),(592647227403403264,502384164473929728,502384238025244672,'儿好','/up/mooc/played-08.png','5fd714ac32428cb08c4f952399f781bb_5','顾春红',5,'2017-08-18 18:24:12'),(592647228431007744,502384164473929728,502384238025244672,'儿好','/up/mooc/played-08.png','5fd714ac32428cb08c4f952399f781bb_5','顾春红',5,'2017-08-18 18:24:12'),(592647229072736256,502384164473929728,502384238025244672,'儿好','/up/mooc/played-08.png','5fd714ac32428cb08c4f952399f781bb_5','顾春红',5,'2017-08-18 18:24:12'),(592647230016454656,502384164473929728,502384238025244672,'儿好','/up/mooc/played-08.png','5fd714ac32428cb08c4f952399f781bb_5','顾春红',5,'2017-08-18 18:24:12'),(592647230997921792,502384164473929728,502384238025244672,'儿好','/up/mooc/played-08.png','5fd714ac32428cb08c4f952399f781bb_5','顾春红',5,'2017-08-18 18:24:13'),(592647231794839552,502384164473929728,502384238025244672,'儿好','/up/mooc/played-08.png','5fd714ac32428cb08c4f952399f781bb_5','顾春红',5,'2017-08-18 18:24:13'),(592647232684032000,588898630040027136,588900160151486464,'第一课时','http://img.videocc.net/uimage/5/5fd714ac32/6/5fd714ac3264fe41e821c15675ac1d56_0.jpg','5fd714ac3264fe41e821c15675ac1d56_5','张三',1,'2017-08-18 18:24:13'),(592647236546985984,502384164473929728,502384238025244672,'儿好','/up/mooc/played-08.png','5fd714ac32428cb08c4f952399f781bb_5','顾春红',5,'2017-08-18 18:24:14'),(592647237448761344,502384164473929728,502384238025244672,'儿好','/up/mooc/played-08.png','5fd714ac32428cb08c4f952399f781bb_5','顾春红',5,'2017-08-18 18:24:14'),(592647238258262016,502384164473929728,502384238025244672,'儿好','/up/mooc/played-08.png','5fd714ac32428cb08c4f952399f781bb_5','顾春红',5,'2017-08-18 18:24:14'),(592647238904184832,502384164473929728,502384238025244672,'儿好','/up/mooc/played-08.png','5fd714ac32428cb08c4f952399f781bb_5','顾春红',5,'2017-08-18 18:24:14'),(592647239759822848,502384164473929728,502384238025244672,'儿好','/up/mooc/played-08.png','5fd714ac32428cb08c4f952399f781bb_5','顾春红',5,'2017-08-18 18:24:15'),(592647240447688704,502384164473929728,502384238025244672,'儿好','/up/mooc/played-08.png','5fd714ac32428cb08c4f952399f781bb_5','顾春红',5,'2017-08-18 18:24:15'),(592647241173303296,502384164473929728,502384238025244672,'儿好','/up/mooc/played-08.png','5fd714ac32428cb08c4f952399f781bb_5','顾春红',5,'2017-08-18 18:24:15'),(592647241949249536,502384164473929728,502384238025244672,'儿好','/up/mooc/played-08.png','5fd714ac32428cb08c4f952399f781bb_5','顾春红',5,'2017-08-18 18:24:15'),(592647242716807168,502384164473929728,502384238025244672,'儿好','/up/mooc/played-08.png','5fd714ac32428cb08c4f952399f781bb_5','顾春红',5,'2017-08-18 18:24:15'),(592647274178281472,502384164473929728,502384238025244672,'儿好','/up/mooc/played-08.png','5fd714ac32428cb08c4f952399f781bb_5','顾春红',5,'2017-08-18 18:24:23'),(592647284622098432,502384164473929728,502384238025244672,'儿好','/up/mooc/played-08.png','5fd714ac32428cb08c4f952399f781bb_5','顾春红',5,'2017-08-18 18:24:25'),(592647285733588992,502384164473929728,502384238025244672,'儿好','/up/mooc/played-08.png','5fd714ac32428cb08c4f952399f781bb_5','顾春红',5,'2017-08-18 18:24:26'),(592647286681501696,502384164473929728,502384238025244672,'儿好','/up/mooc/played-08.png','5fd714ac32428cb08c4f952399f781bb_5','顾春红',5,'2017-08-18 18:24:26'),(592647287079960576,502384164473929728,502384238025244672,'儿好','/up/mooc/played-08.png','5fd714ac32428cb08c4f952399f781bb_5','顾春红',5,'2017-08-18 18:24:26'),(592647287906238464,502384164473929728,502384238025244672,'儿好','/up/mooc/played-08.png','5fd714ac32428cb08c4f952399f781bb_5','顾春红',5,'2017-08-18 18:24:26'),(592647288266948608,502384164473929728,502384238025244672,'儿好','/up/mooc/played-08.png','5fd714ac32428cb08c4f952399f781bb_5','顾春红',5,'2017-08-18 18:24:26'),(592647288703156224,502384164473929728,502384238025244672,'儿好','/up/mooc/played-08.png','5fd714ac32428cb08c4f952399f781bb_5','顾春红',5,'2017-08-18 18:24:26'),(592647289525239808,502384164473929728,502384238025244672,'儿好','/up/mooc/played-08.png','5fd714ac32428cb08c4f952399f781bb_5','顾春红',5,'2017-08-18 18:24:27'),(592647289881755648,502384164473929728,502384238025244672,'儿好','/up/mooc/played-08.png','5fd714ac32428cb08c4f952399f781bb_5','顾春红',5,'2017-08-18 18:24:27'),(592647290485735424,502384164473929728,502384238025244672,'儿好','/up/mooc/played-08.png','5fd714ac32428cb08c4f952399f781bb_5','顾春红',5,'2017-08-18 18:24:27'),(592647290888388608,502384164473929728,502384238025244672,'儿好','/up/mooc/played-08.png','5fd714ac32428cb08c4f952399f781bb_5','顾春红',5,'2017-08-18 18:24:27'),(592647291534311424,502384164473929728,502384238025244672,'儿好','/up/mooc/played-08.png','5fd714ac32428cb08c4f952399f781bb_5','顾春红',5,'2017-08-18 18:24:27'),(592647292058599424,502384164473929728,502384238025244672,'儿好','/up/mooc/played-08.png','5fd714ac32428cb08c4f952399f781bb_5','顾春红',5,'2017-08-18 18:24:27'),(592647292746465280,502384164473929728,502384238025244672,'儿好','/up/mooc/played-08.png','5fd714ac32428cb08c4f952399f781bb_5','顾春红',5,'2017-08-18 18:24:27'),(592647293153312768,502384164473929728,502384238025244672,'儿好','/up/mooc/played-08.png','5fd714ac32428cb08c4f952399f781bb_5','顾春红',5,'2017-08-18 18:24:27'),(592647294625513472,502384164473929728,502384238025244672,'儿好','/up/mooc/played-08.png','5fd714ac32428cb08c4f952399f781bb_5','顾春红',5,'2017-08-18 18:24:28'),(592647294742953984,502384164473929728,502384238025244672,'儿好','/up/mooc/played-08.png','5fd714ac32428cb08c4f952399f781bb_5','顾春红',5,'2017-08-18 18:24:28'),(592647294982029312,502384164473929728,502384238025244672,'儿好','/up/mooc/played-08.png','5fd714ac32428cb08c4f952399f781bb_5','顾春红',5,'2017-08-18 18:24:28'),(592647295544066048,502384164473929728,502384238025244672,'儿好','/up/mooc/played-08.png','5fd714ac32428cb08c4f952399f781bb_5','顾春红',5,'2017-08-18 18:24:28'),(592647296236126208,502384164473929728,502384238025244672,'儿好','/up/mooc/played-08.png','5fd714ac32428cb08c4f952399f781bb_5','顾春红',5,'2017-08-18 18:24:28'),(592647296638779392,502384164473929728,502384238025244672,'儿好','/up/mooc/played-08.png','5fd714ac32428cb08c4f952399f781bb_5','顾春红',5,'2017-08-18 18:24:28'),(592647297540554752,502384164473929728,502384238025244672,'儿好','/up/mooc/played-08.png','5fd714ac32428cb08c4f952399f781bb_5','顾春红',5,'2017-08-18 18:24:28'),(592647316943405056,502384164473929728,502384238025244672,'儿好','/up/mooc/played-08.png','5fd714ac32428cb08c4f952399f781bb_5','顾春红',5,'2017-08-18 18:24:33'),(592647317920677888,502384164473929728,502384238025244672,'儿好','/up/mooc/played-08.png','5fd714ac32428cb08c4f952399f781bb_5','顾春红',5,'2017-08-18 18:24:33'),(592647318692429824,502384164473929728,502384238025244672,'儿好','/up/mooc/played-08.png','5fd714ac32428cb08c4f952399f781bb_5','顾春红',5,'2017-08-18 18:24:33'),(592647319640342528,502384164473929728,502384238025244672,'儿好','/up/mooc/played-08.png','5fd714ac32428cb08c4f952399f781bb_5','顾春红',5,'2017-08-18 18:24:34'),(592647328477741056,502384164473929728,502384238025244672,'儿好','/up/mooc/played-08.png','5fd714ac32428cb08c4f952399f781bb_5','顾春红',5,'2017-08-18 18:24:36'),(592647329719255040,502384164473929728,502384238025244672,'儿好','/up/mooc/played-08.png','5fd714ac32428cb08c4f952399f781bb_5','顾春红',5,'2017-08-18 18:24:36'),(592647330918825984,502384164473929728,502384238025244672,'儿好','/up/mooc/played-08.png','5fd714ac32428cb08c4f952399f781bb_5','顾春红',5,'2017-08-18 18:24:36'),(592647331904487424,502384164473929728,502384238025244672,'儿好','/up/mooc/played-08.png','5fd714ac32428cb08c4f952399f781bb_5','顾春红',5,'2017-08-18 18:24:37'),(592647332936286208,502384164473929728,502384238025244672,'儿好','/up/mooc/played-08.png','5fd714ac32428cb08c4f952399f781bb_5','顾春红',5,'2017-08-18 18:24:37'),(592647333968084992,502384164473929728,502384238025244672,'儿好','/up/mooc/played-08.png','5fd714ac32428cb08c4f952399f781bb_5','顾春红',5,'2017-08-18 18:24:37'),(592647335121518592,502384164473929728,502384238025244672,'儿好','/up/mooc/played-08.png','5fd714ac32428cb08c4f952399f781bb_5','顾春红',5,'2017-08-18 18:24:37'),(592647336404975616,502384164473929728,502384238025244672,'儿好','/up/mooc/played-08.png','5fd714ac32428cb08c4f952399f781bb_5','顾春红',5,'2017-08-18 18:24:38'),(592647337604546560,502384164473929728,502384238025244672,'儿好','/up/mooc/played-08.png','5fd714ac32428cb08c4f952399f781bb_5','顾春红',5,'2017-08-18 18:24:38'),(592647338594402304,502384164473929728,502384238025244672,'儿好','/up/mooc/played-08.png','5fd714ac32428cb08c4f952399f781bb_5','顾春红',5,'2017-08-18 18:24:38'),(592647339240325120,502384164473929728,502384238025244672,'儿好','/up/mooc/played-08.png','5fd714ac32428cb08c4f952399f781bb_5','顾春红',5,'2017-08-18 18:24:38'),(592647339932385280,502384164473929728,502384238025244672,'儿好','/up/mooc/played-08.png','5fd714ac32428cb08c4f952399f781bb_5','顾春红',5,'2017-08-18 18:24:39'),(592647340494422016,502384164473929728,502384238025244672,'儿好','/up/mooc/played-08.png','5fd714ac32428cb08c4f952399f781bb_5','顾春红',5,'2017-08-18 18:24:39'),(592647341316505600,502384164473929728,502384238025244672,'儿好','/up/mooc/played-08.png','5fd714ac32428cb08c4f952399f781bb_5','顾春红',5,'2017-08-18 18:24:39'),(592647343187165184,502384164473929728,502384238025244672,'儿好','/up/mooc/played-08.png','5fd714ac32428cb08c4f952399f781bb_5','顾春红',5,'2017-08-18 18:24:39'),(592647344000860160,502384164473929728,502384238025244672,'儿好','/up/mooc/played-08.png','5fd714ac32428cb08c4f952399f781bb_5','顾春红',5,'2017-08-18 18:24:39'),(592647344776806400,502384164473929728,502384238025244672,'儿好','/up/mooc/played-08.png','5fd714ac32428cb08c4f952399f781bb_5','顾春红',5,'2017-08-18 18:24:40'),(592647345598889984,502384164473929728,502384238025244672,'儿好','/up/mooc/played-08.png','5fd714ac32428cb08c4f952399f781bb_5','顾春红',5,'2017-08-18 18:24:40'),(592647346286755840,502384164473929728,502384238025244672,'儿好','/up/mooc/played-08.png','5fd714ac32428cb08c4f952399f781bb_5','顾春红',5,'2017-08-18 18:24:40'),(592647346894929920,502384164473929728,502384238025244672,'儿好','/up/mooc/played-08.png','5fd714ac32428cb08c4f952399f781bb_5','顾春红',5,'2017-08-18 18:24:40'),(592647348035780608,502384164473929728,502384238025244672,'儿好','/up/mooc/played-08.png','5fd714ac32428cb08c4f952399f781bb_5','顾春红',5,'2017-08-18 18:24:40'),(592647348857864192,502384164473929728,502384238025244672,'儿好','/up/mooc/played-08.png','5fd714ac32428cb08c4f952399f781bb_5','顾春红',5,'2017-08-18 18:24:41'),(592647349419900928,502384164473929728,502384238025244672,'儿好','/up/mooc/played-08.png','5fd714ac32428cb08c4f952399f781bb_5','顾春红',5,'2017-08-18 18:24:41'),(592647350321676288,502384164473929728,502384238025244672,'儿好','/up/mooc/played-08.png','5fd714ac32428cb08c4f952399f781bb_5','顾春红',5,'2017-08-18 18:24:41'),(592647432123187200,502384164473929728,502384238025244672,'儿好','/up/mooc/played-08.png','5fd714ac32428cb08c4f952399f781bb_5','顾春红',5,'2017-08-18 18:25:01'),(592647433238872064,502384164473929728,502384238025244672,'儿好','/up/mooc/played-08.png','5fd714ac32428cb08c4f952399f781bb_5','顾春红',5,'2017-08-18 18:25:01'),(592647433972875264,502384164473929728,502384238025244672,'儿好','/up/mooc/played-08.png','5fd714ac32428cb08c4f952399f781bb_5','顾春红',5,'2017-08-18 18:25:01'),(592647434706878464,502384164473929728,502384238025244672,'儿好','/up/mooc/played-08.png','5fd714ac32428cb08c4f952399f781bb_5','顾春红',5,'2017-08-18 18:25:01'),(592647435105337344,502384164473929728,502384238025244672,'儿好','/up/mooc/played-08.png','5fd714ac32428cb08c4f952399f781bb_5','顾春红',5,'2017-08-18 18:25:01'),(592647435755454464,502384164473929728,502384238025244672,'儿好','/up/mooc/played-08.png','5fd714ac32428cb08c4f952399f781bb_5','顾春红',5,'2017-08-18 18:25:01'),(592647436153913344,502384164473929728,502384238025244672,'儿好','/up/mooc/played-08.png','5fd714ac32428cb08c4f952399f781bb_5','顾春红',5,'2017-08-18 18:25:01'),(592647436887916544,502384164473929728,502384238025244672,'儿好','/up/mooc/played-08.png','5fd714ac32428cb08c4f952399f781bb_5','顾春红',5,'2017-08-18 18:25:02'),(592647437538033664,502384164473929728,502384238025244672,'儿好','/up/mooc/played-08.png','5fd714ac32428cb08c4f952399f781bb_5','顾春红',5,'2017-08-18 18:25:02'),(592647438142013440,502384164473929728,502384238025244672,'儿好','/up/mooc/played-08.png','5fd714ac32428cb08c4f952399f781bb_5','顾春红',5,'2017-08-18 18:25:02'),(592647440532766720,502384164473929728,502384238025244672,'儿好','/up/mooc/played-08.png','5fd714ac32428cb08c4f952399f781bb_5','顾春红',5,'2017-08-18 18:25:03'),(592647442374066176,502384164473929728,502384238025244672,'儿好','/up/mooc/played-08.png','5fd714ac32428cb08c4f952399f781bb_5','顾春红',5,'2017-08-18 18:25:03'),(592647443317784576,502384164473929728,502384238025244672,'儿好','/up/mooc/played-08.png','5fd714ac32428cb08c4f952399f781bb_5','顾春红',5,'2017-08-18 18:25:03'),(592647444093730816,502384164473929728,502384238025244672,'儿好','/up/mooc/played-08.png','5fd714ac32428cb08c4f952399f781bb_5','顾春红',5,'2017-08-18 18:25:03'),(592647444492189696,502384164473929728,502384238025244672,'儿好','/up/mooc/played-08.png','5fd714ac32428cb08c4f952399f781bb_5','顾春红',5,'2017-08-18 18:25:03'),(592647445356216320,502384164473929728,502384238025244672,'儿好','/up/mooc/played-08.png','5fd714ac32428cb08c4f952399f781bb_5','顾春红',5,'2017-08-18 18:25:04'),(592647446169911296,502384164473929728,502384238025244672,'儿好','/up/mooc/played-08.png','5fd714ac32428cb08c4f952399f781bb_5','顾春红',5,'2017-08-18 18:25:04'),(592647446903914496,502384164473929728,502384238025244672,'儿好','/up/mooc/played-08.png','5fd714ac32428cb08c4f952399f781bb_5','顾春红',5,'2017-08-18 18:25:04'),(592647447554031616,502384164473929728,502384238025244672,'儿好','/up/mooc/played-08.png','5fd714ac32428cb08c4f952399f781bb_5','顾春红',5,'2017-08-18 18:25:04'),(592647448371920896,502384164473929728,502384238025244672,'儿好','/up/mooc/played-08.png','5fd714ac32428cb08c4f952399f781bb_5','顾春红',5,'2017-08-18 18:25:04'),(592647449105924096,502384164473929728,502384238025244672,'儿好','/up/mooc/played-08.png','5fd714ac32428cb08c4f952399f781bb_5','顾春红',5,'2017-08-18 18:25:05'),(592647449751846912,502384164473929728,502384238025244672,'儿好','/up/mooc/played-08.png','5fd714ac32428cb08c4f952399f781bb_5','顾春红',5,'2017-08-18 18:25:05'),(592647488075202560,502384164473929728,502384238025244672,'儿好','/up/mooc/played-08.png','5fd714ac32428cb08c4f952399f781bb_5','顾春红',5,'2017-08-18 18:25:14'),(592647497747267584,502384164473929728,502384238025244672,'儿好','/up/mooc/played-08.png','5fd714ac32428cb08c4f952399f781bb_5','顾春红',5,'2017-08-18 18:25:16'),(592647498816815104,502384164473929728,502384238025244672,'儿好','/up/mooc/played-08.png','5fd714ac32428cb08c4f952399f781bb_5','顾春红',5,'2017-08-18 18:25:16'),(592647499592761344,502384164473929728,502384238025244672,'儿好','/up/mooc/played-08.png','5fd714ac32428cb08c4f952399f781bb_5','顾春红',5,'2017-08-18 18:25:17'),(592647501174013952,502384164473929728,502384238025244672,'儿好','/up/mooc/played-08.png','5fd714ac32428cb08c4f952399f781bb_5','顾春红',5,'2017-08-18 18:25:17'),(592647502121926656,502384164473929728,502384238025244672,'儿好','/up/mooc/played-08.png','5fd714ac32428cb08c4f952399f781bb_5','顾春红',5,'2017-08-18 18:25:17'),(592647502893678592,502384164473929728,502384238025244672,'儿好','/up/mooc/played-08.png','5fd714ac32428cb08c4f952399f781bb_5','顾春红',5,'2017-08-18 18:25:17'),(592647503673819136,502384164473929728,502384238025244672,'儿好','/up/mooc/played-08.png','5fd714ac32428cb08c4f952399f781bb_5','顾春红',5,'2017-08-18 18:25:18'),(592647504030334976,502384164473929728,502384238025244672,'儿好','/up/mooc/played-08.png','5fd714ac32428cb08c4f952399f781bb_5','顾春红',5,'2017-08-18 18:25:18'),(592647504848224256,502384164473929728,502384238025244672,'儿好','/up/mooc/played-08.png','5fd714ac32428cb08c4f952399f781bb_5','顾春红',5,'2017-08-18 18:25:18'),(592647505666113536,502384164473929728,502384238025244672,'儿好','/up/mooc/played-08.png','5fd714ac32428cb08c4f952399f781bb_5','顾春红',5,'2017-08-18 18:25:18'),(592647506068766720,502384164473929728,502384238025244672,'儿好','/up/mooc/played-08.png','5fd714ac32428cb08c4f952399f781bb_5','顾春红',5,'2017-08-18 18:25:18'),(592647506886656000,502384164473929728,502384238025244672,'儿好','/up/mooc/played-08.png','5fd714ac32428cb08c4f952399f781bb_5','顾春红',5,'2017-08-18 18:25:18'),(592647507536773120,502384164473929728,502384238025244672,'儿好','/up/mooc/played-08.png','5fd714ac32428cb08c4f952399f781bb_5','顾春红',5,'2017-08-18 18:25:18'),(592647508140752896,502384164473929728,502384238025244672,'儿好','/up/mooc/played-08.png','5fd714ac32428cb08c4f952399f781bb_5','顾春红',5,'2017-08-18 18:25:19'),(592647508832813056,502384164473929728,502384238025244672,'儿好','/up/mooc/played-08.png','5fd714ac32428cb08c4f952399f781bb_5','顾春红',5,'2017-08-18 18:25:19'),(592647509524873216,502384164473929728,502384238025244672,'儿好','/up/mooc/played-08.png','5fd714ac32428cb08c4f952399f781bb_5','顾春红',5,'2017-08-18 18:25:19'),(592647510086909952,502384164473929728,502384238025244672,'儿好','/up/mooc/played-08.png','5fd714ac32428cb08c4f952399f781bb_5','顾春红',5,'2017-08-18 18:25:19'),(592647552675872768,502384164473929728,502384238025244672,'儿好','/up/mooc/played-08.png','5fd714ac32428cb08c4f952399f781bb_5','顾春红',5,'2017-08-18 18:25:29'),(592647552797507584,502384164473929728,502384238025244672,'儿好','/up/mooc/played-08.png','5fd714ac32428cb08c4f952399f781bb_5','顾春红',5,'2017-08-18 18:25:29'),(592647553648951296,502384164473929728,502384238025244672,'儿好','/up/mooc/played-08.png','5fd714ac32428cb08c4f952399f781bb_5','顾春红',5,'2017-08-18 18:25:29'),(592647554210988032,502384164473929728,502384238025244672,'儿好','/up/mooc/played-08.png','5fd714ac32428cb08c4f952399f781bb_5','顾春红',5,'2017-08-18 18:25:30'),(592647554861105152,502384164473929728,502384238025244672,'儿好','/up/mooc/played-08.png','5fd714ac32428cb08c4f952399f781bb_5','顾春红',5,'2017-08-18 18:25:30'),(592647555637051392,502384164473929728,502384238025244672,'儿好','/up/mooc/played-08.png','5fd714ac32428cb08c4f952399f781bb_5','顾春红',5,'2017-08-18 18:25:30'),(592647556282974208,502384164473929728,502384238025244672,'儿好','/up/mooc/played-08.png','5fd714ac32428cb08c4f952399f781bb_5','顾春红',5,'2017-08-18 18:25:30'),(592647557016977408,502384164473929728,502384238025244672,'儿好','/up/mooc/played-08.png','5fd714ac32428cb08c4f952399f781bb_5','顾春红',5,'2017-08-18 18:25:30'),(592647557876809728,502384164473929728,502384238025244672,'儿好','/up/mooc/played-08.png','5fd714ac32428cb08c4f952399f781bb_5','顾春红',5,'2017-08-18 18:25:30'),(592647558694699008,502384164473929728,502384238025244672,'儿好','/up/mooc/played-08.png','5fd714ac32428cb08c4f952399f781bb_5','顾春红',5,'2017-08-18 18:25:31'),(592647559260930048,502384164473929728,502384238025244672,'儿好','/up/mooc/played-08.png','5fd714ac32428cb08c4f952399f781bb_5','顾春红',5,'2017-08-18 18:25:31'),(592647560078819328,502384164473929728,502384238025244672,'儿好','/up/mooc/played-08.png','5fd714ac32428cb08c4f952399f781bb_5','顾春红',5,'2017-08-18 18:25:31'),(592647560980594688,502384164473929728,502384238025244672,'儿好','/up/mooc/played-08.png','5fd714ac32428cb08c4f952399f781bb_5','顾春红',5,'2017-08-18 18:25:31'),(592647561714597888,502384164473929728,502384238025244672,'儿好','/up/mooc/played-08.png','5fd714ac32428cb08c4f952399f781bb_5','顾春红',5,'2017-08-18 18:25:31'),(592650015533432832,591884966485295104,591885446200426496,'数据结构','http://img.videocc.net/uimage/5/5fd714ac32/d/5fd714ac327e1ca0af3d082f2b01448d_0.jpg','5fd714ac327e1ca0af3d082f2b01448d_5','桂荣',11,'2017-08-18 18:35:16'),(592652811934629888,588910930155274240,588911282359369728,'第一课程','http://img.videocc.net/uimage/5/5fd714ac32/7/5fd714ac32042bd0a7148b575a765257_0.jpg','5fd714ac32042bd0a7148b575a765257_5','顾春红',11,'2017-08-18 18:46:23'),(592663479593205760,588898630040027136,588900160151486464,'第一课时','http://img.videocc.net/uimage/5/5fd714ac32/6/5fd714ac3264fe41e821c15675ac1d56_0.jpg','5fd714ac3264fe41e821c15675ac1d56_5','张三',1,'2017-08-18 19:28:47'),(592891933714546688,588898630040027136,588900160151486464,'第一课时','http://img.videocc.net/uimage/5/5fd714ac32/6/5fd714ac3264fe41e821c15675ac1d56_0.jpg','5fd714ac3264fe41e821c15675ac1d56_5','张三',1,'2017-08-19 10:36:34'),(593698020491526144,502370438672809984,502370539747147776,'课时1','/up/mooc/played-01.png','5fd714ac321caaa35eb676ca80540a43_5','张三',1,'2017-08-21 15:59:40'),(593698042654228480,588898630040027136,588900160151486464,'第一课时','http://img.videocc.net/uimage/5/5fd714ac32/6/5fd714ac3264fe41e821c15675ac1d56_0.jpg','5fd714ac3264fe41e821c15675ac1d56_5','张三',1,'2017-08-21 15:59:46'),(593723436975521792,502371837582245888,502371909967544320,'大法好','/up/mooc/played-05.png','5fd714ac32b4cff657493d41b6f0d449_5','张三',1,'2017-08-21 17:40:40'),(593747435822514176,502373254678183936,502373454171865088,'安顿好阿道夫','/up/mooc/played-07.png','5fd714ac32515486f03ae63e21af6dde_5','张三',1,'2017-08-21 19:16:02'),(594027942904856576,502385739086954496,502385799711424512,'大暗黑','/up/mooc/played-10.png','5fd714ac321deca5627b1569a5b7b56f_5','顾春红',6,'2017-08-22 13:50:40'),(594047522452799488,502370438672809984,502370539747147776,'课时1','/up/mooc/played-01.png','5fd714ac321caaa35eb676ca80540a43_5','张三',5,'2017-08-22 15:08:28'),(594051265571323904,502373254678183936,502373454171865088,'安顿好阿道夫','/up/mooc/played-07.png','5fd714ac32515486f03ae63e21af6dde_5','张三',1,'2017-08-22 15:23:20'),(594051284177256448,502373254678183936,502373454171865088,'安顿好阿道夫','/up/mooc/played-07.png','5fd714ac32515486f03ae63e21af6dde_5','张三',1,'2017-08-22 15:23:25'),(594060285006839808,502386266050920448,502386365023911936,'大黄蜂','/up/mooc/played-12.png','5fd714ac32256322298dee470eb0762a_5','顾春红',6,'2017-08-22 15:59:11'),(594069002939006976,502374783418105856,502374844956934144,'好的好','/up/mooc/played-11.png','5fd714ac322909331496031238e2efe3_5','张三',11,'2017-08-22 16:33:49'),(594070102261891072,502385739086954496,502385799711424512,'大暗黑','/up/mooc/played-10.png','5fd714ac321deca5627b1569a5b7b56f_5','顾春红',6,'2017-08-22 16:38:11'),(594085323747622912,588898630040027136,588900160151486464,'第一课时','http://img.videocc.net/uimage/5/5fd714ac32/6/5fd714ac3264fe41e821c15675ac1d56_0.jpg','5fd714ac3264fe41e821c15675ac1d56_5','张三',1,'2017-08-22 17:38:41'),(594334829756022784,502370438672809984,502370539747147776,'课时1','/up/mooc/played-01.png','5fd714ac321caaa35eb676ca80540a43_5','张三',6,'2017-08-23 10:10:07'),(594405049795346432,502370438672809984,502370539747147776,'课时1','/up/mooc/played-01.png','5fd714ac321caaa35eb676ca80540a43_5','张三',6,'2017-08-23 14:49:09'),(595055830462627840,502371837582245888,502371909967544320,'大法好','/up/mooc/played-05.png','5fd714ac32b4cff657493d41b6f0d449_5','张三',1,'2017-08-25 09:55:07'),(595057539272409088,502370438672809984,502370539747147776,'课时1','/up/mooc/played-01.png','5fd714ac321caaa35eb676ca80540a43_5','张三',5,'2017-08-25 10:01:55'),(596951961287262208,502370438672809984,502370539747147776,'课时1','/up/mooc/played-01.png','5fd714ac321caaa35eb676ca80540a43_5','张三',5,'2017-08-30 15:29:40'),(597690114226782208,502370438672809984,502370539747147776,'课时1','/up/mooc/played-01.png','5fd714ac321caaa35eb676ca80540a43_5','张三',5,'2017-09-01 16:22:50'),(598735117292142592,502370438672809984,597281611045666816,'','http://img.videocc.net/uimage/5/5fd714ac32/4/5fd714ac32a425acd9e639e2bdec7044_0.jpg','5fd714ac32a425acd9e639e2bdec7044_5','张三',1,'2017-09-04 13:35:18'),(598735139484205056,502370438672809984,597281611045666816,'','http://img.videocc.net/uimage/5/5fd714ac32/4/5fd714ac32a425acd9e639e2bdec7044_0.jpg','5fd714ac32a425acd9e639e2bdec7044_5','张三',1,'2017-09-04 13:35:23'),(598735363640393728,502370438672809984,597281611045666816,'','http://img.videocc.net/uimage/5/5fd714ac32/4/5fd714ac32a425acd9e639e2bdec7044_0.jpg','5fd714ac32a425acd9e639e2bdec7044_5','张三',1,'2017-09-04 13:36:16'),(598735384163123200,502370438672809984,502370724854366208,'课时2','/up/mooc/played-02.png','5fd714ac3299ea8a5117ce6584b86602_5','张三',1,'2017-09-04 13:36:21'),(598735409345724416,502370438672809984,502370539747147776,'课时1','/up/mooc/played-01.png','5fd714ac321caaa35eb676ca80540a43_5','张三',1,'2017-09-04 13:36:27'),(598738502623952896,502370438672809984,598738202630553600,'afsd','http://img.videocc.net/uimage/5/5fd714ac32/8/5fd714ac3214c5abbd81722becb9fad8_0.jpg','5fd714ac3214c5abbd81722becb9fad8_5','张三',1,'2017-09-04 13:48:45'),(598738729112174592,502370438672809984,598738202630553600,'afsd','http://img.videocc.net/uimage/5/5fd714ac32/8/5fd714ac3214c5abbd81722becb9fad8_0.jpg','5fd714ac3214c5abbd81722becb9fad8_5','张三',1,'2017-09-04 13:49:39'),(598738927213346816,502370438672809984,598738202630553600,'afsd','http://img.videocc.net/uimage/5/5fd714ac32/8/5fd714ac3214c5abbd81722becb9fad8_0.jpg','5fd714ac3214c5abbd81722becb9fad8_5','张三',1,'2017-09-04 13:50:26'),(598739043236184064,502370438672809984,598738202630553600,'afsd','http://img.videocc.net/uimage/5/5fd714ac32/8/5fd714ac3214c5abbd81722becb9fad8_0.jpg','5fd714ac3214c5abbd81722becb9fad8_5','张三',1,'2017-09-04 13:50:54'),(598739334501236736,502370438672809984,502370539747147776,'课时1','/up/mooc/played-01.png','5fd714ac321caaa35eb676ca80540a43_5','张三',1,'2017-09-04 13:52:03'),(598739538658983936,502370438672809984,597281611045666816,'','http://img.videocc.net/uimage/5/5fd714ac32/4/5fd714ac32a425acd9e639e2bdec7044_0.jpg','5fd714ac32a425acd9e639e2bdec7044_5','张三',1,'2017-09-04 13:52:52'),(598739622926745600,502370438672809984,598738202630553600,'afsd','http://img.videocc.net/uimage/5/5fd714ac32/8/5fd714ac3214c5abbd81722becb9fad8_0.jpg','5fd714ac3214c5abbd81722becb9fad8_5','张三',1,'2017-09-04 13:53:12'),(598740833520320512,502370438672809984,502370724854366208,'课时2','/up/mooc/played-02.png','5fd714ac3299ea8a5117ce6584b86602_5','张三',1,'2017-09-04 13:58:01'),(598763271046037504,502370438672809984,502370539747147776,'课时1','/up/mooc/played-01.png','5fd714ac321caaa35eb676ca80540a43_5','张三',1,'2017-09-04 15:27:10'),(598763746977906688,588898630040027136,588900160151486464,'第一课时','http://img.videocc.net/uimage/5/5fd714ac32/6/5fd714ac3264fe41e821c15675ac1d56_0.jpg','5fd714ac3264fe41e821c15675ac1d56_5','张三',1,'2017-09-04 15:29:04'),(598770777600294912,502373641816637440,502373985082671104,'按天结婚','/up/mooc/played-08.png','5fd714ac321ddb740ec838396e7d11a5_5','张三',1,'2017-09-04 15:57:00'),(598795600514777088,502373641816637440,502373985082671104,'按天结婚','/up/mooc/played-08.png','5fd714ac321ddb740ec838396e7d11a5_5','张三',1,'2017-09-04 17:35:38'),(598796362636591104,502373641816637440,502373985082671104,'按天结婚','/up/mooc/played-08.png','5fd714ac321ddb740ec838396e7d11a5_5','张三',6,'2017-09-04 17:38:40'),(599118796539559936,502371512871813120,502371644833005568,'课程3','/up/mooc/played-04.png','5fd714ac32ab5f4ad47dc2b0830a091f_5','张三',1,'2017-09-05 14:59:54'),(599139871264604160,502373641816637440,502373985082671104,'按天结婚','/up/mooc/played-08.png','5fd714ac321ddb740ec838396e7d11a5_5','张三',1,'2017-09-05 16:23:39'),(599141716825473024,502370438672809984,598738202630553600,'afsd','http://img.videocc.net/uimage/5/5fd714ac32/8/5fd714ac3214c5abbd81722becb9fad8_0.jpg','5fd714ac3214c5abbd81722becb9fad8_5','张三',1,'2017-09-05 16:30:59'),(599141726157799424,502370438672809984,502370539747147776,'课时1','/up/mooc/played-01.png','5fd714ac321caaa35eb676ca80540a43_5','张三',1,'2017-09-05 16:31:01'),(599141735230078976,502370438672809984,502370539747147776,'课时1','/up/mooc/played-01.png','5fd714ac321caaa35eb676ca80540a43_5','张三',1,'2017-09-05 16:31:03'),(599144921181454336,502370438672809984,502370539747147776,'课时1','/up/mooc/played-01.png','5fd714ac321caaa35eb676ca80540a43_5','张三',1,'2017-09-05 16:43:43'),(599145236572143616,502384433635000320,502384504334188544,'人家','/up/mooc/played-09.png','5fd714ac32ab27d235494f61f1b9be47_5','顾春红',5,'2017-09-05 16:44:58'),(599151634760597504,502370438672809984,502370539747147776,'课时1','/up/mooc/played-01.png','5fd714ac321caaa35eb676ca80540a43_5','张三',1,'2017-09-05 17:10:23'),(599155077776670720,502384433635000320,502384504334188544,'人家','/up/mooc/played-09.png','5fd714ac32ab27d235494f61f1b9be47_5','顾春红',5,'2017-09-05 17:24:04'),(599155272304295936,502384433635000320,502384504334188544,'人家','/up/mooc/played-09.png','5fd714ac32ab27d235494f61f1b9be47_5','顾春红',5,'2017-09-05 17:24:51'),(599404932876992512,502394079452069888,502394158263042048,'爱打哈的','/up/mooc/played-06.png','5fd714ac326ef1279a4c96df44a355b4_5','顾春红',5,'2017-09-06 09:56:54'),(599406229642543104,502373641816637440,502373985082671104,'按天结婚','/up/mooc/played-08.png','5fd714ac321ddb740ec838396e7d11a5_5','张三',5,'2017-09-06 10:02:03'),(599412918252994560,502372070156402688,502372148573110272,'大法好哈哈','/up/mooc/played-06.png','5fd714ac3243fcc6893a07cddc478883_5','张三',1,'2017-09-06 10:28:38'),(599422348889686016,502384164473929728,599422296645435392,'测试课程上传','http://img.videocc.net/uimage/5/5fd714ac32/9/5fd714ac32e8f7780d27f04e9cc2ff79_0.jpg','5fd714ac32e8f7780d27f04e9cc2ff79_5','顾春红',5,'2017-09-06 11:06:07'),(599422436382867456,502384164473929728,599422296645435392,'测试课程上传','http://img.videocc.net/uimage/5/5fd714ac32/9/5fd714ac32e8f7780d27f04e9cc2ff79_0.jpg','5fd714ac32e8f7780d27f04e9cc2ff79_5','顾春红',5,'2017-09-06 11:06:27'),(599422463826198528,502384164473929728,599422296645435392,'测试课程上传','http://img.videocc.net/uimage/5/5fd714ac32/9/5fd714ac32e8f7780d27f04e9cc2ff79_0.jpg','5fd714ac32e8f7780d27f04e9cc2ff79_5','顾春红',5,'2017-09-06 11:06:34'),(599422755489710080,502384164473929728,599422296645435392,'测试课程上传','http://img.videocc.net/uimage/5/5fd714ac32/9/5fd714ac32e8f7780d27f04e9cc2ff79_0.jpg','5fd714ac32e8f7780d27f04e9cc2ff79_5','顾春红',5,'2017-09-06 11:07:43'),(599423108381671424,502384164473929728,599422296645435392,'测试课程上传','http://img.videocc.net/uimage/5/5fd714ac32/9/5fd714ac32e8f7780d27f04e9cc2ff79_0.jpg','5fd714ac32e8f7780d27f04e9cc2ff79_5','顾春红',5,'2017-09-06 11:09:08'),(599423137750188032,502384164473929728,502384238025244672,'儿好','/up/mooc/played-08.png','5fd714ac32428cb08c4f952399f781bb_5','顾春红',5,'2017-09-06 11:09:15'),(599423167508774912,502384164473929728,599422296645435392,'测试课程上传','http://img.videocc.net/uimage/5/5fd714ac32/9/5fd714ac32e8f7780d27f04e9cc2ff79_0.jpg','5fd714ac32e8f7780d27f04e9cc2ff79_5','顾春红',5,'2017-09-06 11:09:22'),(599482708237746176,502384164473929728,599422296645435392,'测试课程上传','http://img.videocc.net/uimage/5/5fd714ac32/9/5fd714ac32e8f7780d27f04e9cc2ff79_0.jpg','5fd714ac32e8f7780d27f04e9cc2ff79_5','顾春红',5,'2017-09-06 15:05:57'),(599482731558076416,502384164473929728,502384238025244672,'儿好','/up/mooc/played-08.png','5fd714ac32428cb08c4f952399f781bb_5','顾春红',5,'2017-09-06 15:06:03'),(599482750809931776,502384164473929728,599422296645435392,'测试课程上传','http://img.videocc.net/uimage/5/5fd714ac32/9/5fd714ac32e8f7780d27f04e9cc2ff79_0.jpg','5fd714ac32e8f7780d27f04e9cc2ff79_5','顾春红',5,'2017-09-06 15:06:07'),(599482780878897152,502384164473929728,599422296645435392,'测试课程上传','http://img.videocc.net/uimage/5/5fd714ac32/9/5fd714ac32e8f7780d27f04e9cc2ff79_0.jpg','5fd714ac32e8f7780d27f04e9cc2ff79_5','顾春红',5,'2017-09-06 15:06:15'),(599482797853245440,502384164473929728,599422296645435392,'测试课程上传','http://img.videocc.net/uimage/5/5fd714ac32/9/5fd714ac32e8f7780d27f04e9cc2ff79_0.jpg','5fd714ac32e8f7780d27f04e9cc2ff79_5','顾春红',5,'2017-09-06 15:06:19'),(599482818933817344,502384164473929728,599422296645435392,'测试课程上传','http://img.videocc.net/uimage/5/5fd714ac32/9/5fd714ac32e8f7780d27f04e9cc2ff79_0.jpg','5fd714ac32e8f7780d27f04e9cc2ff79_5','顾春红',5,'2017-09-06 15:06:24'),(599482842346422272,502373641816637440,502373985082671104,'按天结婚','/up/mooc/played-08.png','5fd714ac321ddb740ec838396e7d11a5_5','张三',5,'2017-09-06 15:06:29'),(599482964820099072,502384164473929728,599422296645435392,'测试课程上传','http://img.videocc.net/uimage/5/5fd714ac32/9/5fd714ac32e8f7780d27f04e9cc2ff79_0.jpg','5fd714ac32e8f7780d27f04e9cc2ff79_5','顾春红',5,'2017-09-06 15:06:58'),(599483054016167936,502384164473929728,599422296645435392,'测试课程上传','http://img.videocc.net/uimage/5/5fd714ac32/9/5fd714ac32e8f7780d27f04e9cc2ff79_0.jpg','5fd714ac32e8f7780d27f04e9cc2ff79_5','顾春红',5,'2017-09-06 15:07:20'),(599503649923661824,502374783418105856,502374844956934144,'好的好','/up/mooc/played-11.png','5fd714ac322909331496031238e2efe3_5','张三',11,'2017-09-06 16:29:10'),(599815674054836224,502390616454332416,502390683663859712,'返回','/up/mooc/played-08.png','5fd714ac323b3b782f6148ea1a012a02_5','张三',1,'2017-09-07 13:09:03'),(599825241992069120,502373254678183936,502373454171865088,'安顿好阿道夫','/up/mooc/played-07.png','5fd714ac32515486f03ae63e21af6dde_5','张三',1,'2017-09-07 13:47:04'),(599828335089942528,502373254678183936,502373454171865088,'安顿好阿道夫','/up/mooc/played-07.png','5fd714ac32515486f03ae63e21af6dde_5','张三',1,'2017-09-07 13:59:21'),(599832441963675648,502372070156402688,502372148573110272,'大法好哈哈','/up/mooc/played-06.png','5fd714ac3243fcc6893a07cddc478883_5','张三',1,'2017-09-07 14:15:40'),(599832904326971392,502390616454332416,502390683663859712,'返回','/up/mooc/played-08.png','5fd714ac323b3b782f6148ea1a012a02_5','张三',1,'2017-09-07 14:17:31'),(599836250316210176,502372070156402688,502372148573110272,'大法好哈哈','/up/mooc/played-06.png','5fd714ac3243fcc6893a07cddc478883_5','张三',1,'2017-09-07 14:30:48'),(599836361381380096,502372070156402688,502372148573110272,'大法好哈哈','/up/mooc/played-06.png','5fd714ac3243fcc6893a07cddc478883_5','张三',1,'2017-09-07 14:31:15'),(599843656836317184,502372070156402688,502372148573110272,'大法好哈哈','/up/mooc/played-06.png','5fd714ac3243fcc6893a07cddc478883_5','张三',1,'2017-09-07 15:00:14'),(599843780643782656,502372070156402688,502372148573110272,'大法好哈哈','/up/mooc/played-06.png','5fd714ac3243fcc6893a07cddc478883_5','张三',1,'2017-09-07 15:00:44'),(599855033969803264,502373641816637440,502373985082671104,'按天结婚','/up/mooc/played-08.png','5fd714ac321ddb740ec838396e7d11a5_5','张三',1,'2017-09-07 15:45:27'),(599855113900654592,502373641816637440,502373985082671104,'按天结婚','/up/mooc/played-08.png','5fd714ac321ddb740ec838396e7d11a5_5','张三',1,'2017-09-07 15:45:46'),(599856991803801600,502373641816637440,502373985082671104,'按天结婚','/up/mooc/played-08.png','5fd714ac321ddb740ec838396e7d11a5_5','张三',1,'2017-09-07 15:53:13'),(599857935966797824,502373641816637440,502373985082671104,'按天结婚','/up/mooc/played-08.png','5fd714ac321ddb740ec838396e7d11a5_5','张三',1,'2017-09-07 15:56:59'),(599858109598400512,502373641816637440,502373985082671104,'按天结婚','/up/mooc/played-08.png','5fd714ac321ddb740ec838396e7d11a5_5','张三',1,'2017-09-07 15:57:40'),(599858519105077248,588910930155274240,588911282359369728,'第一课程','http://img.videocc.net/uimage/5/5fd714ac32/7/5fd714ac32042bd0a7148b575a765257_0.jpg','5fd714ac32042bd0a7148b575a765257_5','顾春红',11,'2017-09-07 15:59:18'),(599858625711702016,588910930155274240,588911282359369728,'第一课程','http://img.videocc.net/uimage/5/5fd714ac32/7/5fd714ac32042bd0a7148b575a765257_0.jpg','5fd714ac32042bd0a7148b575a765257_5','顾春红',11,'2017-09-07 15:59:43'),(599859737625886720,502384164473929728,599422296645435392,'测试课程上传','http://img.videocc.net/uimage/5/5fd714ac32/9/5fd714ac32e8f7780d27f04e9cc2ff79_0.jpg','5fd714ac32e8f7780d27f04e9cc2ff79_5','顾春红',5,'2017-09-07 16:04:08'),(599859945613033472,502390616454332416,599840633003180032,'第一课','http://img.videocc.net/uimage/5/5fd714ac32/c/5fd714ac32ef112df25fd9fedd6fd28c_0.jpg','5fd714ac32ef112df25fd9fedd6fd28c_5','张三',5,'2017-09-07 16:04:58'),(599860001133035520,502392010225745920,502392087107338240,'阿道夫','/up/mooc/played-12.png','5fd714ac322960f692ea172d32cfbd8f_5','张三',5,'2017-09-07 16:05:11'),(599860192623984640,502373641816637440,502373985082671104,'按天结婚','/up/mooc/played-08.png','5fd714ac321ddb740ec838396e7d11a5_5','张三',1,'2017-09-07 16:05:57'),(599861467965030400,502373641816637440,502373985082671104,'按天结婚','/up/mooc/played-08.png','5fd714ac321ddb740ec838396e7d11a5_5','张三',1,'2017-09-07 16:11:01'),(599869308960505856,502392010225745920,502392087107338240,'阿道夫','/up/mooc/played-12.png','5fd714ac322960f692ea172d32cfbd8f_5','张三',5,'2017-09-07 16:42:10'),(599869346075901952,502390616454332416,599840633003180032,'第一课','http://img.videocc.net/uimage/5/5fd714ac32/c/5fd714ac32ef112df25fd9fedd6fd28c_0.jpg','5fd714ac32ef112df25fd9fedd6fd28c_5','张三',5,'2017-09-07 16:42:19'),(599872413714350080,502373641816637440,502373985082671104,'按天结婚','/up/mooc/played-08.png','5fd714ac321ddb740ec838396e7d11a5_5','张三',1,'2017-09-07 16:54:30'),(599873296116219904,502373641816637440,502373985082671104,'按天结婚','/up/mooc/played-08.png','5fd714ac321ddb740ec838396e7d11a5_5','张三',1,'2017-09-07 16:58:01'),(599873504027869184,502373641816637440,502373985082671104,'按天结婚','/up/mooc/played-08.png','5fd714ac321ddb740ec838396e7d11a5_5','张三',1,'2017-09-07 16:58:50'),(599873642481844224,502373641816637440,502373985082671104,'按天结婚','/up/mooc/played-08.png','5fd714ac321ddb740ec838396e7d11a5_5','张三',1,'2017-09-07 16:59:23'),(599874470311624704,502373641816637440,502373985082671104,'按天结婚','/up/mooc/played-08.png','5fd714ac321ddb740ec838396e7d11a5_5','张三',1,'2017-09-07 17:02:41'),(599880699276689408,502384164473929728,502384238025244672,'儿好','/up/mooc/played-08.png','5fd714ac32428cb08c4f952399f781bb_5','顾春红',5,'2017-09-07 17:27:26'),(599881713669111808,502373641816637440,502373985082671104,'按天结婚','/up/mooc/played-08.png','5fd714ac321ddb740ec838396e7d11a5_5','张三',1,'2017-09-07 17:31:28'),(599882014476206080,502373641816637440,502373985082671104,'按天结婚','/up/mooc/played-08.png','5fd714ac321ddb740ec838396e7d11a5_5','张三',1,'2017-09-07 17:32:39'),(599885914864353280,502371512871813120,502371644833005568,'课程3','/up/mooc/played-04.png','5fd714ac32ab5f4ad47dc2b0830a091f_5','张三',1,'2017-09-07 17:48:09'),(599886399780421632,502371512871813120,502371644833005568,'课程3','/up/mooc/played-04.png','5fd714ac32ab5f4ad47dc2b0830a091f_5','张三',1,'2017-09-07 17:50:05'),(599886583532879872,502371512871813120,502371644833005568,'课程3','/up/mooc/played-04.png','5fd714ac32ab5f4ad47dc2b0830a091f_5','张三',1,'2017-09-07 17:50:49'),(599886635559026688,502371512871813120,502371644833005568,'课程3','/up/mooc/played-04.png','5fd714ac32ab5f4ad47dc2b0830a091f_5','张三',1,'2017-09-07 17:51:01'),(599886846205362176,502371512871813120,502371644833005568,'课程3','/up/mooc/played-04.png','5fd714ac32ab5f4ad47dc2b0830a091f_5','张三',1,'2017-09-07 17:51:51'),(599887522171977728,502371512871813120,502371644833005568,'课程3','/up/mooc/played-04.png','5fd714ac32ab5f4ad47dc2b0830a091f_5','张三',1,'2017-09-07 17:54:32'),(599887860639727616,502384164473929728,502384238025244672,'儿好','/up/mooc/played-08.png','5fd714ac32428cb08c4f952399f781bb_5','顾春红',5,'2017-09-07 17:55:53'),(599887968848576512,502371512871813120,502371644833005568,'课程3','/up/mooc/played-04.png','5fd714ac32ab5f4ad47dc2b0830a091f_5','张三',1,'2017-09-07 17:56:19'),(599888048628432896,502371512871813120,502371644833005568,'课程3','/up/mooc/played-04.png','5fd714ac32ab5f4ad47dc2b0830a091f_5','张三',1,'2017-09-07 17:56:38'),(599888543594053632,502371512871813120,502371644833005568,'课程3','/up/mooc/played-04.png','5fd714ac32ab5f4ad47dc2b0830a091f_5','张三',1,'2017-09-07 17:58:36'),(599889045190868992,502371512871813120,502371644833005568,'课程3','/up/mooc/played-04.png','5fd714ac32ab5f4ad47dc2b0830a091f_5','张三',1,'2017-09-07 18:00:36'),(599889214481367040,502371512871813120,502371644833005568,'课程3','/up/mooc/played-04.png','5fd714ac32ab5f4ad47dc2b0830a091f_5','张三',1,'2017-09-07 18:01:16'),(599889603863773184,502371512871813120,502371644833005568,'课程3','/up/mooc/played-04.png','5fd714ac32ab5f4ad47dc2b0830a091f_5','张三',1,'2017-09-07 18:02:49'),(599890021532565504,502371512871813120,502371644833005568,'课程3','/up/mooc/played-04.png','5fd714ac32ab5f4ad47dc2b0830a091f_5','张三',1,'2017-09-07 18:04:28'),(599890371626926080,502371512871813120,502371644833005568,'课程3','/up/mooc/played-04.png','5fd714ac32ab5f4ad47dc2b0830a091f_5','张三',1,'2017-09-07 18:05:52'),(599890818219638784,502371512871813120,502371644833005568,'课程3','/up/mooc/played-04.png','5fd714ac32ab5f4ad47dc2b0830a091f_5','张三',1,'2017-09-07 18:07:38'),(599891276648677376,502371512871813120,502371644833005568,'课程3','/up/mooc/played-04.png','5fd714ac32ab5f4ad47dc2b0830a091f_5','张三',1,'2017-09-07 18:09:28'),(600117631340511232,502371512871813120,502371644833005568,'课程3','/up/mooc/played-04.png','5fd714ac32ab5f4ad47dc2b0830a091f_5','张三',1,'2017-09-08 09:08:55'),(600117723350958080,502371512871813120,502371644833005568,'课程3','/up/mooc/played-04.png','5fd714ac32ab5f4ad47dc2b0830a091f_5','张三',1,'2017-09-08 09:09:17'),(600117765977669632,502371512871813120,502371644833005568,'课程3','/up/mooc/played-04.png','5fd714ac32ab5f4ad47dc2b0830a091f_5','张三',1,'2017-09-08 09:09:27'),(600118549251358720,502384164473929728,502384238025244672,'儿好','/up/mooc/played-08.png','5fd714ac32428cb08c4f952399f781bb_5','顾春红',5,'2017-09-08 09:12:34'),(600118603861196800,502371512871813120,502371644833005568,'课程3','/up/mooc/played-04.png','5fd714ac32ab5f4ad47dc2b0830a091f_5','张三',1,'2017-09-08 09:12:47'),(600118759427932160,502384164473929728,599423800106287104,'测试课程上传1','http://img.videocc.net/uimage/5/5fd714ac32/e/5fd714ac32fe45046b0692b4d84fdbce_0.jpg','5fd714ac32fe45046b0692b4d84fdbce_5','顾春红',5,'2017-09-08 09:13:24'),(600118948108697600,502384164473929728,599423800106287104,'测试课程上传1','http://img.videocc.net/uimage/5/5fd714ac32/e/5fd714ac32fe45046b0692b4d84fdbce_0.jpg','5fd714ac32fe45046b0692b4d84fdbce_5','顾春红',5,'2017-09-08 09:14:09'),(600120694457499648,502371512871813120,502371644833005568,'课程3','/up/mooc/played-04.png','5fd714ac32ab5f4ad47dc2b0830a091f_5','张三',1,'2017-09-08 09:21:05'),(600124078736539648,502371512871813120,502371644833005568,'课程3','/up/mooc/played-04.png','5fd714ac32ab5f4ad47dc2b0830a091f_5','张三',1,'2017-09-08 09:34:32'),(600124107664654336,502373641816637440,502373985082671104,'按天结婚','/up/mooc/played-08.png','5fd714ac321ddb740ec838396e7d11a5_5','张三',1,'2017-09-08 09:34:39'),(600125373996335104,502384164473929728,599423800106287104,'测试课程上传1','http://img.videocc.net/uimage/5/5fd714ac32/e/5fd714ac32fe45046b0692b4d84fdbce_0.jpg','5fd714ac32fe45046b0692b4d84fdbce_5','顾春红',5,'2017-09-08 09:39:41'),(600125435853930496,502390616454332416,599840633003180032,'第一课','http://img.videocc.net/uimage/5/5fd714ac32/c/5fd714ac32ef112df25fd9fedd6fd28c_0.jpg','5fd714ac32ef112df25fd9fedd6fd28c_5','张三',5,'2017-09-08 09:39:56'),(600125601403109376,502373641816637440,502373985082671104,'按天结婚','/up/mooc/played-08.png','5fd714ac321ddb740ec838396e7d11a5_5','张三',5,'2017-09-08 09:40:35'),(600131945732505600,502373641816637440,502373985082671104,'按天结婚','/up/mooc/played-08.png','5fd714ac321ddb740ec838396e7d11a5_5','张三',1,'2017-09-08 10:05:48'),(600133347317907456,502371178464149504,502371304695922688,'可1','/up/mooc/played-03.png','5fd714ac32cafc3de9b3a94f20a2c3a4_5','张三',1,'2017-09-08 10:11:22'),(600144537406406656,502371512871813120,502371644833005568,'课程3','/up/mooc/played-04.png','5fd714ac32ab5f4ad47dc2b0830a091f_5','张三',1,'2017-09-08 10:55:50'),(600144591596814336,502371512871813120,502371644833005568,'课程3','/up/mooc/played-04.png','5fd714ac32ab5f4ad47dc2b0830a091f_5','张三',1,'2017-09-08 10:56:03'),(600154310562545664,502371512871813120,502371644833005568,'课程3','/up/mooc/played-04.png','5fd714ac32ab5f4ad47dc2b0830a091f_5','张三',1,'2017-09-08 11:34:40'),(600154514216976384,502371512871813120,502371644833005568,'课程3','/up/mooc/played-04.png','5fd714ac32ab5f4ad47dc2b0830a091f_5','张三',1,'2017-09-08 11:35:28'),(600156113744166912,502371512871813120,502371644833005568,'课程3','/up/mooc/played-04.png','5fd714ac32ab5f4ad47dc2b0830a091f_5','张三',1,'2017-09-08 11:41:50'),(600157080178917376,502384164473929728,599423800106287104,'测试课程上传1','http://img.videocc.net/uimage/5/5fd714ac32/e/5fd714ac32fe45046b0692b4d84fdbce_0.jpg','5fd714ac32fe45046b0692b4d84fdbce_5','顾春红',5,'2017-09-08 11:45:40'),(600157477043961856,502373641816637440,502373985082671104,'按天结婚','/up/mooc/played-08.png','5fd714ac321ddb740ec838396e7d11a5_5','张三',1,'2017-09-08 11:47:15'),(600157496132239360,502373641816637440,502373985082671104,'按天结婚','/up/mooc/played-08.png','5fd714ac321ddb740ec838396e7d11a5_5','张三',1,'2017-09-08 11:47:19'),(600188652298960896,502370438672809984,502370539747147776,'课时1','/up/mooc/played-01.png','5fd714ac321caaa35eb676ca80540a43_5','张三',1,'2017-09-08 13:51:08'),(600188779226988544,502370438672809984,502370539747147776,'课时1','/up/mooc/played-01.png','5fd714ac321caaa35eb676ca80540a43_5','张三',1,'2017-09-08 13:51:38'),(600188824559026176,502370438672809984,502370539747147776,'课时1','/up/mooc/played-01.png','5fd714ac321caaa35eb676ca80540a43_5','张三',1,'2017-09-08 13:51:49'),(600188885212856320,502370438672809984,502370539747147776,'课时1','/up/mooc/played-01.png','5fd714ac321caaa35eb676ca80540a43_5','张三',1,'2017-09-08 13:52:03'),(600189064267694080,502370438672809984,502370724854366208,'课时2','/up/mooc/played-02.png','5fd714ac3299ea8a5117ce6584b86602_5','张三',1,'2017-09-08 13:52:46'),(600189400839618560,588910930155274240,588911282359369728,'第一课程','http://img.videocc.net/uimage/5/5fd714ac32/7/5fd714ac32042bd0a7148b575a765257_0.jpg','5fd714ac32042bd0a7148b575a765257_5','顾春红',11,'2017-09-08 13:54:06'),(600189581974831104,502373641816637440,502373985082671104,'按天结婚','/up/mooc/played-08.png','5fd714ac321ddb740ec838396e7d11a5_5','张三',1,'2017-09-08 13:54:49'),(600189672131395584,502370438672809984,502370539747147776,'课时1','/up/mooc/played-01.png','5fd714ac321caaa35eb676ca80540a43_5','张三',1,'2017-09-08 13:55:11'),(600189723389984768,502370438672809984,502370539747147776,'课时1','/up/mooc/played-01.png','5fd714ac321caaa35eb676ca80540a43_5','张三',1,'2017-09-08 13:55:23'),(600189754629160960,502370438672809984,502370539747147776,'课时1','/up/mooc/played-01.png','5fd714ac321caaa35eb676ca80540a43_5','张三',1,'2017-09-08 13:55:30'),(600190502033162240,502384164473929728,599423800106287104,'测试课程上传1','http://img.videocc.net/uimage/5/5fd714ac32/e/5fd714ac32fe45046b0692b4d84fdbce_0.jpg','5fd714ac32fe45046b0692b4d84fdbce_5','顾春红',5,'2017-09-08 13:58:29'),(600190538322280448,502370438672809984,502370539747147776,'课时1','/up/mooc/played-01.png','5fd714ac321caaa35eb676ca80540a43_5','张三',5,'2017-09-08 13:58:37'),(600190633847554048,502370438672809984,502370539747147776,'课时1','/up/mooc/played-01.png','5fd714ac321caaa35eb676ca80540a43_5','张三',1,'2017-09-08 13:59:00'),(600190699853316096,502370438672809984,502370539747147776,'课时1','/up/mooc/played-01.png','5fd714ac321caaa35eb676ca80540a43_5','张三',5,'2017-09-08 13:59:16'),(600190749983637504,502370438672809984,502370539747147776,'课时1','/up/mooc/played-01.png','5fd714ac321caaa35eb676ca80540a43_5','张三',5,'2017-09-08 13:59:28'),(600190978640314368,502370438672809984,502370539747147776,'课时1','/up/mooc/played-01.png','5fd714ac321caaa35eb676ca80540a43_5','张三',1,'2017-09-08 14:00:22'),(600191694092107776,502370438672809984,502370539747147776,'课时1','/up/mooc/played-01.png','5fd714ac321caaa35eb676ca80540a43_5','张三',1,'2017-09-08 14:03:13'),(600192737647525888,502370438672809984,502370539747147776,'课时1','/up/mooc/played-01.png','5fd714ac321caaa35eb676ca80540a43_5','张三',5,'2017-09-08 14:07:22'),(600193837582778368,502370438672809984,502370539747147776,'课时1','/up/mooc/played-01.png','5fd714ac321caaa35eb676ca80540a43_5','张三',5,'2017-09-08 14:11:44'),(600197261317636096,502394079452069888,502394158263042048,'爱打哈的','/up/mooc/played-06.png','5fd714ac326ef1279a4c96df44a355b4_5','顾春红',5,'2017-09-08 14:25:20'),(600197911258595328,502370438672809984,502370539747147776,'课时1','/up/mooc/played-01.png','5fd714ac321caaa35eb676ca80540a43_5','张三',1,'2017-09-08 14:27:55'),(600198201525403648,502371512871813120,502371644833005568,'课程3','/up/mooc/played-04.png','5fd714ac32ab5f4ad47dc2b0830a091f_5','张三',1,'2017-09-08 14:29:04'),(600198336003178496,502370438672809984,502370539747147776,'课时1','/up/mooc/played-01.png','5fd714ac321caaa35eb676ca80540a43_5','张三',5,'2017-09-08 14:29:36'),(600198634771841024,502370438672809984,502370539747147776,'课时1','/up/mooc/played-01.png','5fd714ac321caaa35eb676ca80540a43_5','张三',1,'2017-09-08 14:30:48'),(600199777149255680,502370438672809984,502370539747147776,'课时1','/up/mooc/played-01.png','5fd714ac321caaa35eb676ca80540a43_5','张三',1,'2017-09-08 14:35:20'),(600199847349321728,502370438672809984,502370539747147776,'课时1','/up/mooc/played-01.png','5fd714ac321caaa35eb676ca80540a43_5','张三',1,'2017-09-08 14:35:37'),(600200488511602688,502370438672809984,502370539747147776,'课时1','/up/mooc/played-01.png','5fd714ac321caaa35eb676ca80540a43_5','张三',1,'2017-09-08 14:38:09'),(600201239606591488,502370438672809984,502370539747147776,'课时1','/up/mooc/played-01.png','5fd714ac321caaa35eb676ca80540a43_5','张三',1,'2017-09-08 14:41:09'),(600202171849375744,502370438672809984,502370539747147776,'课时1','/up/mooc/played-01.png','5fd714ac321caaa35eb676ca80540a43_5','张三',1,'2017-09-08 14:44:51'),(600202544907550720,502370438672809984,502370539747147776,'课时1','/up/mooc/played-01.png','5fd714ac321caaa35eb676ca80540a43_5','张三',5,'2017-09-08 14:46:20'),(600202879445237760,502370438672809984,502370539747147776,'课时1','/up/mooc/played-01.png','5fd714ac321caaa35eb676ca80540a43_5','张三',1,'2017-09-08 14:47:40'),(600203367842578432,502370438672809984,502370539747147776,'课时1','/up/mooc/played-01.png','5fd714ac321caaa35eb676ca80540a43_5','张三',5,'2017-09-08 14:49:36'),(600205387496423424,502394079452069888,502394158263042048,'爱打哈的','/up/mooc/played-06.png','5fd714ac326ef1279a4c96df44a355b4_5','顾春红',5,'2017-09-08 14:57:37'),(600205451774132224,502373254678183936,502373454171865088,'安顿好阿道夫','/up/mooc/played-07.png','5fd714ac32515486f03ae63e21af6dde_5','张三',5,'2017-09-08 14:57:53'),(600205830226182144,502373254678183936,502373454171865088,'安顿好阿道夫','/up/mooc/played-07.png','5fd714ac32515486f03ae63e21af6dde_5','张三',5,'2017-09-08 14:59:23'),(600206167804739584,502373254678183936,502373454171865088,'安顿好阿道夫','/up/mooc/played-07.png','5fd714ac32515486f03ae63e21af6dde_5','张三',5,'2017-09-08 15:00:44'),(600207673350160384,502373254678183936,502373454171865088,'安顿好阿道夫','/up/mooc/played-07.png','5fd714ac32515486f03ae63e21af6dde_5','张三',5,'2017-09-08 15:06:42'),(600208726577643520,502373254678183936,502373454171865088,'安顿好阿道夫','/up/mooc/played-07.png','5fd714ac32515486f03ae63e21af6dde_5','张三',5,'2017-09-08 15:10:54'),(600215008873283584,502384433635000320,502384504334188544,'人家','/up/mooc/played-09.png','5fd714ac32ab27d235494f61f1b9be47_5','顾春红',5,'2017-09-08 15:35:51'),(600215084257509376,502384433635000320,502384504334188544,'人家','/up/mooc/played-09.png','5fd714ac32ab27d235494f61f1b9be47_5','顾春红',5,'2017-09-08 15:36:09'),(600215167782879232,502384433635000320,502384504334188544,'人家','/up/mooc/played-09.png','5fd714ac32ab27d235494f61f1b9be47_5','顾春红',5,'2017-09-08 15:36:29'),(600228995794993152,502370438672809984,502370539747147776,'课时1','/up/mooc/played-01.png','5fd714ac321caaa35eb676ca80540a43_5','张三',1,'2017-09-08 16:31:26'),(600230012599140352,502370438672809984,502370539747147776,'课时1','/up/mooc/played-01.png','5fd714ac321caaa35eb676ca80540a43_5','张三',1,'2017-09-08 16:35:29'),(600236325076992000,502373641816637440,502373985082671104,'按天结婚','/up/mooc/played-08.png','5fd714ac321ddb740ec838396e7d11a5_5','张三',1,'2017-09-08 17:00:34'),(600479137559216128,502394346570514432,502394456125734912,'市房管局和石帆','/up/mooc/played-07.png','5fd714ac326c412e05f38a52b03c09b5_5','顾春红',1,'2017-09-09 09:05:25'),(600479160074240000,502394346570514432,502394456125734912,'市房管局和石帆','/up/mooc/played-07.png','5fd714ac326c412e05f38a52b03c09b5_5','顾春红',1,'2017-09-09 09:05:30'),(600479193800638464,502394692579622912,502394917172019200,'adf ','/up/mooc/played-08.png','5fd714ac3248dc7f147ca4d332e82e22_5','顾春红',1,'2017-09-09 09:05:38'),(601213116935569408,502394692579622912,502394917172019200,'adf ','/up/mooc/played-08.png','5fd714ac3248dc7f147ca4d332e82e22_5','顾春红',1,'2017-09-11 09:41:59'),(601214132196212736,502394692579622912,502394917172019200,'adf ','/up/mooc/played-08.png','5fd714ac3248dc7f147ca4d332e82e22_5','顾春红',1,'2017-09-11 09:46:01'),(601214931655720960,502394692579622912,502394917172019200,'adf ','/up/mooc/played-08.png','5fd714ac3248dc7f147ca4d332e82e22_5','顾春红',1,'2017-09-11 09:49:12'),(601216112553623552,502384433635000320,601215951890808832,'afdsda','http://img.videocc.net/uimage/5/5fd714ac32/f/5fd714ac3258d2841bccc2e4b1e51a9f_0.jpg','5fd714ac3258d2841bccc2e4b1e51a9f_5','顾春红',5,'2017-09-11 09:53:53'),(601216331957665792,502384433635000320,601215951890808832,'afdsda','http://img.videocc.net/uimage/5/5fd714ac32/f/5fd714ac3258d2841bccc2e4b1e51a9f_0.jpg','5fd714ac3258d2841bccc2e4b1e51a9f_5','顾春红',5,'2017-09-11 09:54:45'),(601216405248933888,502384433635000320,601215951890808832,'afdsda','http://img.videocc.net/uimage/5/5fd714ac32/f/5fd714ac3258d2841bccc2e4b1e51a9f_0.jpg','5fd714ac3258d2841bccc2e4b1e51a9f_5','顾春红',5,'2017-09-11 09:55:03'),(601216497741725696,502384433635000320,601215951890808832,'afdsda','http://img.videocc.net/uimage/5/5fd714ac32/f/5fd714ac3258d2841bccc2e4b1e51a9f_0.jpg','5fd714ac3258d2841bccc2e4b1e51a9f_5','顾春红',5,'2017-09-11 09:55:25'),(601217333771370496,502384433635000320,601215951890808832,'afdsda','http://img.videocc.net/uimage/5/5fd714ac32/f/5fd714ac3258d2841bccc2e4b1e51a9f_0.jpg','5fd714ac3258d2841bccc2e4b1e51a9f_5','顾春红',5,'2017-09-11 09:58:44'),(601217358966554624,502384433635000320,601215951890808832,'afdsda','http://img.videocc.net/uimage/5/5fd714ac32/f/5fd714ac3258d2841bccc2e4b1e51a9f_0.jpg','5fd714ac3258d2841bccc2e4b1e51a9f_5','顾春红',5,'2017-09-11 09:58:50'),(601218184707571712,502384433635000320,601215951890808832,'afdsda','http://img.videocc.net/uimage/5/5fd714ac32/f/5fd714ac3258d2841bccc2e4b1e51a9f_0.jpg','5fd714ac3258d2841bccc2e4b1e51a9f_5','顾春红',5,'2017-09-11 10:02:07'),(601219327244369920,502384433635000320,601215951890808832,'afdsda','http://img.videocc.net/uimage/5/5fd714ac32/f/5fd714ac3258d2841bccc2e4b1e51a9f_0.jpg','5fd714ac3258d2841bccc2e4b1e51a9f_5','顾春红',5,'2017-09-11 10:06:40'),(601220368383868928,502384433635000320,601215951890808832,'afdsda','http://img.videocc.net/uimage/5/5fd714ac32/f/5fd714ac3258d2841bccc2e4b1e51a9f_0.jpg','5fd714ac3258d2841bccc2e4b1e51a9f_5','顾春红',5,'2017-09-11 10:10:48'),(601220448742539264,502384433635000320,601215951890808832,'afdsda','http://img.videocc.net/uimage/5/5fd714ac32/f/5fd714ac3258d2841bccc2e4b1e51a9f_0.jpg','5fd714ac3258d2841bccc2e4b1e51a9f_5','顾春红',5,'2017-09-11 10:11:07'),(601220603285864448,502384433635000320,601215951890808832,'afdsda','http://img.videocc.net/uimage/5/5fd714ac32/f/5fd714ac3258d2841bccc2e4b1e51a9f_0.jpg','5fd714ac3258d2841bccc2e4b1e51a9f_5','顾春红',5,'2017-09-11 10:11:44'),(601221169110056960,502384433635000320,601215951890808832,'afdsda','http://img.videocc.net/uimage/5/5fd714ac32/f/5fd714ac3258d2841bccc2e4b1e51a9f_0.jpg','5fd714ac3258d2841bccc2e4b1e51a9f_5','顾春红',5,'2017-09-11 10:13:59'),(601221931722604544,502384433635000320,601215951890808832,'afdsda','http://img.videocc.net/uimage/5/5fd714ac32/f/5fd714ac3258d2841bccc2e4b1e51a9f_0.jpg','5fd714ac3258d2841bccc2e4b1e51a9f_5','顾春红',5,'2017-09-11 10:17:01'),(601222457453445120,502384433635000320,601215951890808832,'afdsda','http://img.videocc.net/uimage/5/5fd714ac32/f/5fd714ac3258d2841bccc2e4b1e51a9f_0.jpg','5fd714ac3258d2841bccc2e4b1e51a9f_5','顾春红',5,'2017-09-11 10:19:06'),(601223042445606912,502394692579622912,502394917172019200,'adf ','/up/mooc/played-08.png','5fd714ac3248dc7f147ca4d332e82e22_5','顾春红',1,'2017-09-11 10:21:25'),(601228813879214080,502384433635000320,601215951890808832,'afdsda','http://img.videocc.net/uimage/5/5fd714ac32/f/5fd714ac3258d2841bccc2e4b1e51a9f_0.jpg','5fd714ac3258d2841bccc2e4b1e51a9f_5','顾春红',5,'2017-09-11 10:44:21'),(601296791844945920,502384433635000320,601215951890808832,'afdsda','http://img.videocc.net/uimage/5/5fd714ac32/f/5fd714ac3258d2841bccc2e4b1e51a9f_0.jpg','5fd714ac3258d2841bccc2e4b1e51a9f_5','顾春红',5,'2017-09-11 15:14:29'),(601296942449819648,588910930155274240,588911282359369728,'第一课程','http://img.videocc.net/uimage/5/5fd714ac32/7/5fd714ac32042bd0a7148b575a765257_0.jpg','5fd714ac32042bd0a7148b575a765257_5','顾春红',11,'2017-09-11 15:15:04'),(601297238655762432,502384433635000320,601215951890808832,'afdsda','http://img.videocc.net/uimage/5/5fd714ac32/f/5fd714ac3258d2841bccc2e4b1e51a9f_0.jpg','5fd714ac3258d2841bccc2e4b1e51a9f_5','顾春红',5,'2017-09-11 15:16:15'),(601297389180944384,502394692579622912,502394917172019200,'adf ','/up/mooc/played-08.png','5fd714ac3248dc7f147ca4d332e82e22_5','顾春红',1,'2017-09-11 15:16:51'),(601297442066923520,502394692579622912,502394917172019200,'adf ','/up/mooc/played-08.png','5fd714ac3248dc7f147ca4d332e82e22_5','顾春红',1,'2017-09-11 15:17:04'),(601297616398974976,502394692579622912,502394917172019200,'adf ','/up/mooc/played-08.png','5fd714ac3248dc7f147ca4d332e82e22_5','顾春红',1,'2017-09-11 15:17:45'),(601297878626861056,502384433635000320,601215951890808832,'afdsda','http://img.videocc.net/uimage/5/5fd714ac32/f/5fd714ac3258d2841bccc2e4b1e51a9f_0.jpg','5fd714ac3258d2841bccc2e4b1e51a9f_5','顾春红',5,'2017-09-11 15:18:48'),(601305524322959360,588910930155274240,588911282359369728,'第一课程','http://img.videocc.net/uimage/5/5fd714ac32/7/5fd714ac32042bd0a7148b575a765257_0.jpg','5fd714ac32042bd0a7148b575a765257_5','顾春红',11,'2017-09-11 15:49:11'),(601306070077407232,588910930155274240,588911282359369728,'第一课程','http://img.videocc.net/uimage/5/5fd714ac32/7/5fd714ac32042bd0a7148b575a765257_0.jpg','5fd714ac32042bd0a7148b575a765257_5','顾春红',11,'2017-09-11 15:51:21'),(601308296510439424,588910930155274240,588911282359369728,'第一课程','http://img.videocc.net/uimage/5/5fd714ac32/7/5fd714ac32042bd0a7148b575a765257_0.jpg','5fd714ac32042bd0a7148b575a765257_5','顾春红',11,'2017-09-11 16:00:11'),(601308410083803136,502394692579622912,502394917172019200,'adf ','/up/mooc/played-08.png','5fd714ac3248dc7f147ca4d332e82e22_5','顾春红',1,'2017-09-11 16:00:39'),(601310715533328384,502384433635000320,601215951890808832,'afdsda','http://img.videocc.net/uimage/5/5fd714ac32/f/5fd714ac3258d2841bccc2e4b1e51a9f_0.jpg','5fd714ac3258d2841bccc2e4b1e51a9f_5','顾春红',5,'2017-09-11 16:09:48'),(601312386363686912,502394692579622912,502394917172019200,'adf ','/up/mooc/played-08.png','5fd714ac3248dc7f147ca4d332e82e22_5','顾春红',1,'2017-09-11 16:16:27'),(601314821291376640,502394692579622912,502394917172019200,'adf ','/up/mooc/played-08.png','5fd714ac3248dc7f147ca4d332e82e22_5','顾春红',1,'2017-09-11 16:26:07'),(601315828457013248,502394692579622912,502394917172019200,'adf ','/up/mooc/played-08.png','5fd714ac3248dc7f147ca4d332e82e22_5','顾春红',1,'2017-09-11 16:30:07'),(601316012654067712,502384433635000320,601215951890808832,'afdsda','http://img.videocc.net/uimage/5/5fd714ac32/f/5fd714ac3258d2841bccc2e4b1e51a9f_0.jpg','5fd714ac3258d2841bccc2e4b1e51a9f_5','顾春红',5,'2017-09-11 16:30:51'),(601316356377280512,502394692579622912,502394917172019200,'adf ','/up/mooc/played-08.png','5fd714ac3248dc7f147ca4d332e82e22_5','顾春红',1,'2017-09-11 16:32:13'),(601316356498915328,502384433635000320,601215951890808832,'afdsda','http://img.videocc.net/uimage/5/5fd714ac32/f/5fd714ac3258d2841bccc2e4b1e51a9f_0.jpg','5fd714ac3258d2841bccc2e4b1e51a9f_5','顾春红',5,'2017-09-11 16:32:13'),(601316899720003584,502394692579622912,502394917172019200,'adf ','/up/mooc/played-08.png','5fd714ac3248dc7f147ca4d332e82e22_5','顾春红',1,'2017-09-11 16:34:23'),(601317962200121344,502384433635000320,601215951890808832,'afdsda','http://img.videocc.net/uimage/5/5fd714ac32/f/5fd714ac3258d2841bccc2e4b1e51a9f_0.jpg','5fd714ac3258d2841bccc2e4b1e51a9f_5','顾春红',5,'2017-09-11 16:38:36'),(601320144471326720,502384433635000320,601215951890808832,'afdsda','http://img.videocc.net/uimage/5/5fd714ac32/f/5fd714ac3258d2841bccc2e4b1e51a9f_0.jpg','5fd714ac3258d2841bccc2e4b1e51a9f_5','顾春红',5,'2017-09-11 16:47:16'),(601322552438030336,502384433635000320,601215951890808832,'afdsda','http://img.videocc.net/uimage/5/5fd714ac32/f/5fd714ac3258d2841bccc2e4b1e51a9f_0.jpg','5fd714ac3258d2841bccc2e4b1e51a9f_5','顾春红',5,'2017-09-11 16:56:50'),(601324331909251072,502384433635000320,601215951890808832,'afdsda','http://img.videocc.net/uimage/5/5fd714ac32/f/5fd714ac3258d2841bccc2e4b1e51a9f_0.jpg','5fd714ac3258d2841bccc2e4b1e51a9f_5','顾春红',5,'2017-09-11 17:03:55'),(601324629503508480,502384433635000320,601215951890808832,'afdsda','http://img.videocc.net/uimage/5/5fd714ac32/f/5fd714ac3258d2841bccc2e4b1e51a9f_0.jpg','5fd714ac3258d2841bccc2e4b1e51a9f_5','顾春红',5,'2017-09-11 17:05:06'),(601325916970287104,502384433635000320,601215951890808832,'afdsda','http://img.videocc.net/uimage/5/5fd714ac32/f/5fd714ac3258d2841bccc2e4b1e51a9f_0.jpg','5fd714ac3258d2841bccc2e4b1e51a9f_5','顾春红',5,'2017-09-11 17:10:13'),(601326002953519104,502384433635000320,601215951890808832,'afdsda','http://img.videocc.net/uimage/5/5fd714ac32/f/5fd714ac3258d2841bccc2e4b1e51a9f_0.jpg','5fd714ac3258d2841bccc2e4b1e51a9f_5','顾春红',5,'2017-09-11 17:10:33'),(601326383456583680,502384433635000320,601215951890808832,'afdsda','http://img.videocc.net/uimage/5/5fd714ac32/f/5fd714ac3258d2841bccc2e4b1e51a9f_0.jpg','5fd714ac3258d2841bccc2e4b1e51a9f_5','顾春红',5,'2017-09-11 17:12:04'),(601326490704936960,502384433635000320,601215951890808832,'afdsda','http://img.videocc.net/uimage/5/5fd714ac32/f/5fd714ac3258d2841bccc2e4b1e51a9f_0.jpg','5fd714ac3258d2841bccc2e4b1e51a9f_5','顾春红',5,'2017-09-11 17:12:29'),(601326836420444160,502384433635000320,601215951890808832,'afdsda','http://img.videocc.net/uimage/5/5fd714ac32/f/5fd714ac3258d2841bccc2e4b1e51a9f_0.jpg','5fd714ac3258d2841bccc2e4b1e51a9f_5','顾春红',5,'2017-09-11 17:13:52'),(601326898609389568,502384433635000320,601215951890808832,'afdsda','http://img.videocc.net/uimage/5/5fd714ac32/f/5fd714ac3258d2841bccc2e4b1e51a9f_0.jpg','5fd714ac3258d2841bccc2e4b1e51a9f_5','顾春红',5,'2017-09-11 17:14:07'),(601327102435786752,502384433635000320,601215951890808832,'afdsda','http://img.videocc.net/uimage/5/5fd714ac32/f/5fd714ac3258d2841bccc2e4b1e51a9f_0.jpg','5fd714ac3258d2841bccc2e4b1e51a9f_5','顾春红',5,'2017-09-11 17:14:55'),(601327519844532224,502384433635000320,601215951890808832,'afdsda','http://img.videocc.net/uimage/5/5fd714ac32/f/5fd714ac3258d2841bccc2e4b1e51a9f_0.jpg','5fd714ac3258d2841bccc2e4b1e51a9f_5','顾春红',5,'2017-09-11 17:16:35'),(601329268168851456,588910930155274240,588911282359369728,'第一课程','http://img.videocc.net/uimage/5/5fd714ac32/7/5fd714ac32042bd0a7148b575a765257_0.jpg','5fd714ac32042bd0a7148b575a765257_5','顾春红',11,'2017-09-11 17:23:32'),(601329464101568512,502394692579622912,502394917172019200,'adf ','/up/mooc/played-08.png','5fd714ac3248dc7f147ca4d332e82e22_5','顾春红',1,'2017-09-11 17:24:18'),(601329482128687104,502394692579622912,502394917172019200,'adf ','/up/mooc/played-08.png','5fd714ac3248dc7f147ca4d332e82e22_5','顾春红',1,'2017-09-11 17:24:23'),(601329548725846016,502384433635000320,601215951890808832,'afdsda','http://img.videocc.net/uimage/5/5fd714ac32/f/5fd714ac3258d2841bccc2e4b1e51a9f_0.jpg','5fd714ac3258d2841bccc2e4b1e51a9f_5','顾春红',5,'2017-09-11 17:24:38'),(601329664950009856,502384433635000320,601215951890808832,'afdsda','http://img.videocc.net/uimage/5/5fd714ac32/f/5fd714ac3258d2841bccc2e4b1e51a9f_0.jpg','5fd714ac3258d2841bccc2e4b1e51a9f_5','顾春红',5,'2017-09-11 17:25:06'),(601331205706612736,502384433635000320,601215951890808832,'afdsda','http://img.videocc.net/uimage/5/5fd714ac32/f/5fd714ac3258d2841bccc2e4b1e51a9f_0.jpg','5fd714ac3258d2841bccc2e4b1e51a9f_5','顾春红',5,'2017-09-11 17:31:13'),(601334629638602752,502384433635000320,601215951890808832,'afdsda','http://img.videocc.net/uimage/5/5fd714ac32/f/5fd714ac3258d2841bccc2e4b1e51a9f_0.jpg','5fd714ac3258d2841bccc2e4b1e51a9f_5','顾春红',5,'2017-09-11 17:44:50'),(601334631924498432,502394692579622912,502394917172019200,'adf ','/up/mooc/played-08.png','5fd714ac3248dc7f147ca4d332e82e22_5','顾春红',1,'2017-09-11 17:44:50'),(601334876431450112,502384433635000320,601215951890808832,'afdsda','http://img.videocc.net/uimage/5/5fd714ac32/f/5fd714ac3258d2841bccc2e4b1e51a9f_0.jpg','5fd714ac3258d2841bccc2e4b1e51a9f_5','顾春红',5,'2017-09-11 17:45:49'),(601334957322797056,502384433635000320,601215951890808832,'afdsda','http://img.videocc.net/uimage/5/5fd714ac32/f/5fd714ac3258d2841bccc2e4b1e51a9f_0.jpg','5fd714ac3258d2841bccc2e4b1e51a9f_5','顾春红',5,'2017-09-11 17:46:08'),(601335149224787968,502384433635000320,601215951890808832,'afdsda','http://img.videocc.net/uimage/5/5fd714ac32/f/5fd714ac3258d2841bccc2e4b1e51a9f_0.jpg','5fd714ac3258d2841bccc2e4b1e51a9f_5','顾春红',5,'2017-09-11 17:46:54'),(601335542923132928,502384433635000320,601215951890808832,'afdsda','http://img.videocc.net/uimage/5/5fd714ac32/f/5fd714ac3258d2841bccc2e4b1e51a9f_0.jpg','5fd714ac3258d2841bccc2e4b1e51a9f_5','顾春红',5,'2017-09-11 17:48:28'),(601335844359372800,502384433635000320,601215951890808832,'afdsda','http://img.videocc.net/uimage/5/5fd714ac32/f/5fd714ac3258d2841bccc2e4b1e51a9f_0.jpg','5fd714ac3258d2841bccc2e4b1e51a9f_5','顾春红',5,'2017-09-11 17:49:39'),(601336043320377344,502384433635000320,601215951890808832,'afdsda','http://img.videocc.net/uimage/5/5fd714ac32/f/5fd714ac3258d2841bccc2e4b1e51a9f_0.jpg','5fd714ac3258d2841bccc2e4b1e51a9f_5','顾春红',5,'2017-09-11 17:50:27'),(601336246924476416,502384433635000320,601215951890808832,'afdsda','http://img.videocc.net/uimage/5/5fd714ac32/f/5fd714ac3258d2841bccc2e4b1e51a9f_0.jpg','5fd714ac3258d2841bccc2e4b1e51a9f_5','顾春红',5,'2017-09-11 17:51:15'),(601336447496093696,502384433635000320,601215951890808832,'afdsda','http://img.videocc.net/uimage/5/5fd714ac32/f/5fd714ac3258d2841bccc2e4b1e51a9f_0.jpg','5fd714ac3258d2841bccc2e4b1e51a9f_5','顾春红',5,'2017-09-11 17:52:03'),(601336533491908608,502384433635000320,601215951890808832,'afdsda','http://img.videocc.net/uimage/5/5fd714ac32/f/5fd714ac3258d2841bccc2e4b1e51a9f_0.jpg','5fd714ac3258d2841bccc2e4b1e51a9f_5','顾春红',5,'2017-09-11 17:52:24'),(601337290098212864,502384433635000320,601215951890808832,'afdsda','http://img.videocc.net/uimage/5/5fd714ac32/f/5fd714ac3258d2841bccc2e4b1e51a9f_0.jpg','5fd714ac3258d2841bccc2e4b1e51a9f_5','顾春红',5,'2017-09-11 17:55:24'),(601337373673914368,502384433635000320,601215951890808832,'afdsda','http://img.videocc.net/uimage/5/5fd714ac32/f/5fd714ac3258d2841bccc2e4b1e51a9f_0.jpg','5fd714ac3258d2841bccc2e4b1e51a9f_5','顾春红',5,'2017-09-11 17:55:44'),(601337697998471168,502384433635000320,601215951890808832,'afdsda','http://img.videocc.net/uimage/5/5fd714ac32/f/5fd714ac3258d2841bccc2e4b1e51a9f_0.jpg','5fd714ac3258d2841bccc2e4b1e51a9f_5','顾春红',5,'2017-09-11 17:57:01'),(601337869453230080,502384433635000320,601215951890808832,'afdsda','http://img.videocc.net/uimage/5/5fd714ac32/f/5fd714ac3258d2841bccc2e4b1e51a9f_0.jpg','5fd714ac3258d2841bccc2e4b1e51a9f_5','顾春红',5,'2017-09-11 17:57:42'),(601338061120339968,502384433635000320,601215951890808832,'afdsda','http://img.videocc.net/uimage/5/5fd714ac32/f/5fd714ac3258d2841bccc2e4b1e51a9f_0.jpg','5fd714ac3258d2841bccc2e4b1e51a9f_5','顾春红',5,'2017-09-11 17:58:28'),(601338441942171648,502384433635000320,601215951890808832,'afdsda','http://img.videocc.net/uimage/5/5fd714ac32/f/5fd714ac3258d2841bccc2e4b1e51a9f_0.jpg','5fd714ac3258d2841bccc2e4b1e51a9f_5','顾春红',5,'2017-09-11 17:59:59'),(601338643696582656,502384433635000320,601215951890808832,'afdsda','http://img.videocc.net/uimage/5/5fd714ac32/f/5fd714ac3258d2841bccc2e4b1e51a9f_0.jpg','5fd714ac3258d2841bccc2e4b1e51a9f_5','顾春红',5,'2017-09-11 18:00:47'),(601338781919870976,502384433635000320,601215951890808832,'afdsda','http://img.videocc.net/uimage/5/5fd714ac32/f/5fd714ac3258d2841bccc2e4b1e51a9f_0.jpg','5fd714ac3258d2841bccc2e4b1e51a9f_5','顾春红',5,'2017-09-11 18:01:20'),(601339275694309376,502384433635000320,601215951890808832,'afdsda','http://img.videocc.net/uimage/5/5fd714ac32/f/5fd714ac3258d2841bccc2e4b1e51a9f_0.jpg','5fd714ac3258d2841bccc2e4b1e51a9f_5','顾春红',5,'2017-09-11 18:03:17'),(601339303619985408,502384433635000320,601215951890808832,'afdsda','http://img.videocc.net/uimage/5/5fd714ac32/f/5fd714ac3258d2841bccc2e4b1e51a9f_0.jpg','5fd714ac3258d2841bccc2e4b1e51a9f_5','顾春红',5,'2017-09-11 18:03:24'),(601339380300251136,502384433635000320,601215951890808832,'afdsda','http://img.videocc.net/uimage/5/5fd714ac32/f/5fd714ac3258d2841bccc2e4b1e51a9f_0.jpg','5fd714ac3258d2841bccc2e4b1e51a9f_5','顾春红',5,'2017-09-11 18:03:42'),(601339783200899072,502384433635000320,601215951890808832,'afdsda','http://img.videocc.net/uimage/5/5fd714ac32/f/5fd714ac3258d2841bccc2e4b1e51a9f_0.jpg','5fd714ac3258d2841bccc2e4b1e51a9f_5','顾春红',5,'2017-09-11 18:05:18'),(601340120456495104,502384433635000320,601215951890808832,'afdsda','http://img.videocc.net/uimage/5/5fd714ac32/f/5fd714ac3258d2841bccc2e4b1e51a9f_0.jpg','5fd714ac3258d2841bccc2e4b1e51a9f_5','顾春红',5,'2017-09-11 18:06:39'),(601340186684555264,502384433635000320,601215951890808832,'afdsda','http://img.videocc.net/uimage/5/5fd714ac32/f/5fd714ac3258d2841bccc2e4b1e51a9f_0.jpg','5fd714ac3258d2841bccc2e4b1e51a9f_5','顾春红',5,'2017-09-11 18:06:55'),(601340405941796864,502384433635000320,601215951890808832,'afdsda','http://img.videocc.net/uimage/5/5fd714ac32/f/5fd714ac3258d2841bccc2e4b1e51a9f_0.jpg','5fd714ac3258d2841bccc2e4b1e51a9f_5','顾春红',5,'2017-09-11 18:07:47'),(601340501718728704,502384433635000320,601215951890808832,'afdsda','http://img.videocc.net/uimage/5/5fd714ac32/f/5fd714ac3258d2841bccc2e4b1e51a9f_0.jpg','5fd714ac3258d2841bccc2e4b1e51a9f_5','顾春红',5,'2017-09-11 18:08:10'),(601340896151076864,502384433635000320,601215951890808832,'afdsda','http://img.videocc.net/uimage/5/5fd714ac32/f/5fd714ac3258d2841bccc2e4b1e51a9f_0.jpg','5fd714ac3258d2841bccc2e4b1e51a9f_5','顾春红',5,'2017-09-11 18:09:44'),(601344483694477312,502384433635000320,601215951890808832,'afdsda','http://img.videocc.net/uimage/5/5fd714ac32/f/5fd714ac3258d2841bccc2e4b1e51a9f_0.jpg','5fd714ac3258d2841bccc2e4b1e51a9f_5','顾春红',5,'2017-09-11 18:23:59'),(601585016274681856,502394692579622912,502394917172019200,'adf ','/up/mooc/played-08.png','5fd714ac3248dc7f147ca4d332e82e22_5','顾春红',1,'2017-09-12 10:19:47'),(601590239902826496,588910930155274240,588911282359369728,'第一课程','http://img.videocc.net/uimage/5/5fd714ac32/7/5fd714ac32042bd0a7148b575a765257_0.jpg','5fd714ac32042bd0a7148b575a765257_5','顾春红',31,'2017-09-12 10:40:32'),(601590332622110720,588910930155274240,588911282359369728,'第一课程','http://img.videocc.net/uimage/5/5fd714ac32/7/5fd714ac32042bd0a7148b575a765257_0.jpg','5fd714ac32042bd0a7148b575a765257_5','顾春红',31,'2017-09-12 10:40:54'),(601591431940800512,502394692579622912,502394917172019200,'adf ','/up/mooc/played-08.png','5fd714ac3248dc7f147ca4d332e82e22_5','顾春红',1,'2017-09-12 10:45:16'),(601591759784378368,502394692579622912,502394917172019200,'adf ','/up/mooc/played-08.png','5fd714ac3248dc7f147ca4d332e82e22_5','顾春红',1,'2017-09-12 10:46:34'),(601592229940690944,502394692579622912,502394917172019200,'adf ','/up/mooc/played-08.png','5fd714ac3248dc7f147ca4d332e82e22_5','顾春红',1,'2017-09-12 10:48:26'),(601592232897675264,502394692579622912,502394917172019200,'adf ','/up/mooc/played-08.png','5fd714ac3248dc7f147ca4d332e82e22_5','顾春红',1,'2017-09-12 10:48:27'),(601592232897675265,502394692579622912,502394917172019200,'adf ','/up/mooc/played-08.png','5fd714ac3248dc7f147ca4d332e82e22_5','顾春红',1,'2017-09-12 10:48:27'),(601592244092272640,502394692579622912,502394917172019200,'adf ','/up/mooc/played-08.png','5fd714ac3248dc7f147ca4d332e82e22_5','顾春红',1,'2017-09-12 10:48:30'),(601592273863442432,502394692579622912,502394917172019200,'adf ','/up/mooc/played-08.png','5fd714ac3248dc7f147ca4d332e82e22_5','顾春红',1,'2017-09-12 10:48:37'),(601593737847504896,588910930155274240,588911282359369728,'第一课程','http://img.videocc.net/uimage/5/5fd714ac32/7/5fd714ac32042bd0a7148b575a765257_0.jpg','5fd714ac32042bd0a7148b575a765257_5','顾春红',31,'2017-09-12 10:54:26'),(601652806125879296,588910930155274240,588911282359369728,'第一课程','http://img.videocc.net/uimage/5/5fd714ac32/7/5fd714ac32042bd0a7148b575a765257_0.jpg','5fd714ac32042bd0a7148b575a765257_5','顾春红',31,'2017-09-12 14:49:09'),(601654055818756096,588910930155274240,588911282359369728,'第一课程','http://img.videocc.net/uimage/5/5fd714ac32/7/5fd714ac32042bd0a7148b575a765257_0.jpg','5fd714ac32042bd0a7148b575a765257_5','顾春红',31,'2017-09-12 14:54:07'),(601657232291004416,502384433635000320,601215951890808832,'afdsda','http://img.videocc.net/uimage/5/5fd714ac32/f/5fd714ac3258d2841bccc2e4b1e51a9f_0.jpg','5fd714ac3258d2841bccc2e4b1e51a9f_5','顾春红',11,'2017-09-12 15:06:44'),(601660483820322816,502373254678183936,502373454171865088,'安顿好阿道夫','/up/mooc/played-07.png','5fd714ac32515486f03ae63e21af6dde_5','张三',5,'2017-09-12 15:19:39'),(601660746060791808,502373254678183936,502373454171865088,'安顿好阿道夫','/up/mooc/played-07.png','5fd714ac32515486f03ae63e21af6dde_5','张三',5,'2017-09-12 15:20:42'),(601660853728575488,502373254678183936,502373454171865088,'安顿好阿道夫','/up/mooc/played-07.png','5fd714ac32515486f03ae63e21af6dde_5','张三',5,'2017-09-12 15:21:08'),(601660873978675200,502373254678183936,502373454171865088,'安顿好阿道夫','/up/mooc/played-07.png','5fd714ac32515486f03ae63e21af6dde_5','张三',5,'2017-09-12 15:21:13'),(601663081155657728,502373254678183936,502373454171865088,'安顿好阿道夫','/up/mooc/played-07.png','5fd714ac32515486f03ae63e21af6dde_5','张三',5,'2017-09-12 15:29:59'),(601663983337865216,502373254678183936,502373454171865088,'安顿好阿道夫','/up/mooc/played-07.png','5fd714ac32515486f03ae63e21af6dde_5','张三',5,'2017-09-12 15:33:34'),(601669030008324096,502371512871813120,502371644833005568,'课程3','/up/mooc/played-04.png','5fd714ac32ab5f4ad47dc2b0830a091f_5','张三',1,'2017-09-12 15:53:37'),(601669199231713280,502371512871813120,502371644833005568,'课程3','/up/mooc/played-04.png','5fd714ac32ab5f4ad47dc2b0830a091f_5','张三',1,'2017-09-12 15:54:17'),(601684487239106560,502396887379214336,502396945445158912,'adhadf','/up/mooc/played-01.png','5fd714ac32308ce46ef64cbb4ba1cdd4_5','顾春红',5,'2017-09-12 16:55:02'),(601684506151223296,502396887379214336,502396945445158912,'adhadf','/up/mooc/played-01.png','5fd714ac32308ce46ef64cbb4ba1cdd4_5','顾春红',5,'2017-09-12 16:55:07'),(601684516376936448,502397542760185856,502397609260875776,'adfhadfh','/up/mooc/played-03.png','5fd714ac3287d5fefaf3e48ca4b15994_5','顾春红',5,'2017-09-12 16:55:09'),(601684552397619200,502397542760185856,502397609260875776,'adfhadfh','/up/mooc/played-03.png','5fd714ac3287d5fefaf3e48ca4b15994_5','顾春红',5,'2017-09-12 16:55:18'),(601684832228999168,502397542760185856,502397609260875776,'adfhadfh','/up/mooc/played-03.png','5fd714ac3287d5fefaf3e48ca4b15994_5','顾春红',5,'2017-09-12 16:56:25');

/*!40101 SET SQL_MODE=@OLD_SQL_MODE */;
/*!40014 SET FOREIGN_KEY_CHECKS=@OLD_FOREIGN_KEY_CHECKS */;
/*!40014 SET UNIQUE_CHECKS=@OLD_UNIQUE_CHECKS */;
/*!40111 SET SQL_NOTES=@OLD_SQL_NOTES */;
